node_id,word,definition,pos_group,cluster,x,y,z
W663,ZIP,,other,0,-0.20891514725207078,-0.1195107701201324,-0.9706037487429865
W1327,ZIP,,other,0,-0.23789399124018887,-0.13489165109137777,-0.9618787300890143
W8,ARM,,other,1,0.010977078295973018,-0.3858847277114847,0.9224816966591356
W49,HSM,,other,1,0.021928517782415453,-0.3905314042359772,0.920328399221355
W130,SPICE,,other,1,0.014377921724097704,-0.37601772365205804,0.9265009157396557
W145,UEFI,,other,1,0.00847121894217897,-0.3951146999676865,0.9185927347410704
W169,ACPI,,other,1,0.02953933155636004,-0.38281682074335566,0.9233518883108176
W173,AHCI,,other,1,0.0021757492370003332,-0.37843943197923796,0.9256234992903376
W176,APM,,other,1,0.020726082268663307,-0.40061534255856107,0.916011886833615
W182,ATX,,other,1,0.023505902144833647,-0.3703314581155921,0.9286022203798229
W235,ECP,,other,1,-0.0023277317105524758,-0.3925227974735571,0.919739329989001
W269,Hardware Compatibility List (HCL),,other,1,0.034994391685984255,-0.39207970380714735,0.9192654123880805
W322,MBR (Master Boot Record),,other,1,0.005794348659468223,-0.3679171601355952,0.9298405179391632
W324,MDM (mobile device management),,other,1,0.009731234423259221,-0.40578696829943206,0.9139158820345312
W330,ACPI,,other,1,0.03565423576160457,-0.37384952908751057,0.9268038115336505
W398,ECP,,other,1,-0.008445614459699017,-0.3817001205352108,0.9242476343382242
W430,HAL,,other,1,0.031080026148291487,-0.40414741749855876,0.9141656835081196
W432,HCL,,other,1,0.018087573214770912,-0.3614003729862117,0.9322352761511589
W513,NLX,,other,1,-0.004373326521045855,-0.4025066907082018,0.9154065970650813
W572,RISC,,other,1,0.0436132432717824,-0.3854755785978776,0.9216867490183135
W595,SLI,,other,1,-0.0054066063991519715,-0.3676969209417764,0.9299299666841485
W627,UEFI,,other,1,0.01815396824421227,-0.41261636786594974,0.910723979263805
W672,ARM,,other,1,0.03416714752603946,-0.363343939847462,0.9310283494105095
W713,HSM,,other,1,-0.01480732383035752,-0.3905638296140817,0.9204567551809076
W794,SPICE,,other,1,0.04233553428647776,-0.40111515873721126,0.9150488139809266
W809,UEFI,,other,1,0.007407181381290856,-0.3566854686362926,0.9341951670436391
W833,ACPI,,other,1,0.00034967567829158943,-0.4125767078548018,0.9109227946772511
W837,AHCI,,other,1,0.04738709888733365,-0.374729709729506,0.9259223010086118
W840,APM,,other,1,-0.016019479807906988,-0.37345439122434604,0.9275102123113995
W846,ATX,,other,1,0.030398488579964158,-0.4146715070859404,0.9094632884856476
W899,ECP,,other,1,0.026477496150759474,-0.35405801141103777,0.9348485795856183
W933,Hardware Compatibility List (HCL),,other,1,-0.01574337138687607,-0.40229272661180454,0.9153757197853866
W986,MBR (Master Boot Record),,other,1,0.05164872799904857,-0.39264520665466174,0.9182386130996661
W988,MDM (mobile device management),,other,1,-0.005738314789875997,-0.3572101956584926,0.9340063960492955
W994,ACPI,,other,1,0.010652077972426776,-0.420241005291858,0.9073500045220465
W1062,ECP,,other,1,0.0453100767776333,-0.3623679364041034,0.9309331209107541
W1094,HAL,,other,1,-0.023468796817506018,-0.38400593920628107,0.9230323148353153
W1096,HCL,,other,1,0.04375615465310225,-0.4111963555361713,0.9104959945676557
W1177,NLX,,other,1,0.013974256942872706,-0.3482318726821265,0.9373042638285572
W1236,RISC,,other,1,-0.010614812660279535,-0.41438782934977747,0.9100384896469859
W1259,SLI,,other,1,0.05673166226360087,-0.3801681395576332,0.9231758793220806
W1291,UEFI,,other,1,-0.01864663284089369,-0.3633470713048625,0.9314672344521175
W103,RAID,,other,2,-0.7781654303412716,-0.6157849791646306,0.12356141168260865
W193,CD,,other,2,-0.7714640067021894,-0.6253043797619976,0.11763383447574863
W194,CD-ROM,,other,2,-0.7744641947681214,-0.6180817249153132,0.13483394360425827
W229,DVD-ROM,,other,2,-0.7810817461585119,-0.6141337772807856,0.11292036760834763
W354,CD,,other,2,-0.7652263063947002,-0.6312714907240659,0.12619431445409793
W355,CD-ROM,,other,2,-0.7829186129551959,-0.6078377643362025,0.13255828052249083
W356,CD-RW,,other,2,-0.7735889491957788,-0.624773986920581,0.10591318590965179
W357,CDFS,,other,2,-0.7674568069929297,-0.6254165814031936,0.14094023239004352
W390,DVD,,other,2,-0.7878539941767964,-0.6047668368695736,0.11637506984934287
W392,DVD-ROM,,other,2,-0.7627775028790822,-0.6363329143680198,0.11511256748702291
W393,DVD-R,,other,2,-0.7789219748942533,-0.6102363002686387,0.14454139497486493
W394,DVD-RW,,other,2,-0.78158230503178,-0.6156758878069397,0.10036085708256015
W520,OCR,,other,2,-0.7597190558789253,-0.6358244507567287,0.13621389046033028
W562,RAID,,other,2,-0.7903356938111689,-0.5989033915642067,0.12916740556699594
W617,TDR,,other,2,-0.7669972502430374,-0.6336169280010829,0.10121663237872593
W767,RAID,,other,2,-0.769678430001029,-0.6202050356686454,0.1514622993434519
W857,CD,,other,2,-0.7904715114933288,-0.6034714103082629,0.10477140095468782
W858,CD-ROM,,other,2,-0.7559253402828288,-0.6431384340496865,0.12226951609623239
W893,DVD-ROM,,other,2,-0.7862386035308346,-0.6006163046311667,0.14522022217681843
W1018,CD,,other,2,-0.7767467081128384,-0.6230682657056354,0.09192653428929333
W1019,CD-ROM,,other,2,-0.7590872159872338,-0.6338535835530303,0.14837868156083697
W1020,CD-RW,,other,2,-0.7956863203485942,-0.5938905396442742,0.11906849512422313
W1021,CDFS,,other,2,-0.758880822099818,-0.6428552277770306,0.10410117179382032
W1054,DVD,,other,2,-0.7760157190619192,-0.6107740584560815,0.15733611564386527
W1056,DVD-ROM,,other,2,-0.788568296992111,-0.6079126096375476,0.09274858501685317
W1057,DVD-R,,other,2,-0.7517368481329555,-0.645608929239157,0.13446494578810964
W1058,DVD-RW,,other,2,-0.7940001553265331,-0.5918297125099891,0.13892927960579415
W1184,OCR,,other,2,-0.7686820033118955,-0.6334291524083252,0.08885655104538871
W1226,RAID,,other,2,-0.7627803352426887,-0.6266989495590024,0.15941953076299756
W1281,TDR,,other,2,-0.7978055417623484,-0.5936328872430455,0.1053864920982339
W20,DDoS,,other,3,0.49276226469975104,0.6878264094789746,0.5329917268694088
W28,DoS,,other,3,0.4838466688138454,0.6986088022656114,0.5271035405636667
W123,SMB,,other,3,0.4847715053280292,0.6847778312014353,0.5441285781109603
W124,SMS,,other,3,0.4994899799381402,0.691089728569754,0.522402858919034
W213,DDoS,,other,3,0.47258917628397473,0.6998989622879234,0.5355379660187709
W223,DoS,,other,3,0.4981422601241491,0.676962058111547,0.5418271500725882
W374,DDoS,,other,3,0.48962638026984984,0.7032878487160849,0.5154145997079881
W386,DoS,,other,3,0.4728907076582251,0.6883056603771077,0.5500997150547677
W597,SMB,,other,3,0.5091135135479643,0.681463403325445,0.5257480958129556
W684,DDoS,,other,3,0.47128253139518866,0.7090920227090952,0.5244819147807358
W692,DoS,,other,3,0.4895905313828097,0.6736511455123846,0.5536201276418247
W787,SMB,,other,3,0.5030160722741811,0.6978830193341217,0.509837348925072
W788,SMS,,other,3,0.4621983090965031,0.6992695396608343,0.5453391916696049
W877,DDoS,,other,3,0.5102353423714668,0.6707060173838794,0.5383431374505737
W887,DoS,,other,3,0.4807072219882591,0.7128592042814919,0.5106391305016574
W1038,DDoS,,other,3,0.4741392555317697,0.6790778326567266,0.5603974157310346
W1050,DoS,,other,3,0.5156531678090575,0.6853993994746983,0.5141298218623451
W1261,SMB,,other,3,0.45945540375764654,0.7116627640353902,0.531447873495987
W6,APFS,,other,4,-0.835869049353623,0.08731502270400468,0.54194005124448
W15,CIFS,,other,4,-0.8397916732191238,0.07715903474955055,0.5373978311719746
W82,NTFS,,other,4,-0.8306631202792283,0.08307481478449705,0.5505427828575158
W106,ReFS,,other,4,-0.8407567970884374,0.0906215565272842,0.5337749915855594
W165,XFS,,other,4,-0.8362930515147572,0.069048912520479,0.5439174382825714
W196,CDFS,,other,4,-0.830541317680196,0.09511401067614243,0.5487754045136702
W198,CFS,,other,4,-0.8452925188912498,0.07928323662528874,0.5283888018275034
W201,CIFS,,other,4,-0.8284677633921058,0.07368807947632355,0.5551677511916312
W215,DFS,,other,4,-0.8379384559194598,0.1008194298542334,0.5363716870372437
W248,ext2,,other,4,-0.8421225022288777,0.06465035144251739,0.5353970706850502
W250,File Allocation Table (FAT),,other,4,-0.8249518164266594,0.09059642132639718,0.5578949623515213
W271,hard disk drive (HDD),,other,4,-0.8468456814813308,0.09041496395037324,0.52409686704871
W274,HPFS (High-Performance File System),,other,4,-0.83184279120409,0.06226012567451808,0.5515081572132744
W359,CFS,,other,4,-0.8310186227603735,0.10569737048417993,0.5461099838843657
W362,CIFS,,other,4,-0.8484232460859009,0.06958966998814646,0.5247239972900072
W377,DFS,,other,4,-0.8226635031905105,0.07806626272430518,0.5631433380078087
W411,Ext2,,other,4,-0.8432437653737341,0.10374657009768355,0.5274244982471835
W437,HPFS,,other,4,-0.8393084648196726,0.05566436857870391,0.5407982793544913
W504,NAS,,other,4,-0.8233895211668489,0.10140710590507312,0.558342453432107
W509,NFS,,other,4,-0.8516129093924721,0.0829068543158928,0.5175730924840785
W515,NTFS,,other,4,-0.8256157450072026,0.06268206806937246,0.5607402250050804
W590,SFC,,other,4,-0.835175446146161,0.11269494879129043,0.5383138700344707
W670,APFS,,other,4,-0.8479455039416638,0.058393967462929845,0.5268572547750064
W679,CIFS,,other,4,-0.8186188529877498,0.08794212828946477,0.5675644065698096
W746,NTFS,,other,4,-0.8494046061988014,0.10013036248040763,0.5181560821584562
W770,ReFS,,other,4,-0.833572424161108,0.05097089221942363,0.5500536172270205
W829,XFS,,other,4,-0.8252812857210577,0.11222181871285575,0.5534591790217023
W860,CDFS,,other,4,-0.8541330408862104,0.07124161313980733,0.5151518038633982
W862,CFS,,other,4,-0.8193399109390493,0.06922474316802991,0.569113385254389
W865,CIFS,,other,4,-0.8416009617987263,0.11471553910110327,0.5277766252764535
W879,DFS,,other,4,-0.8441580725542234,0.04855684872362594,0.5338907949979748
W912,ext2,,other,4,-0.8172465548118912,0.10070659909877999,0.5674206989051882
W914,File Allocation Table (FAT),,other,4,-0.8548686506433776,0.09088284146758215,0.5108227669886583
W935,hard disk drive (HDD),,other,4,-0.8262243052546758,0.051785834082803295,0.5609559918521031
W938,HPFS (High-Performance File System),,other,4,-0.8302640750174615,0.12043413003044662,0.5442032580380317
W1023,CFS,,other,4,-0.8536552293026707,0.057968512193548094,0.517602551267158
W1026,CIFS,,other,4,-0.8144489565127725,0.08075859211044241,0.5745876321637937
W1041,DFS,,other,4,-0.848956696522605,0.11090096350721863,0.5166947877834615
W1075,Ext2,,other,4,-0.8375980553420205,0.04243014568427637,0.5446367417136642
W1101,HPFS,,other,4,-0.8190796037590566,0.11377974737040004,0.5622835332767934
W1168,NAS,,other,4,-0.8583294250273836,0.07745387702822987,0.5072193756802443
W1173,NFS,,other,4,-0.8186493088571813,0.058532884622730826,0.571303081144677
W1179,NTFS,,other,4,-0.8375985482346678,0.12399095824351615,0.5320290539707688
W1254,SFC,,other,4,-0.8498943543111838,0.045682033655528385,0.5249692736828232
W11,BIOS,,other,5,0.709195730517736,-0.47169676714380393,0.5239690598513413
W55,IOPS,,other,5,0.7192823146429346,-0.46267671076017186,0.5182308492959976
W79,NetBIOS,,other,5,0.706076795135506,-0.46412989666206944,0.5348261384745785
W186,BIOS,,other,5,0.7124889000790136,-0.4780399263086155,0.5136510450870814
W279,I&O,,other,5,0.7202304910891162,-0.4517890170521992,0.526454863949929
W347,BIOS,,other,5,0.6989418478921875,-0.4773180026777444,0.5325859720127666
W442,I/O,,other,5,0.7239060276591781,-0.46805000365245825,0.5068424382385941
W493,MIMO,,other,5,0.7091497479453559,-0.4525513753718406,0.5406513549766555
W506,NetBIOS,,other,5,0.7035271707198646,-0.4876954054226256,0.5169165421889333
W507,NetBEUI,,other,5,0.7289915925403047,-0.4501576804240301,0.5156833531934176
W675,BIOS,,other,5,0.6955581235910898,-0.46922221323275254,0.5440858492144413
W719,IOPS,,other,5,0.7190781421809108,-0.4811586820138751,0.5014109573596497
W743,NetBIOS,,other,5,0.7193657238968365,-0.44181383672580515,0.5360163140800884
W850,BIOS,,other,5,0.6932669816149224,-0.48921391076469833,0.5291981119739984
W943,I&O,,other,5,0.732836041502358,-0.4590764806814615,0.5021953018102399
W1011,BIOS,,other,5,0.7003564409167373,-0.45412952331797524,0.5506970416821114
W1106,I/O,,other,5,0.7074599487224875,-0.49383134069447393,0.5055996715796737
W1157,MIMO,,other,5,0.7311514574297524,-0.438669647730949,0.5224810871772811
W1170,NetBIOS,,other,5,0.687570402817785,-0.480237802981398,0.5446270226095916
W1171,NetBEUI,,other,5,0.7284901412933947,-0.47549964745631995,0.49315535007464456
W58,IPS,,other,6,0.7494330145016437,0.5808014825329348,-0.317836112898651
W129,SPF,,other,6,0.7393352599471951,0.5900395004497399,-0.32440215983842496
W138,TCP,,other,6,0.7497366943318157,0.5871045016522145,-0.30529198042547134
W181,ATM,,other,6,0.7484742036714972,0.575453457907848,-0.3296053461644986
W342,ATM,,other,6,0.7356267801158606,0.5997666960111633,-0.31485417375703334
W518,NTSC,,other,6,0.7585230785038216,0.5743845651093156,-0.3077744478368327
W552,PRI,,other,6,0.7370276915620173,0.5856552126135999,-0.3373398194836818
W615,TCP,,other,6,0.7441477840023809,0.5976433933748303,-0.29844002734178215
W616,TCP/IP,,other,6,0.75764202516127,0.5655976538119609,-0.3256959559342649
W722,IPS,,other,6,0.7283239136491655,0.6021305498478586,-0.32708267723417944
W793,SPF,,other,6,0.7587690741642729,0.581032626027737,-0.29439867456088237
W802,TCP,,other,6,0.7439558967441725,0.5732244063573908,-0.3434288917021848
W845,ATM,,other,6,0.7333396095316996,0.608302239591959,-0.30361390350130774
W1006,ATM,,other,6,0.7656567935134029,0.5628377686200332,-0.3114214519932693
W1182,NTSC,,other,6,0.7275435568303958,0.5944907923806768,-0.3424340384499934
W1216,PRI,,other,6,0.7509410426598495,0.5949143273442595,-0.286643495599439
W1279,TCP,,other,6,0.7559414318962543,0.560355791781646,-0.33845817785866184
W1280,TCP/IP,,other,6,0.7233349647324233,0.61238301626135,-0.31901970188406054
W104,RAM,,other,7,-0.9782684613241507,-0.0696115366167662,-0.19530758190180736
W157,VRAM,,other,7,-0.9762334269977301,-0.08090395695417746,-0.2010543353460058
W224,DRAM,,other,7,-0.9800868825226945,-0.07379479720913576,-0.18434758097628642
W236,EEPROM,,other,7,-0.97637772304865,-0.06640238485884906,-0.205614360440586
W241,EPROM,,other,7,-0.9771724720275952,-0.08940486570077204,-0.19271930339357757
W255,FPM,,other,7,-0.9805688300791183,-0.06074771383825633,-0.18653279802944644
W383,DMA,,other,7,-0.9739843184229873,-0.07901679526388022,-0.21239325208757234
W387,DRAM,,other,7,-0.9803891976815874,-0.08377307633877494,-0.1783790703810042
W391,DVD-RAM,,other,7,-0.9777867924991837,-0.05513581541536312,-0.20222025188551537
W399,EEPROM,,other,7,-0.9745067203055258,-0.09460262328605364,-0.20343794077498165
W404,EPROM,,other,7,-0.9824327461517373,-0.0651945038352111,-0.1748587314332246
W553,PROM,,other,7,-0.9736983240284903,-0.06707640705745312,-0.21774372413544354
W563,RAM,,other,7,-0.9783897868098498,-0.09638963977966526,-0.18292747855181063
W576,ROM,,other,7,-0.9805913087395867,-0.049311279689382696,-0.18976059369579384
W605,SRAM,,other,7,-0.9720636399033061,-0.0897301246821687,-0.21688887639170887
W648,VRAM,,other,7,-0.9826340952135211,-0.07856759511112144,-0.1680992799578857
W768,RAM,,other,7,-0.9755561539864994,-0.052358159832593114,-0.21342168005620787
W821,VRAM,,other,7,-0.9749779880296615,-0.10409124441617136,-0.1964253947266647
W888,DRAM,,other,7,-0.983275207742073,-0.05335489407920278,-0.17413535286546525
W900,EEPROM,,other,7,-0.9712237577973128,-0.07555079089275922,-0.22586830296778027
W905,EPROM,,other,7,-0.9806291175487345,-0.09543302225660201,-0.17105283417284084
W919,FPM,,other,7,-0.9789953799390969,-0.04204001076647571,-0.1995010865951813
W1047,DMA,,other,7,-0.9715103185598565,-0.10179033168355953,-0.21402436615366235
W1051,DRAM,,other,7,-0.9844214016326684,-0.06754816061619949,-0.16233222109285889
W1055,DVD-RAM,,other,7,-0.972698974492759,-0.05672823264364901,-0.22503024828200976
W1063,EEPROM,,other,7,-0.9767980584170786,-0.10870844742918669,-0.18452107340399176
W1068,EPROM,,other,7,-0.9827462644101917,-0.041777941561170574,-0.18017875398260721
W1217,PROM,,other,7,-0.969459457976448,-0.08835046988817011,-0.2287849510141591
W1227,RAM,,other,7,-0.9831563389161866,-0.08784860257388208,-0.16026926179007747
W1240,ROM,,other,7,-0.9762804170715774,-0.040330375465044865,-0.21272049280075295
W1269,SRAM,,other,7,-0.9723310789553183,-0.11212435803309007,-0.20493999422575865
W1312,VRAM,,other,7,-0.9852742410155776,-0.053609294432201374,-0.1623598273639724
W30,DSL,,other,8,0.47972092518256987,0.7636419091881189,-0.4321097875233836
W107,RFID,,other,8,0.4670627865781507,0.7680328031354783,-0.43815290333593887
W117,SC,,other,8,0.47867244540944187,0.7707211229010661,-0.42054921319610744
W120,SIM,,other,8,0.47990693490423025,0.7572952985765589,-0.4429369758607511
W332,ADSL,,other,8,0.46104327226022784,0.7765948997322486,-0.4293477178388635
W389,DSL,,other,8,0.4907431669890025,0.761834222130128,-0.42282355899948
W452,IMSI,,other,8,0.4656311113343048,0.7620000597625741,-0.4500484163725205
W568,RFID,,other,8,0.4705086480445104,0.7791304989222873,-0.4142188766394338
W584,SC,,other,8,0.4917659088636102,0.7517758670500535,-0.4393168976953742
W593,SIM,,other,8,0.45286775169579935,0.7751071933841974,-0.4405901022924416
W694,DSL,,other,8,0.4895806524957097,0.7692937797802694,-0.41048491457453284
W771,RFID,,other,8,0.47569562985701835,0.7524020118546793,-0.455636785490335
W781,SC,,other,8,0.456819627235929,0.7847196985283452,-0.418963987609448
W784,SIM,,other,8,0.5008529388205832,0.753353810718633,-0.4261506418515629
W996,ADSL,,other,8,0.4537593505650207,0.7663826141984349,-0.4547088523760929
W1053,DSL,,other,8,0.47832410758918376,0.7800878153795892,-0.4033225116396441
W1116,IMSI,,other,8,0.49118457772773544,0.7451853688541797,-0.451039329380583
W1232,RFID,,other,8,0.4454205959888177,0.7835793042935578,-0.43313273548854564
W1248,SC,,other,8,0.5011919951748041,0.7622281704167229,-0.4096520477135133
W1257,SIM,,other,8,0.4649920324061989,0.7539077383956749,-0.4641180149335629
W31,DVI,,other,9,0.11195689030350152,-0.9223429003808413,-0.3697961990483772
W41,FRT,,other,9,0.12189465006312995,-0.9191027200847613,-0.3746890500385352
W48,HDMI,,other,9,0.1160157113891034,-0.9255349568457529,-0.3604516588495756
W61,KVM,,other,9,0.10878437240042163,-0.9191586129003252,-0.37856756946758746
W64,LCD,,other,9,0.12974049992614906,-0.9208985180203516,-0.3675776410322491
W184,A/V,,other,9,0.10427470144494484,-0.9262089786470903,-0.3623033459852137
W232,DVI,,other,9,0.1198737511900205,-0.9153786795447089,-0.38433339278628675
W233,DVI-D,,other,9,0.12511348975187062,-0.9263224851588419,-0.3553495014366216
W270,High-Bandwidth Digital Content Protection (HDCP),,other,9,0.09879614203000012,-0.921476770302798,-0.37565926597425053
W276,Home Theater PC (HTPC),,other,9,0.13407782388518202,-0.9165834237757735,-0.3766934621170045
W306,KVM (keyboard video mouse),,other,9,0.10858743066359587,-0.9295511753519693,-0.3523398676046344
W345,A/V,,other,9,0.10902959521776202,-0.9148158922966282,-0.38887585495653326
W381,DLT,,other,9,0.1362683220689227,-0.9232554504263196,-0.35920790311268813
W395,DVI,,other,9,0.09393981453132073,-0.9262455850122827,-0.3650266120313355
W396,DVI-D,,other,9,0.12932445539992,-0.9124824708757419,-0.3881377662377306
W435,HDMI,,other,9,0.12074628956835086,-0.9302226279946538,-0.3465634082274065
W439,HTPC,,other,9,0.0959789218829821,-0.9178380522733846,-0.3851770454650436
W458,IR,,other,9,0.14276625353784642,-0.9177174121429102,-0.370691985751631
W469,KVM,,other,9,0.09800600361400608,-0.9309697189548217,-0.35169618372224576
W473,LCD,,other,9,0.11637141817267646,-0.9109455175290613,-0.39577260785227547
W491,MIDI,,other,9,0.1357500026362796,-0.9272146878418427,-0.34906283021055734
W569,RGB,,other,9,0.08714317196762815,-0.92360902349656,-0.37329939632304693
W578,RTC,,other,9,0.14019425601508098,-0.9119229236795308,-0.38567104097683347
W603,SPDIF,,other,9,0.11104504834810833,-0.933254250092925,-0.34162186979299
W695,DVI,,other,9,0.099546485652651,-0.9132534865319957,-0.3950424869952097
W705,FRT,,other,9,0.1472372835354679,-0.9210565624869619,-0.36052183156751766
W712,HDMI,,other,9,0.0874629944421448,-0.9300703508648156,-0.3568183950490949
W725,KVM,,other,9,0.12773546193616087,-0.9083472559583924,-0.3982322367122157
W728,LCD,,other,9,0.12926847813204664,-0.9315545516136221,-0.3398466976878959
W848,A/V,,other,9,0.08522276777291575,-0.919167121516386,-0.3845372317167807
W896,DVI,,other,9,0.14970003598052087,-0.9136620629833223,-0.3779041332037669
W897,DVI-D,,other,9,0.09856255792557007,-0.934656504267949,-0.3416176828046027
W934,High-Bandwidth Digital Content Protection (HDCP),,other,9,0.10859140419963124,-0.9088167543508587,-0.4028151113663974
W940,Home Theater PC (HTPC),,other,9,0.14632242635371553,-0.9257907986388295,-0.34857014315864704
W970,KVM (keyboard video mouse),,other,9,0.0794930496980542,-0.9269486187064231,-0.36667030603521344
W1009,A/V,,other,9,0.1406291485192227,-0.9076699074512875,-0.3954222827486203
W1045,DLT,,other,9,0.11794163739554235,-0.9352486296801057,-0.3337660420862839
W1059,DVI,,other,9,0.08899826171737793,-0.9137694497344112,-0.3963643552886109
W1060,DVI-D,,other,9,0.15555727438306502,-0.9174730452145075,-0.3661217634767564
W1099,HDMI,,other,9,0.08581861744988063,-0.933925057449382,-0.3470146278864328
W1103,HTPC,,other,9,0.12168529850170397,-0.9054871083147036,-0.40655354481842576
W1122,IR,,other,9,0.13962585101695665,-0.9310144926055616,-0.33721897379328986
W1133,KVM,,other,9,0.07608720134583329,-0.9219840786788592,-0.3796789386495565
W1137,LCD,,other,9,0.1525215122796757,-0.909252269508331,-0.38729510542462303
W1155,MIDI,,other,9,0.10351757686759822,-0.9374228916397955,-0.3324491442448684
W1233,RGB,,other,9,0.09840709458792549,-0.9083664030846864,-0.4064314474567049
W1242,RTC,,other,9,0.1561223261817743,-0.9228233875166091,-0.3521687304687372
W1267,SPDIF,,other,9,0.07529962221357955,-0.930900566839009,-0.3574270576681399
W80,NFC,,other,10,0.9615250898919527,0.012359095441635808,-0.2744389809559428
W98,PoE,,other,10,0.9597965937208255,0.023083529277363703,-0.2797456869336896
W171,ADSL,,other,10,0.964301023112275,0.016208242112723436,-0.264311993129776
W203,CNR,,other,10,0.9587913217930396,0.00943098915300239,-0.2839546754289356
W204,COMx,,other,10,0.9617847348868517,0.03103829974795335,-0.2720418123880675
W226,DSL,,other,10,0.9638751829471865,0.00390818788480943,-0.26632566111057426
W242,EPP,,other,10,0.956722757070769,0.02141720441695518,-0.2902117665737707
W266,Global System for Mobile Communications (GSM),,other,10,0.9655945418698784,0.02558433726863661,-0.25879069225461776
W295,IR (infrared),,other,10,0.9597620929210798,-0.0012380813084372317,-0.28081166668502633
W298,IRQ (Interrupt Request),,other,10,0.9587556740668405,0.0360591997380995,-0.28193490659882164
W300,ISDN (Integrated Services Digital Network),,other,10,0.966766947843292,0.008003650514372006,-0.25553397061097255
W316,Media Access Control (MAC),,other,10,0.9553976245663859,0.010195858745019598,-0.295146444053386
W364,CNR,,other,10,0.9640690118511648,0.03755436711877233,-0.2629840487532036
W365,COMx,,other,10,0.963033512913493,-0.006853622159558746,-0.26929441299215756
W405,EPP,,other,10,0.955174672853823,0.03159307542908425,-0.2943522072679679
W508,NFC,,other,10,0.9682123082218812,0.02057934365863053,-0.24928180202781944
W527,PAT,,other,10,0.9566712022521633,-0.003743235515458015,-0.2911463531787344
W544,PoE,,other,10,0.9602646453544709,0.044967661278316674,-0.2754445866620199
W566,RF,,other,10,0.9669746834062088,-0.0031771599917445386,-0.25485263841257116
W567,RFI,,other,10,0.952929628411646,0.018291376598354312,-0.30263930484551993
W744,NFC,,other,10,0.967036340249203,0.03654822364144059,-0.25200187298129983
W762,PoE,,other,10,0.9604036103276297,-0.013618257379081228,-0.2782794428907955
W835,ADSL,,other,10,0.9555460159263445,0.04297096014469934,-0.2916938601197034
W867,CNR,,other,10,0.9697371759773362,0.010124933070161301,-0.24394117171528365
W868,COMx,,other,10,0.9533528848286952,0.0005081338385442409,-0.30185761343522
W890,DSL,,other,10,0.9631462752453144,0.04922718918146224,-0.2644351268768385
W906,EPP,,other,10,0.9653926670323819,-0.014045175277178064,-0.26042221773792257
W930,Global System for Mobile Communications (GSM),,other,10,0.9517631806048863,0.030423401438562682,-0.30532157586678815
W959,IR (infrared),,other,10,0.9698272621253581,0.02929093462759242,-0.24202711167774993
W962,IRQ (Interrupt Request),,other,10,0.9567624057783751,-0.015095348115620116,-0.29047862116590256
W964,ISDN (Integrated Services Digital Network),,other,10,0.9575876233226103,0.05265863961895003,-0.2832896244708521
W980,Media Access Control (MAC),,other,10,0.969782237273933,-0.0030323026465045397,-0.2439533098947932
W1028,CNR,,other,10,0.9505814252909138,0.010442717805583321,-0.310299699543406
W1029,COMx,,other,10,0.9666817073227949,0.04771708524289205,-0.25149464507899305
W1069,EPP,,other,10,0.9622949685926875,-0.021973640504630278,-0.27111907447498407
W1172,NFC,,other,10,0.9522032669501905,0.04392126945994775,-0.30229101954641496
W1191,PAT,,other,10,0.9717361604553492,0.01706691014967918,-0.23545181044417227
W1208,PoE,,other,10,0.9528317432685448,-0.010531926959813708,-0.3033162500334248
W1230,RF,,other,10,0.9609436281814471,0.0583052004800676,-0.2705325249474747
W1231,RFI,,other,10,0.9681564019849374,-0.016210433913140476,-0.24982074198898693
W44,GPS,,other,11,0.9370713753453458,0.14322639680894675,0.31840765814519645
W62,LAN,,other,11,0.9371133942513927,0.15300320261555533,0.31370130108754307
W68,MAN,,other,11,0.933538047415143,0.14612199618401356,0.32734549983086864
W70,MDM,,other,11,0.9402217271167327,0.14110642031804263,0.30995496770120684
W91,PAN,,other,11,0.9337014943880187,0.15966045855128252,0.3204840984398054
W113,SAN,,other,11,0.9357995426474405,0.13531103403323172,0.32553055163793604
W127,SOHO,,other,11,0.940335842170679,0.15204645986311793,0.3043852459831999
W153,VLAN,,other,11,0.9305366854509727,0.1541462916387974,0.3321752516427506
W156,VPN,,other,11,0.9407152845063689,0.1314759859107756,0.31268005792645476
W158,WAN,,other,11,0.9358225911944157,0.16460478580412036,0.3116750588362005
W161,WLAN,,other,11,0.9319917965881553,0.13838522846917858,0.3350236105618761
W163,WWAN,,other,11,0.9432722956959578,0.14233603886685123,0.2999630447441349
W221,DMZ,,other,11,0.9300183268263196,0.1649638365820175,0.32840956805080207
W263,Global Positioning System (GPS),,other,11,0.9380507612923642,0.12590182078268924,0.32281496365939955
W307,LAN (Local Area Network),,other,11,0.9400074907699585,0.16126440255674057,0.3006321835139809
W318,MAN (Metropolitan Area Network),,other,11,0.9283296083461178,0.1492099381779557,0.3405004150024995
W426,GPS,,other,11,0.9439714486437791,0.12976200723136408,0.30344641310230125
W429,GSM,,other,11,0.9325574382857748,0.17216022421568247,0.31732866478759786
W470,LAN,,other,11,0.9332324014913388,0.12841924225510026,0.3355380500410269
W480,MAN,,other,11,0.944216384943711,0.1498790026469397,0.29324341931131
W486,MDM,,other,11,0.926821455739234,0.16349924596258836,0.33803843827451385
W526,PAN,,other,11,0.9415062828608811,0.12034181613956363,0.31477574020517857
W555,PSTN,,other,11,0.9375200587676324,0.17120415292416347,0.30289482899160647
W581,SAN,,other,11,0.9281040642400203,0.13965200269614897,0.34513789140589995
W601,SOHO,,other,11,0.9463949395082168,0.13405885087417843,0.29387895973603345
W647,VPN,,other,11,0.9286175066471141,0.17536420624285526,0.3269815308504598
W649,WAN,,other,11,0.9362603567991375,0.11904699158802962,0.33052134285124646
W652,WIFI,,other,11,0.9431880556996787,0.1607582317557635,0.2907801274300223
W654,WLAN,,other,11,0.9247922103761246,0.15654190361659884,0.34677658519532895
W655,WMN,,other,11,0.945165338286532,0.11963365888436381,0.30389187380324095
W660,WWAN,,other,11,0.9335855014531473,0.17935423473874543,0.31024211506137367
W708,GPS,,other,11,0.9298237517277075,0.12796789270533385,0.34503914148914566
W726,LAN,,other,11,0.9473605647580163,0.14328108866814704,0.28631886066314727
W732,MAN,,other,11,0.9249172641837674,0.1733536439438353,0.33834386139873907
W734,MDM,,other,11,0.9403799994746674,0.11254111567168046,0.32096721619411206
W755,PAN,,other,11,0.940295689993317,0.17255979580392608,0.29337200318384055
W777,SAN,,other,11,0.9244520440471805,0.14535166223122423,0.35250718083978116
W791,SOHO,,other,11,0.9481683732688038,0.12431500330295676,0.2924423291635056
W817,VLAN,,other,11,0.928939925424121,0.1837001456267903,0.32144186325014423
W820,VPN,,other,11,0.9332616299138002,0.11656142460847567,0.33975897990175274
W822,WAN,,other,11,0.9464750652331773,0.1559038107130738,0.2826286480472119
W825,WLAN,,other,11,0.9222557900970445,0.1659882576916541,0.3491305714785877
W827,WWAN,,other,11,0.9448088132276737,0.11061352500646537,0.30838442654089837
W885,DMZ,,other,11,0.9358973854688495,0.1829096181105759,0.3010650352917369
W927,Global Positioning System (GPS),,other,11,0.9260497513708115,0.13172249969816735,0.35366798138837013
W971,LAN (Local Area Network),,other,11,0.9497940150639336,0.1341001571390249,0.28268087449281254
W982,MAN (Metropolitan Area Network),,other,11,0.9243992038811624,0.1828814495846277,0.33472449456485603
W1090,GPS,,other,11,0.937931420402293,0.10772309260399057,0.3296670834978358
W1093,GSM,,other,11,0.9436445031434739,0.1698994540796667,0.2840232863526115
W1134,LAN,,other,11,0.9212561132678662,0.15398235956265857,0.3571786761693662
W1144,MAN,,other,11,0.9487194157090061,0.11422905167366842,0.29475955287402705
W1150,MDM,,other,11,0.9305955501659765,0.18966810777113474,0.31307815462884064
W1190,PAN,,other,11,0.9295196273334527,0.11785785297695507,0.3494320948246475
W1219,PSTN,,other,11,0.9495378881922881,0.14786359485829403,0.27661192346482816
W1245,SAN,,other,11,0.9207761005376228,0.17636328612905763,0.3479473580651097
W1265,SOHO,,other,11,0.9431331181444604,0.10337088869422378,0.3159341400192033
W1311,VPN,,other,11,0.939093348172648,0.18296012876037282,0.29091111134137465
W1313,WAN,,other,11,0.9222860734444366,0.13883808207019493,0.36071094479862015
W1316,WIFI,,other,11,0.9513414836112714,0.12347100514909169,0.2823194864825629
W1318,WLAN,,other,11,0.9251643972665963,0.1912068141798959,0.32788838381606383
W1319,WMN,,other,11,0.9344849763531498,0.10609041425004948,0.3398273870283349
W1324,WWAN,,other,11,0.9471827935124802,0.16377626531006365,0.27572103763583583
W92,PC,,other,12,0.3331946452265367,-0.15222649087696727,0.9304882717517976
W142,TPM,,other,12,0.34223256710330224,-0.14446129902133822,0.9284437533307824
W151,VDI,,other,12,0.3257596532867317,-0.1447920076903042,0.9342996964569341
W154,VNC,,other,12,0.3404497604233045,-0.1585757914517956,0.9267943024172902
W265,Graphics Processing Unit (GPU),,other,12,0.338603814763429,-0.13420445964151165,0.9313090892072209
W268,hardware-assisted virtualization (HAV),,other,12,0.3225732527442947,-0.1568201000199123,0.9334634180532787
W280,IaaS (Infrastructure as a Service),,other,12,0.35083676789339685,-0.15002044799052697,0.9243416183851275
W293,IPS (Intrusion Prevention System),,other,12,0.3246377460726903,-0.13407477621607117,0.936287502964476
W305,KVM (Kernel-based Virtual Machine),,other,12,0.3333427272659043,-0.167118015019576,0.9278761745162151
W431,HAV,,other,12,0.3494002926298523,-0.1334236116890454,0.9274252397654619
W468,KVM,,other,12,0.3146422820819053,-0.1488997525992221,0.9374588513647846
W528,PC,,other,12,0.3506740639226665,-0.16218674704722355,0.9223465509092563
W535,PE,,other,12,0.333183282640359,-0.12473488186128838,0.9345748281523771
W558,PVC,,other,12,0.32084609866177777,-0.1678030452980132,0.9321480134411217
W559,PXE,,other,12,0.35860510502775994,-0.1422979189609541,0.9225799048903086
W622,TPM,,other,12,0.31416406019353926,-0.13497272734325522,0.9397251226588728
W639,VDI,,other,12,0.34148591837143216,-0.17339011268446944,0.9237549655494615
W643,VLAN,,other,12,0.3472240570870233,-0.12275628494437858,0.9297130464216807
W644,VM,,other,12,0.3095071801520093,-0.1588568090148935,0.9375339032077491
W645,VNC,,other,12,0.3605768569851612,-0.1576620815781532,0.9193078908826718
W756,PC,,other,12,0.3230173155373546,-0.12140508510378537,0.9385737153649594
W806,TPM,,other,12,0.32607151380289706,-0.17745145264278459,0.9285409790856043
W815,VDI,,other,12,0.3608262972714827,-0.13085058915591752,0.9234080931608195
W818,VNC,,other,12,0.3051881090379952,-0.14246620877173594,0.9415750620423318
W929,Graphics Processing Unit (GPU),,other,12,0.3526919277695019,-0.1736254287449221,0.9194904102704794
W932,hardware-assisted virtualization (HAV),,other,12,0.3391604681457827,-0.11459789860158678,0.9337223883377939
W944,IaaS (Infrastructure as a Service),,other,12,0.3100448734617872,-0.17094110406924462,0.9352279483525137
W957,IPS (Intrusion Prevention System),,other,12,0.36784137455669,-0.14758670158726936,0.9181017855765424
W969,KVM (Kernel-based Virtual Machine),,other,12,0.3112206662172624,-0.12418401240697623,0.94218895556135
W1095,HAV,,other,12,0.3362842815380149,-0.18350275605157615,0.9237097057582196
W1132,KVM,,other,12,0.35726654190014984,-0.11873134019747064,0.9264251113250443
W1192,PC,,other,12,0.29987014496173603,-0.15449943642449795,0.9413861164820416
W1199,PE,,other,12,0.36417970706247926,-0.16778452747160302,0.9160903303195693
W1222,PVC,,other,12,0.3270533719044631,-0.1109731415983449,0.938467396220942
W1223,PXE,,other,12,0.31631919169135336,-0.18231534398649488,0.9309690028753992
W1286,TPM,,other,12,0.3705884887541371,-0.1340559005418865,0.9190719164096077
W1303,VDI,,other,12,0.30043452667507853,-0.13281999026337116,0.9445093675384906
W1307,VLAN,,other,12,0.34950306518082364,-0.1842735334317104,0.9186353315139807
W1308,VM,,other,12,0.348212441376096,-0.10862908254904122,0.9311003265467435
W1309,VNC,,other,12,0.2997391791861554,-0.16881248227544834,0.9389668632538698
W7,APIPA,,other,13,0.7227565164746603,0.6660966813741815,0.1842233127367877
W54,IMAP,,other,13,0.7171102920524854,0.6734305932689677,0.1795663250217188
W56,IoT,,other,13,0.7192999501350136,0.667329434011696,0.193077725896584
W57,IP,,other,13,0.7255475677392283,0.6653218214780389,0.17586244855805427
W77,MX,,other,13,0.711530985945723,0.6775099946201429,0.18628972926310605
W83,NTP,,other,13,0.7266793277523305,0.6598073689789604,0.19128876197645084
W99,POP,,other,13,0.7192539234427617,0.6735374303154731,0.1703558733247057
W125,SMTP,,other,13,0.7131247070980218,0.6725321404321243,0.1978728688126446
W144,UDP,,other,13,0.7313479840108528,0.6582108856158969,0.17857367202361724
W155,VoIP,,other,13,0.709705215272442,0.6817502466758214,0.1775812731471229
W200,CIDR,,other,13,0.7229671785044393,0.6610881728914995,0.2007009877113444
W257,File Transfer Protocol (FTP),,other,13,0.7263242415811689,0.667008404015559,0.16599061739796125
W277,Hypertext Transfer Protocol (HTTP),,other,13,0.7065752800408596,0.6804807925494198,0.19415783426504926
W281,ICMP (Internet Control Message Protocol),,other,13,0.7332173886712318,0.6533102296794856,0.18862132632944212
W287,IMAP (Internet Message Access Protocol),,other,13,0.7137114458068688,0.680323520649523,0.1666609713619449
W311,LDAP (Lightweight Directory Access Protocol),,other,13,0.7148389653337616,0.6682161601812379,0.2061368887734548
W321,Media Access Unit (MAU),,other,13,0.7339325923559274,0.6577452242941989,0.16945255913051938
W336,APIPA,,other,13,0.7036544882345508,0.6865188536971196,0.18319995825808838
W338,ARP,,other,13,0.729321525040117,0.6539081891266745,0.2012316906111737
W361,CIDR,,other,13,0.7223892808257187,0.6728734039569041,0.1593584299481834
W444,ICMP,,other,13,0.7057829247180246,0.6785068986556977,0.2037126693485172
W450,IMAP,,other,13,0.738129456446209,0.6500143139896547,0.18068286342368667
W453,IP,,other,13,0.7066693285734513,0.6870835228917875,0.16892214959607296
W454,IPConfig,,other,13,0.7202225559307097,0.6609568423571273,0.21074990502947244
W455,IPP,,other,13,0.7326188266056158,0.6615658932420985,0.16000069937907993
W457,IPSec,,other,13,0.6997859364845406,0.6878488930444664,0.1927784828137123
W492,MIME,,other,13,0.7362274310593881,0.6476426460993544,0.1962859462853115
W505,NAT,,other,13,0.7155339447829226,0.6807208759936333,0.15694031620284823
W514,NNTP,,other,13,0.7087567593086271,0.6727229148346557,0.21238581871372011
W517,NTP,,other,13,0.7403334731558785,0.6504082853794284,0.16992766353582953
W545,POP3,,other,13,0.699938752061309,0.6921221291118589,0.1762177679932558
W550,PPP,,other,13,0.727812116251437,0.6526148617229298,0.2106735999027067
W551,PPTP,,other,13,0.7277220545842971,0.6686952557782024,0.1525361143183283
W570,RIP,,other,13,0.6990575910274889,0.6853336090546768,0.2040498192278925
W598,SMTP,,other,13,0.7420201625141668,0.6438121660330919,0.18684745995123467
W599,SNMP,,other,13,0.7072105476883166,0.6887701035759276,0.15952738215866633
W626,UDP,,other,13,0.715028420176727,0.6642099789493868,0.21808132016206547
W646,VoIP,,other,13,0.7390873781715369,0.6546694226474105,0.15861208805771967
W671,APIPA,,other,13,0.6950552394652432,0.6941227804484402,0.18732800045492326
W718,IMAP,,other,13,0.7361017173871904,0.6449322229643601,0.20546700329220216
W720,IoT,,other,13,0.7199283836056226,0.6778871652188071,0.14890303459165996
W721,IP,,other,13,0.7019510817400538,0.6790776661668595,0.21475148930179652
W741,MX,,other,13,0.7453161709978201,0.6434943507630321,0.1744099360277739
W747,NTP,,other,13,0.6989734775077018,0.6953357624514382,0.16716535286017586
W763,POP,,other,13,0.7236835767107671,0.6543779827252837,0.21925222125100438
W789,SMTP,,other,13,0.7341951751931998,0.6623942026178865,0.1489676644820649
W808,UDP,,other,13,0.6932155085621711,0.6922800484644185,0.2005008558260868
W819,VoIP,,other,13,0.7435211372148677,0.6394979675053973,0.1954959541043638
W864,CIDR,,other,13,0.7103650284094373,0.6875973053811927,0.15030459755237746
W921,File Transfer Protocol (FTP),,other,13,0.7083648912914203,0.6697800179615405,0.2227417974362523
W941,Hypertext Transfer Protocol (HTTP),,other,13,0.7451420788121214,0.6471951111210483,0.16094027005247755
W945,ICMP (Internet Control Message Protocol),,other,13,0.6923637619613903,0.6989723892234178,0.1790810437371262
W951,IMAP (Internet Message Access Protocol),,other,13,0.7334131525528977,0.6448611576519364,0.21507960157631004
W975,LDAP (Lightweight Directory Access Protocol),,other,13,0.7260559958224958,0.672606614768005,0.1429791337941592
W985,Media Access Unit (MAU),,other,13,0.6951365962806939,0.6864064438566213,0.21361485515618636
W1000,APIPA,,other,13,0.7486087739640349,0.6375658571899833,0.1819194362614031
W1002,ARP,,other,13,0.7004811250951101,0.6961548280313247,0.15714531107915933
W1025,CIDR,,other,13,0.7176133514021854,0.6586631034289849,0.2262608982361332
W1108,ICMP,,other,13,0.7410636331009,0.6547746404995096,0.14864340501358536
W1114,IMAP,,other,13,0.6887125054662646,0.6986627093604547,0.19376662087028626
W1117,IP,,other,13,0.7426773575977678,0.6373089868293652,0.20559085052143095
W1118,IPConfig,,other,13,0.7156203391465342,0.6838787330818749,0.14211758736387584
W1119,IPP,,other,13,0.7009520457106386,0.6769670217791927,0.22445908544204848
W1121,IPSec,,other,13,0.7502127997696691,0.6398781181430697,0.16654353479927747
W1156,MIME,,other,13,0.6918526773993661,0.701991105735109,0.16896260013425407
W1169,NAT,,other,13,0.7285127001271231,0.6473109029581722,0.2241826056253347
W1178,NNTP,,other,13,0.7332561545021793,0.6654559266679011,0.1396560831014572
W1181,NTP,,other,13,0.6889482431823998,0.693969756285112,0.20918005540076545
W1209,POP3,,other,13,0.7499210963804527,0.633150965245706,0.19167212737372702
W1214,PPP,,other,13,0.7042648549175902,0.6945265372906294,0.147118670218955
W1215,PPTP,,other,13,0.7101799915682605,0.6650263933346171,0.2310503749065489
W1234,RIP,,other,13,0.7476652060103921,0.6465461548987823,0.15157443487289518
W1262,SMTP,,other,13,0.6859563285025208,0.7038704041793931,0.1844732216547415
W1263,SNMP,,other,13,0.7395412341589334,0.6374469252178409,0.21619477447200786
W1290,UDP,,other,13,0.7224950403079753,0.6779215537861663,0.13573239717372934
W1310,VoIP,,other,13,0.6934496396779245,0.6851170136837819,0.22302976212060435
W17,CNAME,,other,14,0.09275705831294756,0.7025885389414996,-0.7055249627626063
W43,GFS,,other,14,0.07957942896628985,0.6995599598214333,-0.7101288454217544
W45,GPT,,other,14,0.08937621228793914,0.7117983196880504,-0.6966742745116469
W46,GUID,,other,14,0.09510718758258839,0.6939027524856215,-0.7137601788857435
W134,SSID,,other,14,0.07110784121348962,0.7072570182097534,-0.7033712996071178
W288,IMEI (International Mobile Equipment Identity),,other,14,0.10356097373822147,0.7081973601986351,-0.6983778516863747
W290,IP address,,other,14,0.08033567768886653,0.6901870502122466,-0.7191578509684702
W425,GUID,,other,14,0.0789844078402682,0.7177713902722136,-0.6917844278565511
W451,IMEI,,other,14,0.1079519035888449,0.6949174969546917,-0.7109402639728396
W608,SSID,,other,14,0.06408775082136117,0.6993489684988805,-0.7119015244078432
W628,UNC,,other,14,0.09995424280276653,0.7179321424623862,-0.6888995486753445
W681,CNAME,,other,14,0.09291854726765075,0.6841794090444758,-0.7233703614423396
W707,GFS,,other,14,0.06445795922103878,0.7157721527849759,-0.695352713944959
W709,GPT,,other,14,0.11581320759905753,0.7038640569850755,-0.7008300009489661
W710,GUID,,other,14,0.06790770591802209,0.6878927730235266,-0.7226285880720154
W798,SSID,,other,14,0.08589347649221346,0.7249979796528038,-0.6833741582730753
W952,IMEI (International Mobile Equipment Identity),,other,14,0.10969307834760618,0.6854556597652856,-0.7198041171446321
W954,IP address,,other,14,0.054344482082748426,0.7060058152377343,-0.706117884009221
W1089,GUID,,other,14,0.11310852790313018,0.7166743111401375,-0.6881746817977221
W1115,IMEI,,other,14,0.0825518562691747,0.6787022519439732,-0.7297591686527091
W1272,SSID,,other,14,0.06684519976095972,0.724846201344927,-0.6856600496344724
W1292,UNC,,other,14,0.12269975720597462,0.6949425682314568,-0.7085192985667095
W5,AMD,,other,15,-0.30842937342933563,-0.7623054790612902,0.569000595956739
W9,ATX,,other,15,-0.29934324684639374,-0.7693771938119638,0.5643158284236646
W36,eSATA,,other,15,-0.3025110070093986,-0.7579950747917878,0.5778672487946964
W60,ITX,,other,15,-0.31330222912013933,-0.7665472021797416,0.560577470166936
W75,mSATA,,other,15,-0.2900288396072718,-0.7679872480796908,0.5710331505114591
W116,SATA,,other,15,-0.3146884492929795,-0.7544194696775016,0.5760403142602928
W180,ATAPI,,other,15,-0.30320720792322836,-0.7746087247282853,0.5550195605906333
W190,BYOD,,other,15,-0.2923063521871088,-0.7583546448668618,0.5826278650046888
W244,eSATA,,other,15,-0.32277425817843974,-0.760637565646238,0.5632470789849897
W320,mATX,,other,15,-0.2873770422952544,-0.775435258022786,0.5622406923878479
W340,ATA,,other,15,-0.30836995616027296,-0.7497825761460857,0.5854349311797602
W341,ATAPI,,other,15,-0.3149841290195974,-0.7730711751852591,0.550586920080243
W343,ATX,,other,15,-0.2817605966741108,-0.7652106067679125,0.578846865286262
W407,eSATA,,other,15,-0.32557508350610015,-0.7518984239230937,0.5732797093059927
W482,mATX,,other,15,-0.2943455737322188,-0.7807094804949913,0.5512289817212913
W483,MAU,,other,15,-0.2949473467809217,-0.750943664396211,0.5908381127940932
W516,NTLDR,,other,15,-0.3273920355946873,-0.7654326579142366,0.5540101995699307
W583,SATA,,other,15,-0.2773878015404077,-0.7750241722092034,0.5677970940820481
W669,AMD,,other,15,-0.3188539206543815,-0.7450319340639657,0.5858836015013869
W673,ATX,,other,15,-0.30884778282726505,-0.7802829241823477,0.5438488809146592
W700,eSATA,,other,15,-0.28025665820745566,-0.7584836967390634,0.588352519593002
W724,ITX,,other,15,-0.33396582778658274,-0.7543092413478779,0.5652295058540482
W739,mSATA,,other,15,-0.28283985983526183,-0.7834104994236433,0.5534163017848023
W780,SATA,,other,15,-0.3037122592252265,-0.7438262411281771,0.5953833946336057
W844,ATAPI,,other,15,-0.3256367531932782,-0.7730091051927843,0.5444424930686352
W854,BYOD,,other,15,-0.27084660243223097,-0.7702829593235838,0.5773268402963948
W908,eSATA,,other,15,-0.3304140456158794,-0.7439460326206926,0.5808363444273086
W984,mATX,,other,15,-0.29779638719618257,-0.7862999314564418,0.5413406779140989
W1004,ATA,,other,15,-0.28494733398623834,-0.7499527143883988,0.5969723134581767
W1005,ATAPI,,other,15,-0.33801134614613965,-0.7605527210208513,0.5543535770825817
W1007,ATX,,other,15,-0.2716852733985817,-0.7822099525856083,0.5606556004307441
W1071,eSATA,,other,15,-0.3162371588374502,-0.7387180705853172,0.5952223715227136
W1146,mATX,,other,15,-0.31795207016179267,-0.7814581844444907,0.5368701770861845
W1147,MAU,,other,15,-0.26939354085951495,-0.7622538853726718,0.5885542747932756
W1180,NTLDR,,other,15,-0.3402932722522086,-0.7468856804760249,0.5712812522389908
W1247,SATA,,other,15,-0.28418337553878387,-0.7895955040326205,0.5438554486983233
W152,VGA,,other,16,-0.21955066421428324,-0.9676401466810404,-0.12437866526925567
W247,EVGA,,other,16,-0.20567005189889612,-0.969744080723181,-0.13151519932790304
W410,EVGA,,other,16,-0.21506806595036498,-0.9702963007748387,-0.11077371398952539
W613,SXGA,,other,16,-0.2228428744887485,-0.9651543283086942,-0.13717935645200097
W636,UXGA,,other,16,-0.19585236217226623,-0.9731184435439478,-0.12117073518860817
W642,VGA,,other,16,-0.2306042789903211,-0.9664064188026857,-0.11349141028431194
W659,WUXGA,,other,16,-0.20729948733105738,-0.967381937767301,-0.14559913816318595
W661,XGA,,other,16,-0.20333126356809852,-0.9736378747252702,-0.10337159259806031
W816,VGA,,other,16,-0.2365053829575522,-0.9624882968588602,-0.1329717347477726
W911,EVGA,,other,16,-0.18899966271026822,-0.9727245156657477,-0.13448473563286464
W1074,EVGA,,other,16,-0.22580968358960823,-0.9691273172921037,-0.09900621028688739
W1277,SXGA,,other,16,-0.22132017239199633,-0.9632435994937146,-0.1522470010435979
W1300,UXGA,,other,16,-0.18788164715702227,-0.9761217860331354,-0.10902635228716928
W1306,VGA,,other,16,-0.24409485323031282,-0.9626052977285996,-0.11751060978186649
W1323,WUXGA,,other,16,-0.19410844226197368,-0.9692594237605934,-0.15118889540542524
W1325,XGA,,other,16,-0.21003468359866492,-0.9734848592173058,-0.09062373066846782
W0,AAA,,other,17,-0.45910637341790966,0.8883158356797171,0.010784895349538609
W1,AAAA,,other,17,-0.46796268247117606,0.8837300952683401,0.005660965588314894
W2,ACL,,other,17,-0.4621629509632714,0.8865571309351039,0.02053923915431179
W29,DRM,,other,17,-0.45675891757804,0.8895890987701595,0.0015895163517593662
W53,IAM,,other,17,-0.4744081046333307,0.8802079666237695,0.013072327652699596
W67,MAC,,other,17,-0.45204281309736133,0.8918027339687524,0.018578988478455814
W90,PAM,,other,17,-0.4666442359600174,0.884433850224885,-0.004463364389940383
W137,TACACS,,other,17,-0.4697795379811621,0.8824056913043982,0.025833730814831812
W143,UAC,,other,17,-0.44791620213668104,0.8940637602464838,0.004590041107633686
W162,WPA,,other,17,-0.4785826853551088,0.8780355111687861,0.003500629209368711
W168,ACL,,other,17,-0.45527034502157426,0.8898822603279591,0.02895644483598107
W183,AUP,,other,17,-0.45742010305199204,0.8892025784372198,-0.00925331424435446
W208,DAC,,other,17,-0.479616349010132,0.877208467243059,0.021759199417123738
W317,Mandatory Access Control (MAC),,other,17,-0.4431529311961051,0.8963091096789967,0.015667146477399686
W329,ACL,,other,17,-0.4749799587614186,0.8799555044762274,-0.008505816656214794
W344,AUP,,other,17,-0.46551115304932794,0.8843514219224213,0.03495610004672415
W369,DAC,,other,17,-0.44588090338749686,0.895075849172146,-0.005426253137431893
W388,DRM,,other,17,-0.48578122316476946,0.8740264842680355,0.009711231569575767
W479,MAC,,other,17,-0.4460031301888873,0.8945429602953999,0.029565183031011303
W503,NAC,,other,17,-0.46407539706123685,0.8856414687083127,-0.01652920889330026
W575,RMA,,other,17,-0.47862280046214395,0.8774262133059633,0.03230255533751519
W614,TACACS,,other,17,-0.43760320157597504,0.8991413115368088,0.006952687129745828
W623,UAC,,other,17,-0.4842433535372996,0.8749128412738244,-0.0059912210035808515
W651,WEP,,other,17,-0.45679946300225244,0.8886672858354429,0.040058777898497676
W656,WPA,,other,17,-0.44940423579616673,0.8931886678470131,-0.01580621643978541
W657,WPA2,,other,17,-0.48911711591291995,0.8719823030210972,0.02028078250586899
W658,WPS,,other,17,-0.4370488384817326,0.8991136343374654,0.024145089153764402
W664,AAA,,other,17,-0.4740067418138087,0.8803126062007038,-0.019165700591992525
W665,AAAA,,other,17,-0.4724984393689029,0.8803361425806118,0.04187482370398773
W666,ACL,,other,17,-0.4364296748778017,0.8997252346906439,-0.004862195689411123
W693,DRM,,other,17,-0.49206587952493136,0.8705555147939339,0.002065398078972249
W717,IAM,,other,17,-0.44591311683982093,0.8941820684209139,0.03999900929638647
W731,MAC,,other,17,-0.4575803299319381,0.8888443818286383,-0.023998053067789692
W754,PAM,,other,17,-0.48769184854873937,0.8724027148374573,0.032713361235851904
W801,TACACS,,other,17,-0.43055722190639434,0.9024580904575069,0.013779464141903739
W807,UAC,,other,17,-0.48501034016331085,0.8743566396391077,-0.016292226786933574
W826,WPA,,other,17,-0.4623204760325093,0.8854036065280559,0.048168776071073754
W832,ACL,,other,17,-0.44022866106252956,0.8977191448745987,-0.01729343530683717
W847,AUP,,other,17,-0.4965269050822789,0.86790318905187,0.014320857621235469
W872,DAC,,other,17,-0.4350616932845552,0.8997474098254472,0.034291712537791966
W981,Mandatory Access Control (MAC),,other,17,-0.4690753215683098,0.8827150864148695,-0.027971752021927723
W993,ACL,,other,17,-0.48127727933607267,0.8754372069271587,0.044518278520659704
W1008,AUP,,other,17,-0.4281802204004791,0.9036933584496728,0.00011292363955307295
W1033,DAC,,other,17,-0.4948870694760766,0.8689217613640968,-0.007858822640622272
W1052,DRM,,other,17,-0.44968511798002775,0.8918154808434915,0.04948174203866011
W1143,MAC,,other,17,-0.44883201984473453,0.8931809846018953,-0.027884524519614373
W1167,NAC,,other,17,-0.49628917311240345,0.8676779058190387,0.028846289274256278
W1239,RMA,,other,17,-0.4263846479266258,0.9042407740003515,0.023339979600087126
W1278,TACACS,,other,17,-0.4820615433881409,0.8757394245801521,-0.026403193410417074
W1287,UAC,,other,17,-0.47044283206256465,0.8808170053798403,0.05333802391018763
W1315,WEP,,other,17,-0.43089761861126047,0.9022812589191443,-0.014689182360798646
W1320,WPA,,other,17,-0.5016197380379538,0.8650720940977329,0.005283031714644243
W1321,WPA2,,other,17,-0.4365997349857985,0.8985341002363851,0.04491260538780188
W1322,WPS,,other,17,-0.4612822775379817,0.8865843448793935,-0.03445083227077415
W16,CMDB,,other,18,0.3620727922200123,0.3935638002546979,0.8449916143152452
W22,DHCP,,other,18,0.35659519859581174,0.40555673840203127,0.8416433902046162
W27,DNS,,other,18,0.3521803705546424,0.3889773852285506,0.8512729176807838
W216,DHCP,,other,18,0.37076112493973556,0.39836121395751944,0.8389544275154123
W222,DNS,,other,18,0.34485969304763625,0.4058463823244138,0.8463808280350378
W258,FQDN (Fully Qualified Domain Name),,other,18,0.3637652189091558,0.3811747706902667,0.8499297969251324
W273,host intrusion prevention systems (HIPS),,other,18,0.3648414983237205,0.4119933092531974,0.8349564025932743
W291,IPCONFIG (Internet Protocol Configuration),,other,18,0.34068056650399126,0.39193662859953793,0.8545890420363155
W334,AHCI,,other,18,0.377576923458971,0.38796897995502666,0.8407828123028648
W378,DHCP,,other,18,0.3471408694924726,0.41689956106213644,0.8400523630787596
W436,HIPS,,other,18,0.3532108133233708,0.3762648440764585,0.8565435706743477
W447,IDS,,other,18,0.37743309842445816,0.4071463433360481,0.8317307925776212
W456,IPS,,other,18,0.33340492923494797,0.40402030363198416,0.851826712081136
W680,CMDB,,other,18,0.37466004855180784,0.375205237716228,0.8478507401715621
W686,DHCP,,other,18,0.3590104033395078,0.42266565192500255,0.8321449855504848
W691,DNS,,other,18,0.3385569863498834,0.3810961348681209,0.8603167457293063
W880,DHCP,,other,18,0.38641712130160155,0.3936575685889097,0.8340956342396543
W886,DNS,,other,18,0.3353762127000327,0.418770716068754,0.8438921040738828
W922,FQDN (Fully Qualified Domain Name),,other,18,0.3620547202347426,0.3672861830626593,0.8567480605679857
W937,host intrusion prevention systems (HIPS),,other,18,0.3755454172786584,0.4187250329535132,0.8268222217254912
W955,IPCONFIG (Internet Protocol Configuration),,other,18,0.3269710358682833,0.3951056989164444,0.8584762247068755
W998,AHCI,,other,18,0.38617157255923235,0.3766884411158658,0.8420079185357039
W1042,DHCP,,other,18,0.3477029167294066,0.4292253347068277,0.8335876041206915
W1100,HIPS,,other,18,0.343729275653544,0.3692263951267492,0.8634361899992354
W1111,IDS,,other,18,0.3898584619548385,0.40471494465403074,0.8271736173354979
W1120,IPS,,other,18,0.3245244983253988,0.4138034927483577,0.8505589452682912
W206,CRT,,other,19,0.32397912302644605,-0.7279166212072287,-0.6042970465038422
W367,CRT,,other,19,0.3417458484695652,-0.7118367177053252,-0.6135945423325783
W870,CRT,,other,19,0.3368998997475022,-0.7366686305073818,-0.5863597755444192
W1031,CRT,,other,19,0.31299618763967296,-0.7186859307579166,-0.6209057250933172
W65,LDAP,,other,20,-0.5057105892342105,0.7833618451549851,0.3613876305184842
W133,SSH,,other,20,-0.521021581787685,0.776884671820859,0.35353460651151936
W474,LDAP,,other,20,-0.50731521947026,0.7752778150869569,0.37626530205140674
W607,SSH,,other,20,-0.5049624989669399,0.7901987184613154,0.3472734656998114
W631,URL,,other,20,-0.5285964266533755,0.766484387782347,0.3648115966018672
W729,LDAP,,other,20,-0.49225084306843825,0.7863853473289064,0.37321199472257993
W797,SSH,,other,20,-0.5221321057487164,0.7830433263558041,0.33796629002912315
W1138,LDAP,,other,20,-0.5173484552356622,0.7646507622130947,0.38426525696738045
W1271,SSH,,other,20,-0.490275095253308,0.7974255033685878,0.3517710868614908
W1295,URL,,other,20,-0.5380231101529938,0.766791814678577,0.3500877688283817
W24,DKIM,,other,21,-0.288020323834445,0.725649339936764,-0.6248818516388843
W32,ECC,,other,21,-0.29722125403161653,0.7179546403379571,-0.6294447239981187
W69,MBR,,other,21,-0.2943598488128252,0.7305693918243628,-0.616133624416223
W95,PII,,other,21,-0.2826997544073384,0.7206435540781078,-0.6330511170701021
W96,PIN,,other,21,-0.3069784685563326,0.7196640848928472,-0.6227742968027417
W97,PIV,,other,21,-0.2817177642117689,0.7341059746146811,-0.6178377775456528
W114,SAML,,other,21,-0.29288441489377526,0.7117926584759627,-0.6384120384610962
W234,ECC,,other,21,-0.30494533249952327,0.7302684114334742,-0.6113234752969865
W262,Globally Unique Identifier,,other,21,-0.2729537854929192,0.7267945772749437,-0.6302903088488836
W289,IMSI (International Mobile Subscriber Identity),,other,21,-0.30936839711216413,0.7112083662733459,-0.6312478551338203
W397,ECC,,other,21,-0.28844268802262313,0.7392874159866206,-0.6084857699980413
W484,MBR,,other,21,-0.2805464338976233,0.7129818478576029,-0.6426123116256679
W534,PCMCIA,,other,21,-0.31561993119630016,0.7227033676311592,-0.6148852750279715
W539,PII,,other,21,-0.2703053325765454,0.7363062351908969,-0.6203129494051296
W540,PIN,,other,21,-0.3017811843996915,0.7049092464611071,-0.6418964643896659
W541,PHI,,other,21,-0.30236236382291576,0.7381818767217089,-0.6030460329220604
W688,DKIM,,other,21,-0.2677997941036734,0.7209840638030977,-0.6391128617231865
W696,ECC,,other,21,-0.3197131799146237,0.7116488150703382,-0.625571296174835
W733,MBR,,other,21,-0.27754352375146624,0.7439957685221732,-0.6078156701210655
W759,PII,,other,21,-0.2865458390904612,0.7047759927033356,-0.6489855793536333
W760,PIN,,other,21,-0.31734592138317064,0.7299706261782477,-0.6053382947562492
W761,PIV,,other,21,-0.26130171334103647,0.7330565234420044,-0.6279725694997841
W778,SAML,,other,21,-0.31358461262188336,0.7019090790208582,-0.6395219585869386
W898,ECC,,other,21,-0.2933594639729686,0.7455899436085279,-0.5983609787472149
W926,Globally Unique Identifier,,other,21,-0.26920005955449333,0.7122435358803623,-0.6482595726501045
W953,IMSI (International Mobile Subscriber Identity),,other,21,-0.3266282273648139,0.7168382698536293,-0.6160007272412711
W1061,ECC,,other,21,-0.2653676299571104,0.7445698274463072,-0.6125322791719001
W1148,MBR,,other,21,-0.29773739194392074,0.6980500419927923,-0.6512131634974012
W1198,PCMCIA,,other,21,-0.3126643768837612,0.7390791138954187,-0.59665991220414
W1203,PII,,other,21,-0.25668720487859154,0.7256411365288115,-0.6384016132723905
W1204,PIN,,other,21,-0.32518116498569993,0.7032674734828914,-0.6321962279858476
W1205,PHI,,other,21,-0.28033972903026183,0.7506398355306362,-0.5982887878289037
W59,ISO,,other,22,-0.45970311671264014,-0.06415696477753215,0.8857521822469417
W218,DIN,,other,22,-0.4632527563012716,-0.07667414671413834,0.8829031424821939
W285,IEEE,,other,22,-0.4489040768892555,-0.06675923986457213,0.8910826749774176
W296,IrDA (Infrared Data Association),,other,22,-0.4697059542967253,-0.062459789745639746,0.8806106353906549
W301,International Organization for Standardization ISO,,other,22,-0.45420129376512003,-0.084129287220976,0.8869179487268153
W304,KB (Knowledge Base),,other,22,-0.45292760011295014,-0.053673369608669384,0.889930198639632
W380,DIN,,other,22,-0.473987897888451,-0.07649967572924317,0.8772019563752739
W421,FQDN,,other,22,-0.44179466556250524,-0.07610468365167146,0.8938822912480106
W459,IrDA,,other,22,-0.4682781982432206,-0.05034032165195625,0.8821458955672018
W462,ISA,,other,22,-0.4632619076698132,-0.09115010712022077,0.8815214477674934
W464,ISO,,other,22,-0.44140318360066566,-0.05643833647080877,0.8955322125326397
W467,KB,,other,22,-0.4807490681114313,-0.06504688103429561,0.8744422432486325
W521,OEM,,other,22,-0.44399808095070653,-0.08980119360778929,0.8915163765959132
W640,VESA,,other,22,-0.45762377884899513,-0.04241186492967033,0.8881338360546531
W723,ISO,,other,22,-0.47641339491505796,-0.08823152294537046,0.8747831019768556
W882,DIN,,other,22,-0.43303516612634463,-0.06915462566785628,0.8987203027898435
W949,IEEE,,other,22,-0.47899984402261875,-0.049230789590446265,0.8764333852510457
W960,IrDA (Infrared Data Association),,other,22,-0.4552389122315878,-0.09983110184814115,0.8847549287198048
W965,International Organization for Standardization ISO,,other,22,-0.4425094317291709,-0.044147347228432485,0.8956765122316307
W968,KB (Knowledge Base),,other,22,-0.48687728691416854,-0.07503897792037703,0.8702411500726472
W1044,DIN,,other,22,-0.43310393139446357,-0.08697577761291894,0.897137781346482
W1085,FQDN,,other,22,-0.46769329688857186,-0.03645046594239753,0.8831389152212015
W1123,IrDA,,other,22,-0.47182535115595703,-0.10020432559448247,0.8759794125084862
W1126,ISA,,other,22,-0.4293513976797045,-0.05692312744581606,0.901341852391351
W1128,ISO,,other,22,-0.48898673260945175,-0.055540896680573854,0.870521214059629
W1131,KB,,other,22,-0.4434510407971284,-0.10273737734874816,0.8903910408980116
W1185,OEM,,other,22,-0.44983046550113664,-0.033179609394294124,0.8924974318324244
W1304,VESA,,other,22,-0.4875186523626859,-0.08867215244677028,0.868598188450176
W52,IaaS,,other,23,0.6765459836642519,0.38218394048281373,0.629460854719973
W89,PaaS,,other,23,0.6742613822041988,0.3929674288403582,0.6252584972142972
W112,SaaS,,other,23,0.6690686622409109,0.38217342082045014,0.6374092889388677
W160,WISP,,other,23,0.6831836577335925,0.382748202061377,0.6219034520120729
W207,DaaS,,other,23,0.6661186234976173,0.3972075234825004,0.6312781975631174
W211,Dbaas,,other,23,0.6761124253737716,0.3723872517887094,0.635767035131933
W286,IIS (Internet Information Services),,other,23,0.6807892470481307,0.3948942608431598,0.6169153295686318
W302,ISP,,other,23,0.6614185723732265,0.3883075748440207,0.6416718004077461
W368,DaaS,,other,23,0.6865686918330931,0.37267222921759885,0.624290670252712
W372,DBaaS,,other,23,0.6690867280153041,0.4046131495566842,0.6233868378459676
W385,DNS,,other,23,0.6681154374610816,0.3723536819059348,0.6441851424841166
W443,IaaS,,other,23,0.6888995018715068,0.38694963790160153,0.612933482564796
W449,IIS,,other,23,0.6578708890297669,0.39976421289579606,0.6382746019191027
W463,ISDN,,other,23,0.6828816169427578,0.364181355631892,0.6332808519541405
W465,ISP,,other,23,0.6780493756513897,0.40479684615833356,0.6135051405807673
W502,NaaS,,other,23,0.6585100628895698,0.38096230926790053,0.6490240488536947
W524,PaaS,,other,23,0.6933977807460594,0.3738285869259061,0.6159965139945356
W548,POTS,,other,23,0.6610953336457793,0.41002204744308407,0.6283588787009834
W560,QoS,,other,23,0.6730736975769407,0.3626184906528673,0.6445770922602986
W580,Saas S,,other,23,0.6890186888775199,0.3961691012376168,0.6068799630916168
W602,SP,,other,23,0.6522097588939105,0.39533147545906727,0.6467885704887679
W653,WINS,,other,23,0.6910320248677116,0.36129618914208433,0.6260509598416388
W716,IaaS,,other,23,0.6709747986105382,0.4135300239633698,0.6154557164495286
W753,PaaS,,other,23,0.6605448853511692,0.3703431636912345,0.6530898832041256
W776,SaaS,,other,23,0.6971575958869853,0.3808280498857081,0.6074053695163777
W824,WISP,,other,23,0.6528650696974939,0.41003995326688003,0.6368943691804639
W871,DaaS,,other,23,0.6813297289923516,0.3551593298728853,0.6400403509119186
W875,Dbaas,,other,23,0.6845254502389669,0.4072593108515218,0.6046195181267994
W950,IIS (Internet Information Services),,other,23,0.6501366054847827,0.3859289013991778,0.6545084241425373
W966,ISP,,other,23,0.6983915216083335,0.3639230618262857,0.6162866927141769
W1032,DaaS,,other,23,0.6615492887417747,0.41898319475023243,0.6219369912476188
W1036,DBaaS,,other,23,0.6668445639714106,0.35915720347368185,0.6529352423439428
W1049,DNS,,other,23,0.6969086903123102,0.3919105135036521,0.6006033855819366
W1107,IaaS,,other,23,0.6463677062909065,0.4045503856698396,0.6469526827509229
W1113,IIS,,other,23,0.6909894548960397,0.3518392607681166,0.6314607729737606
W1127,ISDN,,other,23,0.6762172074650278,0.4176682793345588,0.60686365582881
W1129,ISP,,other,23,0.6523484986385125,0.3734137712928791,0.659548020793716
W1166,NaaS,,other,23,0.7031735253677497,0.3718710303618759,0.6060189188461754
W1188,PaaS,,other,23,0.6516818130850408,0.41961354839486886,0.6318506821217027
W1212,POTS,,other,23,0.676385629149137,0.3498373890548037,0.6481637770655224
W1224,QoS,,other,23,0.6922655484854938,0.4050442337662852,0.5972500138742245
W1244,Saas S,,other,23,0.6431764043251165,0.39412562665491063,0.6564976034482445
W1266,SP,,other,23,0.700128361079129,0.35382663592871066,0.6201830292099457
W1317,WINS,,other,23,0.6653625610935048,0.425114874434337,0.6136530011576331
W81,NIC,,other,24,0.08139132229850082,-0.9892999104482184,0.12108319388605762
W191,CAD,,other,24,0.09230600902520947,-0.9890067189958276,0.11552190475812783
W199,CGA,,other,24,0.08511143281807673,-0.9876343712672695,0.1316601408747518
W202,CMOS,,other,24,0.0785840026176443,-0.9906974105277275,0.11109993387147207
W238,EIDE,,other,24,0.10020997041385513,-0.9872650326390853,0.1235545108759695
W256,FSB,,other,24,0.072718228917887,-0.9889060233201723,0.1295258129645547
W260,GDI,,other,24,0.09078530580842202,-0.990369801263741,0.10452600152158072
W264,GUID Partition Table (GPT),,other,24,0.09448310657992243,-0.9860003537084282,0.13739084779511918
W272,HDMI (High-Definition Multimedia Interface),,other,24,0.06775140604131788,-0.9911284244857159,0.11434243812289072
W299,ISA (Industry Standard Architecture),,other,24,0.10543312205517304,-0.9879671567799261,0.1131580924984511
W310,LCD (liquid crystal display),,other,24,0.07667186813677224,-0.9870689233940843,0.14077061165619975
W312,LED (light-emitting diode),,other,24,0.07952580849730964,-0.9918728299504241,0.09931734485469385
W315,LVD (low voltage differential),,other,24,0.10663157845525083,-0.9853689449568093,0.13295769549313952
W352,CAD,,other,24,0.06188658070721068,-0.99005385848965,0.12634638268714257
W423,GDI,,other,24,0.10111659984226486,-0.9898238486802032,0.10012083609443866
W428,GPU,,other,24,0.08926281972765841,-0.9850608558291963,0.14726594761627243
W448,IEEE,,other,24,0.06537713407971657,-0.992483028379547,0.10345660306662874
W510,NIC,,other,24,0.11431224357090054,-0.9861859121009863,0.11987517567592171
W587,SCSI ID,,other,24,0.06535798816122056,-0.987791245464408,0.14141000235977477
W745,NIC,,other,24,0.08781057795177473,-0.9919347052767991,0.09140482956170815
W855,CAD,,other,24,0.1054256382601152,-0.9838910112740298,0.14437421075667983
W863,CGA,,other,24,0.05518904351194017,-0.9916123056291107,0.11687260072898345
W866,CMOS,,other,24,0.11255153556841413,-0.9883108711341715,0.10282885703540084
W902,EIDE,,other,24,0.07860700608172365,-0.9851290276284016,0.15278002984286765
W920,FSB,,other,24,0.06983206595955015,-0.9932909423252657,0.09217693018541355
W924,GDI,,other,24,0.11842336676906898,-0.9842412751494527,0.13132028973185325
W928,GUID Partition Table (GPT),,other,24,0.0544613455342265,-0.9892780830333707,0.13550954310461255
W936,HDMI (High-Definition Multimedia Interface),,other,24,0.10009361595242619,-0.9910320483336074,0.08852540438350379
W963,ISA (Industry Standard Architecture),,other,24,0.09792332943015622,-0.983090832284296,0.15473666996508437
W974,LCD (liquid crystal display),,other,24,0.05388324717690283,-0.9931128134479174,0.10403622176547289
W976,LED (light-emitting diode),,other,24,0.12218645410195118,-0.9862187521734158,0.11154838992788024
W979,LVD (low voltage differential),,other,24,0.06530856386278093,-0.9861132622390669,0.15269389484326532
W1016,CAD,,other,24,0.07998937384441171,-0.993311412372773,0.08327147243795976
W1087,GDI,,other,24,0.11667674948448416,-0.9825597498596569,0.14478561422138436
W1092,GPU,,other,24,0.046616346986925586,-0.991155951722161,0.12424490154260603
W1112,IEEE,,other,24,0.11366329930257876,-0.9892855460755564,0.09162293772653522
W1174,NIC,,other,24,0.08546053899037749,-0.9831584432003584,0.16154247688865567
W1251,SCSI ID,,other,24,0.05868777335390255,-0.9941628106009849,0.09053204557896198
W21,DDR,,other,25,-0.8253998094958218,0.12561094285783544,-0.5503971707036897
W214,DDR,,other,25,-0.8232483000154442,0.10976487389837251,-0.5569684990910669
W259,GDDR,,other,25,-0.8342930605146784,0.12140161058272217,-0.5377887486039217
W375,DDR,,other,25,-0.8169763537694886,0.12855762411782612,-0.5621588518049778
W376,DDR RAM,,other,25,-0.8309746471109593,0.09943823348747584,-0.547351051501417
W422,GDDR,,other,25,-0.8300298918510535,0.13854336448597873,-0.5402370912762601
W685,DDR,,other,25,-0.8142287863302332,0.11079576161312309,-0.5698734795722322
W878,DDR,,other,25,-0.8404564134682216,0.10877936279477779,-0.5308484409792458
W923,GDDR,,other,25,-0.8171341977684976,0.14401339812506372,-0.5581682936155596
W1039,DDR,,other,25,-0.8237806587748867,0.09107597100753262,-0.5595449881228933
W1040,DDR RAM,,other,25,-0.8393813965626808,0.13404633290115667,-0.5267546409289959
W1086,GDDR,,other,25,-0.8077399167385235,0.12603460587199128,-0.5759092854173604
W12,BSOD,,other,26,-0.6514127396530424,-0.4230240257949643,0.6298508682362352
W47,HDD,,other,26,-0.6484327398573324,-0.433774077335417,0.6255997376221643
W87,OS,,other,26,-0.6438572690118339,-0.42254356289281275,0.6378908641754248
W132,SSD,,other,26,-0.6580845055170192,-0.42401065722795966,0.6222055497627241
W179,ATA,,other,26,-0.6399401099403521,-0.43754573299159233,0.6316885207365891
W189,BSOD,,other,26,-0.6515836922859735,-0.413099560438286,0.6362290822594272
W243,ERD,,other,26,-0.6549084154218107,-0.43613007172107987,0.6171592403507045
W254,FDD,,other,26,-0.6357442961119055,-0.42825937888106397,0.6422017551841346
W267,Hardware Abstraction Layer (HAL),,other,26,-0.6621314938831334,-0.4140439078011504,0.6246195059561
W283,Integrated Drive Electronics (IDE),,other,26,-0.6424776328831686,-0.44521286971337315,0.6237050519968742
W303,JBOD (Just a Bunch of Disks),,other,26,-0.6435041059327528,-0.4125629050454804,0.6447436041002056
W308,LBA (logical block addressing),,other,26,-0.6635975362092708,-0.42861319990900254,0.6131305202000232
W350,BSOD,,other,26,-0.6314455004657517,-0.43960965363774773,0.6387643793841796
W401,EIDE,,other,26,-0.658933480923337,-0.40523430525406295,0.6337127311041741
W406,ERD,,other,26,-0.6515221331031577,-0.4459608197405879,0.6137082835786184
W417,FDD,,other,26,-0.6332613378241188,-0.4206556483648451,0.6496375170169586
W434,HDD,,other,26,-0.6689589692282902,-0.415640240395384,0.6162281136503679
W446,IDE,,other,26,-0.6340645193148264,-0.4501741747801782,0.6287331689254542
W466,JBOD,,other,26,-0.6491191780689949,-0.40303902820794085,0.6451386164261377
W523,OS,,other,26,-0.6631427982733382,-0.43793343169079074,0.6070057153814403
W606,SSD,,other,26,-0.6259997752026201,-0.434775261576996,0.6473752801636189
W676,BSOD,,other,26,-0.6673477073568392,-0.40283089252085,0.626397884348619
W711,HDD,,other,26,-0.6438285068759946,-0.45433789442085604,0.6156800560575681
W751,OS,,other,26,-0.6359773667597185,-0.41005517467394137,0.6537488376222921
W796,SSD,,other,26,-0.6723212077986891,-0.4229465100026994,0.6075363719322888
W843,ATA,,other,26,-0.6257456800959222,-0.44967444265935824,0.6373658599739142
W853,BSOD,,other,26,-0.6579248770352373,-0.39602160607999776,0.6405480026477227
W907,ERD,,other,26,-0.6579108280489075,-0.4488537234190593,0.6047178493387206
W918,FDD,,other,26,-0.624489052552314,-0.4251457274723596,0.6551828246026533
W931,Hardware Abstraction Layer (HAL),,other,26,-0.6746195499442834,-0.40594609016095834,0.6165194520175367
W947,Integrated Drive Electronics (IDE),,other,26,-0.6339635395014541,-0.45925378174269094,0.6222348387368111
W967,JBOD (Just a Bunch of Disks),,other,26,-0.6430382218992625,-0.3991500573513689,0.653590909432677
W972,LBA (logical block addressing),,other,26,-0.67137852022712,-0.4341255863925717,0.6006545245121759
W1014,BSOD,,other,26,-0.6195208027206576,-0.44371991283431034,0.6475388899136979
W1065,EIDE,,other,26,-0.6678912629977068,-0.3932737065626119,0.6318679075074414
W1070,ERD,,other,26,-0.6488663187194559,-0.4588461282045021,0.6069865987509107
W1081,FDD,,other,26,-0.6275020481509548,-0.4126411103729202,0.6602791028016562
W1098,HDD,,other,26,-0.6789556036479943,-0.4142747298929023,0.6061317814198083
W1110,IDE,,other,26,-0.623952265544381,-0.45926988063181046,0.6322616128363931
W1130,JBOD,,other,26,-0.6532582096994137,-0.3903337842879801,0.6487628598368912
W1187,OS,,other,26,-0.6658678753566319,-0.4471007515428666,0.597261157734076
W1270,SSD,,other,26,-0.6169438824435711,-0.43298757397393683,0.6571925187489718
W19,DB-9,,other,27,0.670602150894562,-0.623291697919881,-0.4022439738762273
W63,LC,,other,27,0.6770737461277746,-0.612421974631908,-0.40805694123793124
W86,ONT,,other,27,0.6771101893506292,-0.6233286286740648,-0.391130684238484
W188,BNC,,other,27,0.6649173556354767,-0.6225718907944997,-0.4126610606384934
W209,DB-25,,other,27,0.6859082203374613,-0.6081559631682141,-0.39959509223267314
W210,DB-9,,other,27,0.6667559894725013,-0.6330350920370317,-0.3933230513867865
W309,LC (Lucent Connector),,other,27,0.6719949061920609,-0.6102771995087732,-0.4195051678008892
W370,DB-25,,other,27,0.6862424618610186,-0.6170949972775867,-0.385052006713254
W371,DB-9 S,,other,27,0.6575998439642595,-0.6325557612205449,-0.40918902009325514
W472,LC,,other,27,0.686239730571711,-0.6005284225979121,-0.4104152115077232
W554,PS/2,,other,27,0.6736236262580483,-0.6330201723682708,-0.3814664749644481
W589,SEC,,other,27,0.6614134042271811,-0.6180631544164682,-0.42488850991922195
W683,DB-9,,other,27,0.6939868947188649,-0.6054547357411226,-0.3896238608287672
W727,LC,,other,27,0.6571573016258162,-0.6410170966420407,-0.39653671044744976
W750,ONT,,other,27,0.6782953957942597,-0.6001148631776033,-0.4240017771632981
W852,BNC,,other,27,0.6855044069679068,-0.6243140778069591,-0.3745872932703732
W873,DB-25,,other,27,0.6518498588489913,-0.6311031124186196,-0.42047666167586667
W874,DB-9,,other,27,0.6952811572200612,-0.5949511436475488,-0.40325829078545455
W973,LC (Lucent Connector),,other,27,0.6649789598852738,-0.6425622282287076,-0.3806793476978464
W1034,DB-25,,other,27,0.6649178359029028,-0.6085585997113836,-0.43305969821206
W1035,DB-9 S,,other,27,0.6968802449162272,-0.609769040574148,-0.37754422443308827
W1136,LC,,other,27,0.6485630840747668,-0.6436221899685198,-0.4063451766116504
W1218,PS/2,,other,27,0.6879164209196643,-0.5911785789981906,-0.4210449923259502
W1253,SEC,,other,27,0.6790596145365935,-0.634778271802254,-0.3686930777125561
W108,RJ11,,other,28,0.8296290070527729,-0.5141174497353157,-0.2177130187524054
W109,RJ45,,other,28,0.8355640179610316,-0.5013277665452275,-0.22472926462655138
W146,UPnP,,other,28,0.8346920040146562,-0.5114110416081153,-0.20432328539669573
W500,MT-RJ,,other,28,0.8251798463753262,-0.5157936404630927,-0.2302935986818192
W543,PnP,,other,28,0.8427811947989038,-0.49365080189835125,-0.21454310401046855
W573,RJ-11,,other,28,0.8257389836809734,-0.5247018584109677,-0.2069857256179506
W574,RJ-45,,other,28,0.8316703434881728,-0.5014092428330348,-0.2385648988511669
W629,UPnP,,other,28,0.8422669923666399,-0.5017646839805849,-0.1970241494830474
W772,RJ11,,other,28,0.8185501228452701,-0.5280510137498148,-0.22613673577680007
W773,RJ45,,other,28,0.8435714121422624,-0.4863905565902449,-0.22762139415296823
W810,UPnP,,other,28,0.8310358531722977,-0.5217649599600274,-0.1927193225914368
W1164,MT-RJ,,other,28,0.8226605479868394,-0.512993619639331,-0.24508604406479478
W1207,PnP,,other,28,0.8491915456227291,-0.4876881686696807,-0.20256843036982142
W1237,RJ-11,,other,28,0.8174320369061842,-0.5360239555435288,-0.21091036987989972
W1238,RJ-45,,other,28,0.8372919536325871,-0.4892743435182203,-0.2440344261716776
W1293,UPnP,,other,28,0.840964666045902,-0.5086791339171997,-0.18445587325849028
W4,AES,,other,29,-0.7142295917634468,0.6731107543386058,0.1918280548906585
W34,EFS,,other,29,-0.7220429715059239,0.6662111157834233,0.1865923270274037
W42,FTP,,other,29,-0.7152784873133238,0.669074972836294,0.2017804904119216
W50,HTTP,,other,29,-0.7136304118122768,0.6763518553759218,0.1824275282576296
W51,HTTPS,,other,29,-0.7261310110927814,0.6595756730870576,0.1941486188494007
W139,TKIP,,other,29,-0.7074266616924236,0.6779678736656856,0.1997675664464634
W172,AES,,other,29,-0.7223841953241555,0.6686568706420501,0.17623581840549077
W237,EFS,,other,29,-0.7205894063379958,0.661689113405767,0.20716762457909424
W278,HTTPS (Hypertext Transfer Protocol Secure),,other,29,-0.7060824688754863,0.6834087339451005,0.1854725033913459
W294,IPSec (Internet Protocol Security),,other,29,-0.730793853330993,0.6572313669230359,0.18435637842536695
W333,AES,,other,29,-0.7085007402114157,0.6736332739795058,0.21034474870442613
W400,EFS,,other,29,-0.715635978724779,0.6771354860894429,0.1713262368495897
W420,FTP,,other,29,-0.7290079305910342,0.6537149138149486,0.2029882966855286
W440,HTTP,,other,29,-0.7006565076204009,0.6858311252831542,0.19676413779453164
W441,HTTPS,,other,29,-0.7295722971195672,0.6619013009423623,0.172078270233305
W542,PKI,,other,29,-0.7158136656788568,0.6638971508767935,0.216451770806048
W585,SCP,,other,29,-0.7058109433851869,0.686389497039966,0.17521521209910607
W588,SD,,other,29,-0.7356162825295128,0.6500111618348847,0.19066770667190416
W592,SFTP,,other,29,-0.7009289180376748,0.6813256832205499,0.21093592686544851
W609,SSL,,other,29,-0.7219368242647503,0.6722757904773699,0.16386727345188448
W618,TFTP,,other,29,-0.726653719310696,0.6529140135648552,0.21372333307939054
W619,TKIP,,other,29,-0.6973852836605922,0.6916439769008748,0.1878360331522628
W620,TLS,,other,29,-0.7365730532937633,0.653428972173964,0.1746159084538983
W668,AES,,other,29,-0.708049241750097,0.6704817618832198,0.2216314017441702
W698,EFS,,other,29,-0.7100435447726402,0.6846527049718498,0.16458687098742913
W706,FTP,,other,29,-0.7367262107789798,0.6454925398892829,0.2014295690769575
W714,HTTP,,other,29,-0.6944632918956389,0.689596490755529,0.20537141024770791
W715,HTTPS,,other,29,-0.7302034636581128,0.6639540789318796,0.16114553276902982
W803,TKIP,,other,29,-0.7203275831607181,0.6566512423466787,0.2234665945111314
W836,AES,,other,29,-0.698059369374087,0.6941380871442896,0.17574251848860825
W901,EFS,,other,29,-0.7416332769991141,0.6454144539906526,0.18281210306624485
W942,HTTPS (Hypertext Transfer Protocol Secure),,other,29,-0.6992755518676219,0.6796571076275211,0.22153988040897987
W958,IPSec (Internet Protocol Security),,other,29,-0.7176924802952531,0.6786171693699142,0.1561929613139229
W997,AES,,other,29,-0.733758170444814,0.6447968440870112,0.21409338420630863
W1064,EFS,,other,29,-0.6906720681186795,0.6964492839053628,0.1947575140228828
W1084,FTP,,other,29,-0.738547092505873,0.6539387483901483,0.16404970437354607
W1104,HTTP,,other,29,-0.7112198334671316,0.6643264528637695,0.22986237732266593
W1105,HTTPS,,other,29,-0.7028038400187673,0.6924530595848798,0.16302000713536322
W1206,PKI,,other,29,-0.7434051951979164,0.6396940621276169,0.1952952191719403
W1249,SCP,,other,29,-0.6913312954253193,0.6895957221319391,0.2156821271753393
W1252,SD,,other,29,-0.727401219610726,0.6691421418696271,0.15210608036155612
W1256,SFTP,,other,29,-0.726882928411506,0.6484695401534248,0.22611604073377717
W1273,SSL,,other,29,-0.6906450022504668,0.7002359481720561,0.18077360911934584
W1282,TFTP,,other,29,-0.7451991625724148,0.644109375277341,0.17263059051397867
W1283,TKIP,,other,29,-0.7008506606290665,0.6748093746934172,0.2311723584723752
W1284,TLS,,other,29,-0.7111353657779242,0.686388199168219,0.15217664598257827
W66,LED,,other,30,0.28556252778155294,-0.02254068258449112,-0.9580949641635921
W85,OLED,,other,30,0.26851065960490167,-0.0316184762486982,-0.9627576525991633
W475,LED,,other,30,0.27963874699183927,-0.005253408346540147,-0.9600909190704694
W522,OLED,,other,30,0.28995447961375814,-0.03882823007551407,-0.9562524605464384
W730,LED,,other,30,0.25604378492480534,-0.01848099297240829,-0.9664885064500942
W749,OLED,,other,30,0.29896831716441424,-0.00872332674784781,-0.954223165146565
W1139,LED,,other,30,0.27085999506570846,-0.04954445621720501,-0.9613429200504604
W1186,OLED,,other,30,0.26485226326306727,0.004131103012820614,-0.9642801525658031
W93,PCI,,other,31,0.8098917742722093,-0.4412823137488,0.3864521102785161
W94,PCIe,,other,31,0.8204257265951151,-0.4283702023476809,0.37868271267841663
W529,PCI,,other,31,0.8070815742109799,-0.43322690444825845,0.40116552921619025
W531,PCIe,,other,31,0.8128396309924031,-0.44782315633322156,0.37248644933726766
W532,PCIX,,other,31,0.8218359619974612,-0.4154706909919839,0.38983298538521693
W757,PCI,,other,31,0.7992375805943843,-0.45022568227196064,0.398140835369072
W758,PCIe,,other,31,0.8247158975234298,-0.4334448893532741,0.36327567530135
W1193,PCI,,other,31,0.8106199875244521,-0.41899392163707116,0.409071301189713
W1195,PCIe,,other,31,0.8032915046654511,-0.4611378896728322,0.37692785150530145
W1196,PCIX,,other,31,0.8306105199283172,-0.4114184378673549,0.3752612865287276
W495,MP3,,other,32,-0.34473950061153164,-0.7208050615412988,-0.6013274814729128
W496,MP4,,other,32,-0.32437542105828643,-0.7235279533127438,-0.6093339699937396
W497,MPEG,,other,32,-0.3432709513440462,-0.7340798492661655,-0.5859111100369382
W1159,MP3,,other,32,-0.34483876936509983,-0.7085713857997222,-0.6156401663054681
W1160,MP4,,other,32,-0.31490596722809966,-0.7374031140807918,-0.5975540805216596
W1161,MPEG,,other,32,-0.36253886863163853,-0.7223650545328785,-0.5888584691765949
W140,TN,,other,33,0.10378149946496659,-0.31685442132928265,-0.9427792297525909
W349,BNC,,other,33,0.11477620404702596,-0.30582909233268746,-0.9451428406688165
W511,NiCd,,other,33,0.11269412475786483,-0.3274036948854658,-0.9381401040465139
W512,NiMH,,other,33,0.09622451531029545,-0.3065519648662151,-0.946977684789859
W612,STP,,other,33,0.1277312100418278,-0.31167278907436285,-0.9415650856589033
W621,TN,,other,33,0.09670887602895033,-0.3301795471571337,-0.9389509358514573
W635,UTP,,other,33,0.10836584134579418,-0.2938002719133537,-0.9497042932687297
W662,ZIF,,other,33,0.1264821213505266,-0.32996099538881485,-0.9354827708198014
W804,TN,,other,33,0.08436813149718714,-0.3148219670838956,-0.9453936468102057
W1013,BNC,,other,33,0.1297843715558436,-0.2974725260199647,-0.9458679152837124
W1175,NiCd,,other,33,0.10618054231391742,-0.3413656285860027,-0.9339139146912876
W1176,NiMH,,other,33,0.09248897389558429,-0.29254814931999235,-0.9517674978886334
W1276,STP,,other,33,0.13944154716024937,-0.3196702875077188,-0.9372123357117577
W1285,TN,,other,33,0.08219373807388121,-0.33104388234169124,-0.9400287960406226
W1299,UTP,,other,33,0.11912242985909581,-0.28428754386546845,-0.9513098544151658
W1326,ZIF,,other,33,0.12420567334833912,-0.34343442307374844,-0.9309273590114792
W13,BYOD,,other,34,0.6113824074798606,-0.7752781549958838,0.1586043322558
W326,MFP,,other,34,0.6241466262902484,-0.7666169153507381,0.15079620017964662
W351,BYOD,,other,34,0.614079252377317,-0.76995119233631,0.17344115203610094
W488,MFD,,other,34,0.6094876802808028,-0.7794999343271218,0.14458430056523616
W489,MFP,,other,34,0.6317720944475255,-0.7580243366655752,0.16205901918776858
W624,UDF,,other,34,0.600569524534376,-0.7811966074050083,0.17043505149897759
W677,BYOD,,other,34,0.6237519064287319,-0.7698141630562898,0.13535033647710853
W990,MFP,,other,34,0.6235727569848412,-0.7604128793453396,0.18146423799761233
W1015,BYOD,,other,34,0.5969588093321161,-0.7882916258740382,0.1491190549113282
W1152,MFD,,other,34,0.6387570425570059,-0.7551468246255063,0.14745410757873856
W1153,MFP,,other,34,0.6033607191707772,-0.7754271704353267,0.18619491376615413
W1288,UDF,,other,34,0.6118410069328012,-0.7805507041668993,0.12802804559944386
W10,BEC,,other,35,-0.3486403876314465,0.9358655269076321,-0.05104503558716328
W35,EOL,,other,35,-0.36159308272233454,0.9305157765856402,-0.05823085138122156
W38,EULA,,other,35,-0.35348887532185325,0.9346924962381931,-0.03735709436916686
W74,MNDA,,other,35,-0.3448602154589431,0.9364739329455315,-0.06393750626306673
W78,NDA,,other,35,-0.3713840627209102,0.9272466847686066,-0.04782743504035521
W121,SLA,,other,35,-0.3384313745774799,0.9401362253567214,-0.04010090365083641
W246,EULA,,other,35,-0.3593055239882813,0.9304057215214331,-0.07242053432341031
W409,EULA,,other,35,-0.3649447399304437,0.9305482701907928,-0.029920789461916227
W674,BEC,,other,35,-0.3318591391190491,0.9414369076107528,-0.05971650334259737
W699,EOL,,other,35,-0.37725088633057363,0.9240839607525245,-0.06124216066341236
W702,EULA,,other,35,-0.34355337820469956,0.9387859289059103,-0.025535387453607398
W738,MNDA,,other,35,-0.3454830284092248,0.9350832046611138,-0.07912570658068123
W742,NDA,,other,35,-0.37937954132161433,0.9245549870082362,-0.035626389443804626
W785,SLA,,other,35,-0.3251682695625444,0.9446241169123826,-0.044168701783070925
W910,EULA,,other,35,-0.37151695117633676,0.9251380265405684,-0.07806911577097664
W1073,EULA,,other,35,-0.35891854160010633,0.9332120063290789,-0.017112327103809364
W3,ADF,,other,36,-0.8086182881217144,0.38659861863827333,-0.4434839029571279
W131,SQL,,other,36,-0.8113821273910649,0.37385840753722105,-0.4493205253091415
W166,XXS,,other,36,-0.8154656305457835,0.3848594928451115,-0.4323181423044506
W170,ADF,,other,36,-0.8023939894144213,0.3874291661417387,-0.4539411051825184
W275,Hypertext Markup Language (HTML),,other,36,-0.8190779868617222,0.36714101163922175,-0.4408159808934761
W331,ADF,,other,36,-0.8082065734439933,0.39749112812867876,-0.43451460010097404
W418,FPM,,other,36,-0.8052703900114311,0.3730872970258518,-0.4608095786426118
W438,HTML,,other,36,-0.8227494838494795,0.37607676992094763,-0.4262036484490036
W445,ICR,,other,36,-0.7984290972793985,0.3995131124350875,-0.45044450225309013
W549,PPM,,other,36,-0.8166108021728167,0.3593566762038677,-0.45167419346513216
W633,USMT,,other,36,-0.8154193313597876,0.39560477312330067,-0.42259694453086016
W667,ADF,,other,36,-0.7970660245306621,0.3838446801557516,-0.46620705062773843
W795,SQL,,other,36,-0.8265729597758656,0.36221577272983446,-0.43078634629372176
W830,XXS,,other,36,-0.8011135103014919,0.4081809862760232,-0.43772757059060646
W834,ADF,,other,36,-0.8081341633088119,0.3611164050107486,-0.4653107737042841
W939,Hypertext Markup Language (HTML),,other,36,-0.8246705102140826,0.38357508148177877,-0.41567860956451885
W995,ADF,,other,36,-0.7918773466613424,0.3996272935175107,-0.46176649306815387
W1082,FPM,,other,36,-0.8240498585991444,0.35126524274829646,-0.4444711011749928
W1102,HTML,,other,36,-0.8099054851327159,0.40760860770828383,-0.42179180655159043
W1109,ICR,,other,36,-0.7972399332261015,0.37330190328623386,-0.4743987540798523
W1213,PPM,,other,36,-0.8312274567877106,0.3657895396042672,-0.4186393767890603
W1297,USMT,,other,36,-0.7930815296794901,0.4131684126455533,-0.44756401784906025
W23,DIMM,,other,37,-0.8312717316809004,-0.2648734951574893,-0.48870168781301787
W84,NVME,,other,37,-0.8240724809607219,-0.27627728690450076,-0.4945456570064376
W126,SODIMM,,other,37,-0.8357276904892054,-0.27118368360088774,-0.4775129706073252
W217,DIMM,,other,37,-0.8266735459768656,-0.2596938545317268,-0.4991692601718273
W327,MicroDIMM,,other,37,-0.8255226364442803,-0.2868739842517076,-0.4860202607686593
W379,DIMM,,other,37,-0.8390815435564645,-0.25656201773807524,-0.479706258367627
W490,MicroDIMM,,other,37,-0.8183771822659217,-0.2723603788631682,-0.5060421045446731
W519,NVMe,,other,37,-0.8352934424470023,-0.2829989982632363,-0.47137716532203916
W594,SIMM,,other,37,-0.832389966430711,-0.24789639829889365,-0.4956554443319638
W600,SoDIMM,,other,37,-0.8176458523864679,-0.2907932273965623,-0.49688485484616784
W687,DIMM,,other,37,-0.8437423875201049,-0.26325157849634695,-0.4677578325598139
W748,NVME,,other,37,-0.8195417945053575,-0.25842526075659733,-0.5114368305683733
W790,SODIMM,,other,37,-0.8281573532959303,-0.2960087678571041,-0.47595609832588415
W881,DIMM,,other,37,-0.8411369065462158,-0.24349568199286026,-0.48290636493702843
W991,MicroDIMM,,other,37,-0.8118563808783817,-0.28327751511419114,-0.5105321402789302
W1043,DIMM,,other,37,-0.8425332109606665,-0.27890037077863183,-0.46081706957083374
W1154,MicroDIMM,,other,37,-0.8269950822965364,-0.24300816974632478,-0.5069774780933433
W1183,NVMe,,other,37,-0.8178670888192499,-0.30221611845945634,-0.48965175662875476
W1258,SIMM,,other,37,-0.8481059993814944,-0.2503783851753384,-0.466933483539258
W1264,SoDIMM,,other,37,-0.8118295835625832,-0.26631640232802994,-0.5196232299499873
W39,exFAT,,other,38,-0.9154210058082202,-0.07284828955639741,0.3958503616693735
W40,FAT32,,other,38,-0.9167903136150805,-0.08485492116495273,0.3902501290398916
W249,exFAT,,other,38,-0.9104452004193563,-0.07662468733283873,0.406470410146302
W251,FAT12,,other,38,-0.9199244249107901,-0.07004912368864169,0.3857877301353754
W252,FAT16,,other,38,-0.9125018910530174,-0.09324393732735789,0.39830373708560496
W253,FAT32,,other,38,-0.9124397500207457,-0.06320569371410062,0.40430031271840305
W412,exFAT,,other,38,-0.9215604374935618,-0.08347985981976641,0.37915362724250345
W413,FAT,,other,38,-0.906965041943192,-0.08666750315448911,0.4121931059466547
W414,FAT12,,other,38,-0.9193943479883797,-0.05819076913122094,0.38900882673139847
W415,FAT16,,other,38,-0.9163873397501631,-0.0991848231414911,0.38781002359919786
W416,FAT32,,other,38,-0.9070750461290005,-0.06721907937442403,0.4155676311482
W427,GPT,,other,38,-0.9247281833012394,-0.07137129577991146,0.3738768850130825
W471,LBA,,other,38,-0.9076272361372105,-0.09998591086384684,0.40769549648071296
W641,VFAT,,other,38,-0.9146112566381696,-0.05151145196981033,0.4010396732827193
W703,exFAT,,other,38,-0.922300215581214,-0.09482191356452453,0.37466133647176353
W704,FAT32,,other,38,-0.9029657139722073,-0.08074200410075462,0.4220588207400191
W913,exFAT,,other,38,-0.9241173611672417,-0.055885777442268365,0.3779998448001892
W915,FAT12,,other,38,-0.912447600981775,-0.10866596573869702,0.3945010562123755
W916,FAT16,,other,38,-0.9076384683312875,-0.05490403077755383,0.41614655856994853
W917,FAT32,,other,38,-0.9271758169585275,-0.08057763191753316,0.3658582371381701
W1076,exFAT,,other,38,-0.902588680196477,-0.0983848828669195,0.4191110702480243
W1077,FAT,,other,38,-0.9191239947561559,-0.04447136175582335,0.39145035476681933
W1078,FAT12,,other,38,-0.9198588159668765,-0.10718281056150347,0.3773216185274213
W1079,FAT16,,other,38,-0.9013583334324308,-0.06901867557745299,0.4275389773733447
W1080,FAT32,,other,38,-0.9283775467877936,-0.06101451717602111,0.36659563460856315
W1091,GPT,,other,38,-0.9069037662635973,-0.11284378675456523,0.4059456103073326
W1135,LBA,,other,38,-0.9109940146178085,-0.04320894403380909,0.410149841504311
W1305,VFAT,,other,38,-0.9270742292492393,-0.09400213256603646,0.36290077505423707
W37,ESD,,other,39,0.5784192245203015,-0.0006232659828686079,-0.8157394266828395
W239,EMI,,other,39,0.5721218348575788,0.013933880856483253,-0.8200502747048346
W240,EMP,,other,39,0.5899844297477785,0.004658141316824398,-0.80740118551725
W245,ESD,,other,39,0.5673921817840647,-0.004647611990113162,-0.8234345825583891
W402,EMI,,other,39,0.5808056544622413,0.024785246194874128,-0.8136648470443757
W403,EMP,,other,39,0.5877364671977758,-0.012073008312553469,-0.8089623523972935
W408,ESD,,other,39,0.5599210541303806,0.011620122078180762,-0.8284644747389062
W701,ESD,,other,39,0.5960682516116305,0.01743207148126795,-0.8027445187010159
W903,EMI,,other,39,0.5710085881450603,-0.0191350504496427,-0.8207210501192682
W904,EMP,,other,39,0.5691744041642691,0.031564212691684,-0.8216107339375524
W909,ESD,,other,39,0.599969566568358,-0.0064522544690840495,-0.7999968047461459
W1066,EMI,,other,39,0.5542311093441123,-0.0036564763398129587,-0.8323547967159023
W1067,EMP,,other,39,0.5909138456461753,0.033684394850436644,-0.8060311337455942
W1072,ESD,,other,39,0.5842115355947071,-0.026711188495488435,-0.8111617558090572
W72,MFA,,other,40,-0.313456519568422,0.878094958928156,-0.3615166018940372
W88,OTP,,other,40,-0.3262472193797488,0.8704980693529557,-0.3685049024093963
W135,SSO,,other,40,-0.32005422162508296,0.8811095339721725,-0.3481541100767062
W141,TOTP,,other,40,-0.3080705457682681,0.8747499209588185,-0.3740389212536339
W325,Multi-factor authentication (MFA),,other,40,-0.3376658917092434,0.8703916686388153,-0.35832958116842706
W487,MFA,,other,40,-0.3039625456630378,0.8857506298528836,-0.35078852967174695
W610,SSO,,other,40,-0.32228451796914337,0.8660290287653081,-0.38226484381017045
W736,MFA,,other,40,-0.33289246655416416,0.8792087026710302,-0.34084404477562585
W752,OTP,,other,40,-0.294906295960594,0.8810408752066522,-0.36986112639462243
W799,SSO,,other,40,-0.34233995037926007,0.8630840162979592,-0.37133453809915157
W805,TOTP,,other,40,-0.31094608104998406,0.8888522773446998,-0.3365325597008372
W989,Multi-factor authentication (MFA),,other,40,-0.30705213328691616,0.868680733615586,-0.3887322606744148
W1151,MFA,,other,40,-0.34740287815605864,0.8714132432421383,-0.3463382735868283
W1274,SSO,,other,40,-0.2896106442515276,0.889016584838963,-0.3546479756286255
W18,CPU,,other,41,0.31383928578633585,-0.48129400544234424,0.8184503546473587
W101,PUP,,other,41,0.3264539277155219,-0.4788687624963975,0.8149310040637046
W128,SOP,,other,41,0.3120550625167293,-0.4710529120234883,0.8250641138916853
W205,CPU,,other,41,0.31612309098682434,-0.4904554980268085,0.8121081182947325
W282,intelligent character recognition (ICR),,other,41,0.3297007535492459,-0.46799865961668935,0.8199235743080217
W292,IPP (Internet Printing Protocol),,other,41,0.30181015223429963,-0.48009875458960344,0.8236600135066778
W313,LPD/LPR (line printer daemon/line printer remote),,other,41,0.3303828703181485,-0.48798251701257517,0.8079110236222882
W314,LPT (Line Printer Terminal),,other,41,0.31773944306421786,-0.46099639351646143,0.8285674212072646
W353,CAPTCHA,,other,41,0.30466296127965065,-0.49447869119138577,0.8140462542030201
W366,CPU,,other,41,0.3394645265583144,-0.47258675504739583,0.8132807597394102
W476,LPD/LPR,,other,41,0.2998889396785168,-0.4691655993932834,0.8306324483214196
W477,LPT,,other,41,0.3226477022948574,-0.498624300255395,0.8045323283738615
W530,PCI,,other,41,0.3308926870014446,-0.45691226858479506,0.8256762128738239
W533,PCL,,other,41,0.2934524895751181,-0.4889061872405063,0.8214964250927184
W682,CPU,,other,41,0.34184664025749967,-0.4849259392831282,0.8049768369059046
W765,PUP,,other,41,0.30812588438252564,-0.45658900605030456,0.8346166299130886
W792,SOP,,other,41,0.3077389065070332,-0.5039758158919952,0.8070347838958696
W869,CPU,,other,41,0.3441958907623127,-0.46203732922142,0.8173436824177912
W946,intelligent character recognition (ICR),,other,41,0.2892349980331594,-0.47539051310557656,0.8308712150279217
W956,IPP (Internet Printing Protocol),,other,41,0.3339592243716186,-0.4994435923218018,0.7993918529393459
W977,LPD/LPR (line printer daemon/line printer remote),,other,41,0.3241755883950441,-0.4489197437905125,0.8326951732319503
W978,LPT (Line Printer Terminal),,other,41,0.29191416322138586,-0.49995258735711856,0.8153732468665383
W1017,CAPTCHA,,other,41,0.35085065109128816,-0.4758494712312814,0.8065178865702416
W1030,CPU,,other,41,0.2956974692283629,-0.4587479959372395,0.8379220028830295
W1140,LPD/LPR,,other,41,0.3172101886403824,-0.5096428834515442,0.7997761109022503
W1141,LPT,,other,41,0.3422947490296419,-0.4508110027509554,0.8243808249743637
W1194,PCI,,other,41,0.2821433864398274,-0.48628482994684524,0.8269958728142687
W1197,PCL,,other,41,0.3464528332973562,-0.49405952854287727,0.7974180939483528
W147,UPS,,other,42,0.6655581171861956,-0.1473419154948358,-0.7316575377769841
W337,APM,,other,42,0.6626381722760867,-0.12867080554676813,-0.7378038197532952
W556,PSU,,other,42,0.6791393648953851,-0.143805973634663,-0.7197843878526956
W630,UPS,,other,42,0.6527975806223875,-0.1495028575116433,-0.7426332973476281
W811,UPS,,other,42,0.6745931409522753,-0.11787990242544348,-0.7287169702870322
W1001,APM,,other,42,0.6723892655265274,-0.16302933265440478,-0.7220208530914856
W1220,PSU,,other,42,0.6490483794708957,-0.1285318968886578,-0.7498104777798238
W1294,UPS,,other,42,0.6888066976145567,-0.1301292079635789,-0.7131701918589279
W167,AC,,other,43,0.4276655175902764,-0.2832356937994882,-0.8584170005435374
W212,DC,,other,43,0.43005186786784083,-0.26810478721094383,-0.8620761068594556
W328,AC,,other,43,0.4401997303841738,-0.2854324866386996,-0.8513239647401858
W363,CMOS,,other,43,0.4162674352786914,-0.2803448324914487,-0.8649440428269576
W373,DC,,other,43,0.443104369962116,-0.26425172944071507,-0.8566385123306488
W478,LVD,,other,43,0.4294857258940965,-0.29757219344528213,-0.8526387282673621
W525,PAL,,other,43,0.4185761949886626,-0.2631997640707914,-0.8692064502647763
W638,VDC,,other,43,0.45208596880625307,-0.2786050591986812,-0.8473473300821872
W831,AC,,other,43,0.4116833704111257,-0.2939483426484748,-0.862618788562567
W876,DC,,other,43,0.436908758569553,-0.2523914300300805,-0.8633708952313502
W992,AC,,other,43,0.44277347955317753,-0.29987596822588436,-0.8450006209967897
W1027,CMOS,,other,43,0.405739003004015,-0.27227199877350106,-0.8724928768334962
W1037,DC,,other,43,0.45634572275532864,-0.2627620367756984,-0.8501203993272972
W1142,LVD,,other,43,0.4188203944896669,-0.3073431886780168,-0.8544762381323128
W1189,PAL,,other,43,0.42155758099050583,-0.24931214646912905,-0.8718558708481514
W1302,VDC,,other,43,0.4576289719907022,-0.29001091503813364,-0.8405173366168468
W136,ST,,other,44,-0.08705826559587734,-0.49389644919706016,-0.8651515219092974
W150,VA,,other,44,-0.06975028486658189,-0.48930248752662236,-0.8693204089754768
W557,PVA,,other,44,-0.08355288542654063,-0.508429113138402,-0.8570406946290225
W611,ST,,other,44,-0.0892872323003948,-0.48024421565606346,-0.8725785256795101
W637,VA,,other,44,-0.05952892869143736,-0.5015270273108455,-0.8630915058819639
W800,ST,,other,44,-0.10154677733712598,-0.5026265280233767,-0.858518972032424
W814,VA,,other,44,-0.06986008459495638,-0.47460845704305554,-0.8774202989922193
W1221,PVA,,other,44,-0.07069226175465407,-0.5179825167226061,-0.8524650822747678
W1275,ST,,other,44,-0.10598204240713475,-0.4817313864715097,-0.869886589145648
W1301,VA,,other,44,-0.04973066605184328,-0.4892272986231332,-0.8707373376259638
W14,CAC,,other,45,-0.11866495288939384,0.9877454054493852,-0.10137871063190744
W26,DMARC,,other,45,-0.13607308972568746,0.9845274749585546,-0.11040727016024691
W102,RADIUS,,other,45,-0.12506698246879852,0.9885718129007142,-0.08416662423042025
W561,RADIUS,,other,45,-0.11373943829282299,0.9865293308926101,-0.11757218831599765
W678,CAC,,other,45,-0.14912666795424004,0.984017314841178,-0.0973198900411624
W690,DMARC,,other,45,-0.10496411589487362,0.9906098371519276,-0.08760527902037983
W766,RADIUS,,other,45,-0.1331753568547242,0.9827632130462093,-0.12822164953590307
W1225,RADIUS,,other,45,-0.14039345743324153,0.987265916474605,-0.07480432659611841
W119,SCSI,,other,46,0.2214777755541461,-0.7776956374585966,0.588334165601025
W261,Graphical User Interface (GUI),,other,46,0.23610278361112455,-0.7777906369109493,0.5824922323127907
W319,MAPI (Messaging Application Programming Interface),,other,46,0.2239431306474627,-0.7685089968498601,0.5993691650365701
W360,CGA,,other,46,0.21998998595865388,-0.7859540124343295,0.5778241050841417
W424,GUI,,other,46,0.24425214387019742,-0.7689240511584614,0.5908440519840007
W481,MAPI,,other,46,0.2090095340475802,-0.7744773061114189,0.5970761400320842
W501,MUI,,other,46,0.23639716292501756,-0.7862617655214869,0.5708842417163371
W586,SCSI,,other,46,0.2343592145595898,-0.7607383087634596,0.605271000569764
W783,SCSI,,other,46,0.20589475727810072,-0.7873397178718792,0.5811226355829048
W925,Graphical User Interface (GUI),,other,46,0.25277376971240456,-0.7745086671209704,0.5798635580029826
W983,MAPI (Messaging Application Programming Interface),,other,46,0.2116104499138901,-0.7646202327344436,0.6087502913185066
W1024,CGA,,other,46,0.22347224987394498,-0.794012001287453,0.565336267497293
W1088,GUI,,other,46,0.25025479647590854,-0.7594296694154683,0.600532358871955
W1145,MAPI,,other,46,0.19618932650235207,-0.7804858152989724,0.5935921497827036
W1165,MUI,,other,46,0.2500165867128657,-0.7854931162845423,0.5661203676233938
W1250,SCSI,,other,46,0.2258573691938033,-0.7551213796797176,0.6154511765619217
W100,POST,,other,47,-0.14374384793594078,0.5465344852828693,0.8250077348589879
W122,S.M.A.R.T.,,other,47,-0.16134623879976118,0.5488271475477468,0.8202171379212788
W297,IRP (Incident Response Plan),,other,47,-0.14577842770343757,0.5322182238683991,0.8339618769456312
W547,POST,,other,47,-0.1428180904790605,0.559606322732783,0.8163600655283226
W596,S.M.A.R.T.,,other,47,-0.17025340311976236,0.5358679826968327,0.8269578488935012
W764,POST,,other,47,-0.12844987918746578,0.5396732211745636,0.8320176938525982
W786,S.M.A.R.T.,,other,47,-0.162595425788697,0.5625376961901891,0.8106257261385348
W961,IRP (Incident Response Plan),,other,47,-0.157535030319224,0.5213847210240382,0.8386540925226603
W1211,POST,,other,47,-0.12604025560604717,0.5598821189679741,0.8189297081109548
W1260,S.M.A.R.T.,,other,47,-0.1810985588441384,0.5461486755101361,0.8178783138237009
W73,MMC,,other,48,0.5668965122786248,0.46004935122045765,0.6833614993603069
W105,RDP,,other,48,0.5622402211256334,0.47267565968562425,0.6785747228488245
W110,RMM,,other,48,0.5574533423117669,0.458082543134609,0.6923916195483371
W118,SCADA,,other,48,0.575184116387976,0.46247281018740877,0.674745975973436
W159,WinRM,,other,48,0.5512584259354164,0.4757464029822168,0.6854046307727202
W323,MBSA (Microsoft Baseline Security Analyzer),,other,48,0.5679529168060689,0.4479200632798327,0.6905049610269789
W494,MMC,,other,48,0.5701638029498419,0.47673931999995506,0.6690537038024333
W498,MSConfig,,other,48,0.5467817987109513,0.46360359028655496,0.6972097070981105
W564,RAS,,other,48,0.5811081988157836,0.45099845975510733,0.6774316574884854
W565,RDP,,other,48,0.5537876518052323,0.48559823020113396,0.6763975129563777
W571,RIS,,other,48,0.5578554807850367,0.44578820136241826,0.7000500996958401
W737,MMC,,other,48,0.5817051461297599,0.46911183748992696,0.6644947004250517
W769,RDP,,other,48,0.5404181759790591,0.4767214485177381,0.6933143988080848
W774,RMM,,other,48,0.5778410261569936,0.43962213665209304,0.6876278975254575
W782,SCADA,,other,48,0.5650717017537549,0.48815940399059293,0.6651273323001126
W823,WinRM,,other,48,0.5443095862078187,0.4538328479283168,0.705523082899168
W987,MBSA (Microsoft Baseline Security Analyzer),,other,48,0.589533978647969,0.45419519631333855,0.6679494080133493
W1158,MMC,,other,48,0.5428033024200942,0.49013643407028895,0.6820050226198491
W1162,MSConfig,,other,48,0.5657082174074001,0.43514299252534644,0.7004461355549247
W1228,RAS,,other,48,0.5803346537337717,0.48044092637987396,0.6575623209513695
W1229,RDP,,other,48,0.5339928709232323,0.46980234779376656,0.7029490506506351
W1235,RIS,,other,48,0.5885983653284749,0.4382095638797424,0.6793558290446716
W174,AP,,other,49,0.9165376129218624,0.3937905097292163,-0.06991307850966282
W175,APIPA,,other,49,0.9101613078392713,0.40695842597529003,-0.07740305704571257
W177,ARP,,other,49,0.9153087814514046,0.3988906576856456,-0.05564241016578741
W192,CAPTCHA,,other,49,0.9171292456623725,0.38977776104902356,-0.0833501274286829
W335,AP,,other,49,0.9064317069468026,0.4170754509847019,-0.06655545678164221
W546,PoS,,other,49,0.9217059101442854,0.3834526600074338,-0.058500194344277584
W650,WAP,,other,49,0.9099005338995647,0.4044526612880352,-0.09219036384738312
W838,AP,,other,49,0.9105243035611956,0.41067307629831507,-0.04788650152263861
W839,APIPA,,other,49,0.9230417164966335,0.3765124162975357,-0.07894548739947038
W841,ARP,,other,49,0.9025822400110142,0.422917745102131,-0.08053496690524581
W856,CAPTCHA,,other,49,0.9202892698371499,0.38883372989885107,-0.04331270385871553
W999,AP,,other,49,0.9153605033250897,0.3902299645207497,-0.09917521738102168
W1210,PoS,,other,49,0.9034215173870699,0.42536088291906715,-0.0538301142888986
W1314,WAP,,other,49,0.9269820264907107,0.36982263932475834,-0.06273386650004037
W111,RSR,,other,50,-0.05647271565472653,0.7695150895836868,0.636126842138886
W149,UTM,,other,50,-0.06984583449019983,0.7726948365151335,0.6309233305459695
W197,CERT,,other,50,-0.060416743519106655,0.7609838686439837,0.6459515219938586
W284,Intrusion Detection System (IDS),,other,50,-0.05359612015023391,0.7773638046737817,0.6267638878301333
W358,CERT,,other,50,-0.07893591928972268,0.7656819966916664,0.6383574238529302
W384,DMZ,,other,50,-0.04564972577777375,0.763741374858373,0.6439062158931657
W460,IRP,,other,50,-0.06856302868931725,0.7811398587837192,0.620580077118416
W485,MBSA,,other,50,-0.07138194388926455,0.7555399813678806,0.6512019307720246
W538,PGP,,other,50,-0.040438245068661484,0.7757888619214667,0.6296954740621551
W634,UTM,,other,50,-0.08571595982769589,0.7730127617268104,0.6285730223596191
W775,RSR,,other,50,-0.04984204281689202,0.7545931853490248,0.6542972530835288
W813,UTM,,other,50,-0.05530875888725911,0.7860895307409795,0.6156331625649953
W861,CERT,,other,50,-0.08617875987893389,0.7576243276310978,0.6469765061632888
W948,Intrusion Detection System (IDS),,other,50,-0.03281138378085128,0.7670108431875831,0.6407946469244719
W1022,CERT,,other,50,-0.08117811719841625,0.7832944674983476,0.6163277459879608
W1048,DMZ,,other,50,-0.06463221448461634,0.7482511726421922,0.6602596909477352
W1124,IRP,,other,50,-0.03812859440527888,0.7841482535185708,0.6194011033187243
W1149,MBSA,,other,50,-0.09603902245790508,0.7667770287530019,0.6346885018196312
W1202,PGP,,other,50,-0.03623729680415397,0.7549807091418672,0.6547449787084823
W1298,UTM,,other,50,-0.06564137827541165,0.7911327557682849,0.6081119734132715
W115,SAS,,other,51,-0.19944453918693048,-0.6185957291414713,0.7599744730426439
W148,USB,,other,51,-0.18570745702652533,-0.6295086533961536,0.7544743837295623
W419,FSB,,other,51,-0.1903037250808706,-0.6086329525014429,0.7702924258680731
W582,SAS,,other,51,-0.20699119755012035,-0.6281465385295575,0.7500577112930059
W632,USB,,other,51,-0.17144118068055264,-0.6241580029947096,0.7622563275332741
W779,SAS,,other,51,-0.20884749592035168,-0.6053323756000382,0.7680855671721825
W812,USB,,other,51,-0.19173708048476396,-0.6406692178577045,0.7434916578259477
W1083,FSB,,other,51,-0.17471847654095526,-0.6063862947869431,0.7757377878186484
W1246,SAS,,other,51,-0.22134721125000376,-0.6195993108566044,0.7530618208738689
W1296,USB,,other,51,-0.16756023290814198,-0.6376728321383838,0.7518623062106398
W33,EDR,,other,52,-0.1883248646183566,0.23803526850662882,0.9528236753531342
W71,MDR,,other,52,-0.17488028686008433,0.2310360096700651,0.957099392698307
W164,XDR,,other,52,-0.18283766991690747,0.25132533811888585,0.9504767019126685
W178,ASR,,other,52,-0.19256457797967716,0.22546438673670974,0.9550312526933075
W339,ASR,,other,52,-0.16426390271057315,0.2411209226215996,0.9564925880216741
W461,IRQ,,other,52,-0.19866481026607666,0.24862427260219197,0.9480075233008306
W577,RPO,,other,52,-0.17754331732025788,0.21718180140743418,0.9598491733664931
W579,RT,,other,52,-0.17050649852690758,0.2585029113348513,0.9508437194363223
W697,EDR,,other,52,-0.20601054997542456,0.22951501029001387,0.9512531279057105
W735,MDR,,other,52,-0.1583400397478359,0.22802039686727574,0.9606951287610153
W828,XDR,,other,52,-0.19280499221033495,0.2627351878448753,0.9454080896876705
W842,ASR,,other,52,-0.1921328744486743,0.21060648442765034,0.9585039735301654
W1003,ASR,,other,52,-0.15538316102034433,0.25289970777170206,0.9549334066207514
W1125,IRQ,,other,52,-0.21253620042811078,0.24458123936249637,0.9460488258327302
W1241,RPO,,other,52,-0.16469166326797177,0.2116014295591812,0.9633802421985515
W1243,RT,,other,52,-0.17634145144335517,0.27087245299995993,0.9463254232602205
W25,DLP,,other,53,-0.8838712721922694,0.4524333316181649,-0.11864086409878617
W76,MSDS,,other,53,-0.88918545798066,0.43999180163910606,-0.12552464222652668
W220,DLP,,other,53,-0.8873561313236601,0.4488483056017653,-0.10551916774089694
W225,DRM,,other,53,-0.8808313805485998,0.4549483915425538,-0.13098870208415234
W382,DLP,,other,53,-0.8946317563691748,0.43160472864463756,-0.11554816617927864
W433,HDCP,,other,53,-0.8800326766947346,0.46243691905879963,-0.10814149916154196
W499,MSDS,,other,53,-0.8866666630729109,0.4409878844616368,-0.13911115826273418
W591,SFF,,other,53,-0.8932468507269986,0.43866982370516233,-0.09838114370539157
W625,Disk,,other,53,-0.8750657385914775,0.4670633322520747,-0.12693225283173756
W689,DLP,,other,53,-0.8959716152887113,0.42514745208012933,-0.12839201138198422
W740,MSDS,,other,53,-0.8836515838140482,0.458575641327477,-0.09417143730461623
W884,DLP,,other,53,-0.8794946645329229,0.45311307483459384,-0.14552551828480514
W889,DRM,,other,53,-0.8992879039214137,0.42485189111406146,-0.10383706697242527
W1046,DLP,,other,53,-0.8732923547318909,0.4741431862477418,-0.1120209895585128
W1097,HDCP,,other,53,-0.8916054645810838,0.4291359290156384,-0.14450622809081418
W1163,MSDS,,other,53,-0.8914500754661331,0.44486594382285866,-0.08608748444473575
W1255,SFF,,other,53,-0.8719970122109891,0.4689573139124616,-0.140357573444105
W1289,Disk,,other,53,-0.9016323751385031,0.4155202433756376,-0.12000828074409077
W536,PGA,,other,54,-0.2306286823587361,-0.8815884085414977,-0.41184012528982944
W537,PGA2,,other,54,-0.2105793175642739,-0.8822823612419524,-0.4209919073515427
W604,SPGA,,other,54,-0.22580257567936607,-0.8908097773586533,-0.39429828477789575
W1200,PGA,,other,54,-0.23385325153599765,-0.8728895542795813,-0.428224804017277
W1201,PGA2,,other,54,-0.19799283762864112,-0.891429505717997,-0.4076178020929979
W1268,SPGA,,other,54,-0.2470997974146119,-0.8836062103507609,-0.39772069992297965
W185,BD-R,,other,55,-0.9336946669039703,-0.33420687170605257,0.12853029175854908
W187,BD-RE,,other,55,-0.9299981826301259,-0.34677415906483,0.12186493716218424
W195,CD-RW,,other,55,-0.930507282916706,-0.3379612515386171,0.14120336007836604
W219,DLT,,other,55,-0.9362566565200481,-0.33141553062429413,0.11656422771553163
W227,DVD,,other,55,-0.9254363777335177,-0.3553567128977612,0.13148808830447006
W228,DVD-RAM,,other,55,-0.9358420409318219,-0.32400291856640334,0.13864264562181075
W230,DVD-R,,other,55,-0.9321181085822107,-0.34546136724415855,0.10868429230996748
W231,DVD-RW,,other,55,-0.9256225891089989,-0.348280797983217,0.1480652163316127
W346,BD-R,,other,55,-0.9400756956302794,-0.3189835754967994,0.12044569335814405
W348,BD-RE,,other,55,-0.9246860161491129,-0.36164714010120674,0.11902570140478326
W849,BD-R,,other,55,-0.932362377592909,-0.32796710856142325,0.15211171076270646
W851,BD-RE,,other,55,-0.9373832898936733,-0.3328944532950165,0.10243949821004547
W859,CD-RW,,other,55,-0.9211210193079674,-0.3621590123372928,0.1427477410396673
W883,DLT,,other,55,-0.94052974013794,-0.3118109311363587,0.13482489065427133
W891,DVD,,other,55,-0.9282655168523427,-0.3572555224342547,0.10340029938583663
W892,DVD-RAM,,other,55,-0.9260359971890625,-0.34189611342490145,0.15988864729869193
W894,DVD-R,,other,55,-0.942434389697426,-0.3166757881213444,0.10739583946022155
W895,DVD-RW,,other,55,-0.9197615494289314,-0.37133889010169707,0.1270673872011662
W1010,BD-R,,other,55,-0.9366751824748492,-0.31507266905557496,0.152868622515885
W1012,BD-RE,,other,55,-0.9349012680014057,-0.34251887681239757,0.0929539569708427
