TERM,DEFINITION ,ERROR SYMPTOMS,TROUBLESHOOTING,PRIMARY CATEGORY,SUB CATEGORY,CORE,CORE 1: DOMAIN,CORE 2: DOMAIN,Timestamp
2.4 GHz channels,"A frequency band used by wireless networks (802.11 standards). It offers a long range and better propagation through solid walls but is highly congested. In the US, it consists of 11 channels, but only channels 1, 6, and 11 are completely non-overlapping.","Intermittent wireless drops, extremely slow data throughput, high latency during peak times, or inability to discover the network due to heavy RF interference.","Log into the wireless access point/router; change the channel configuration from ""Auto"" to a fixed, non-overlapping channel (1, 6, or 11); use a Wi-Fi analyzer app to determine which of those three is the least congested.",Wireless Networks,802.11 wireless protocol,CORE 1,NETWORKING,,5/26/2026 13:25:40
3–2-1 backup rule,"An industry-standard data protection methodology. It mandates keeping at least three (3) total copies of data, stored on two (2) different types of physical media, with at least one (1) of those copies located safely off-site (such as cloud storage or a remote vault).","Complete data loss following a catastrophic event (e.g., local fire, severe ransomware infection, or total hardware failure) where local backup drives are destroyed or encrypted simultaneously with the primary system.","Audit the current backup plan. Configure a local automated backup routine to a separate physical drive or NAS device, and set up a secondary automated synchronization task that replicates that data to an off-site cloud service provider.",Data Retention and Operational Procedures,Backups / Recovery,CORE 2,,OPERATIONAL PROCEDURES,5/26/2026 13:28:55
3D printers: Installing,"The process of unboxing, physically assembling, leveling, and connecting a 3D printing device to a workstation or network. This includes installing specialized slicing software, loading physical print filament (PLA/ABS), and flashing the initial firmware updates.","System unrecognized by the host workstation via USB, firmware mismatch errors, initial test prints failing to adhere to the build plate, or axis motor grinding sounds during the initial calibration phase.",Ensure all physical shipping restraints are removed; download and install the vendor-specific driver/slicing utility; calibrate and manually or automatically level the print bed using a standard piece of paper as a gap gauge; update firmware to the latest revision.,Peripherals and Hardware,3D printers,CORE 1,HARDWARE,,5/26/2026 13:30:33
3D printers: Maintenance,"Preventative maintenance tasks required to ensure consistent 3D print quality and component longevity. This includes cleaning the heated print bed, clearing out plastic residue, lubricating the metal X/Y/Z axis rails, checking drive belt tension, and replacing worn extruder nozzles.","Extruder nozzle jams, plastic filament snapping mid-print, uneven layer lines (Z-banding), rough textures on completed prints, or loud squeaking noises during print-head movement.","Pre-heat the extruder nozzle to printing temperature and perform a ""cold pull"" or use a specialized acupuncture needle to clear internal filament clogs; apply a thin layer of lithium grease to the guide rails; tighten loose axis drive belts until they are taut.",Peripherals and Hardware,3D printers,CORE 1,HARDWARE,,5/26/2026 13:31:44
3D printers: Printing process,"The sequence where a 3D printer executes a compiled G-code file. The device heats the print bed and the extruder nozzle to specific temperatures, melts plastic filament, and deposits it layer-by-layer onto the build plate to create a physical object.","Print job fails mid-way due to thermal runaway errors, print model warps or detaches from the bed before completion, or the extruder skips clicks without depositing plastic.","Verify that the heated print bed temperature matches the filament specification (e.g., 60°C for PLA); apply a print bed adhesive (like glue stick or blue painter's tape) if the model detaches; check the ambient room temperature to prevent cooling drafts.",Peripherals and Hardware,3D printers,CORE 1,HARDWARE,,5/26/2026 13:33:14
5 GHz channels,"A high-frequency wireless band utilized by modern 802.11 standards. It offers significantly faster data transfer speeds and contains dozens of non-overlapping channels, making it highly resistant to interference, though it has a shorter effective range and struggles to pass through solid walls.","Rapid signal degradation when walking away from the wireless router, sudden drops in connection when moving behind a concrete or brick wall, or device failing to see the 5 GHz SSID while connecting fine to 2.4 GHz.","Relocate the wireless router away from physical obstructions and place it higher in the room; ensure the client device's network card settings support 5 GHz bands; configure a separate, clear SSID name specifically for the 5 GHz network to prevent client steering confusion.",Wireless Networks,802.11 wireless protocol,CORE 1,NETWORKING,,5/26/2026 13:34:00
"10-tape rotations, backup rotation schemes","A structured data retention rotation strategy that uses 10 designated physical tape media units across a two-week period. It balances comprehensive historical recovery checkpoints with minimized media wear and costs, frequently utilizing a modified grandfather-father-son methodology.","Inability to restore a clean backup file from a specific day last week because the tape media was accidentally overwritten too early, or a backup failure due to physically worn out or degraded tape media blocks.",Implement strict label management on physical tapes; audit the scheduling configuration within the backup software utility; replace degraded tape media cartridge units immediately upon any write-error logged by the system.,Data Retention and Operational Procedures,Backups / Recovery,CORE 2,,OPERATIONAL PROCEDURES,5/26/2026 13:42:28
"30-second trick (hard reset), motherboards","A motherboard troubleshooting procedure used to drain all residual electrical charge trapped inside system capacitors. This effectively forces a deep, clean hardware reset of the motherboard's power management logic circuits.","System completely non-responsive, power status LEDs illuminate on the motherboard but the computer fails to POST, or the cooling fans spin up continuously while the display remains completely black.",Completely shut down the device; disconnect the main physical AC power cord; remove the internal laptop/desktop battery pack; press and firmly hold down the physical system power button continuously for 30 full seconds; reconnect power and attempt to boot.,"Motherboards, RAM, and CPU Diagnostics",Motherboards,CORE 1,HARDWARE & NETWORK TROUBLESHOOTING,,5/26/2026 13:43:42
32-bit CPU,"An older processor architecture capable of handling binary data blocks that are up to 32 bits wide. This structural limitation constraints the maximum addressable system memory space to exactly 4 Gigabytes (GB) of physical RAM, regardless of how much is physically installed on the motherboard.","System reports ""3.2GB RAM usable"" despite having 8GB or 16GB physically installed in the motherboard slots, or modern 64-bit software applications fail to execute with an architecture incompatibility error.","To use more than 4GB of RAM, the physical 32-bit (x86) processor hardware must be upgraded to a modern 64-bit (x64) processor model, and a complete clean installation of a 64-bit operating system must be performed.","Motherboards, RAM, and CPU Diagnostics",CPU Architecture,CORE 1,HARDWARE,,5/26/2026 13:44:40
64-bit CPU,"The current industry-standard processor architecture capable of handling data blocks that are up to 64 bits wide. This removes the 4GB barrier, allowing the processor to theoretically address up to 16 Exabytes of physical system RAM and handle complex computations much faster.","Operating system fails to utilize 64-bit execution features because a legacy 32-bit operating system was installed over the 64-bit hardware, restricting system capabilities.","Verify processor compatibility inside UEFI/BIOS or Device Manager; back up all critical user data; wipe the drive and install a clean, native 64-bit version of the operating system to unlock full architectural performance and extended memory addressing.","Motherboards, RAM, and CPU Diagnostics",CPU Architecture,CORE 1,HARDWARE,,5/26/2026 13:45:32
"568A wiring standard, UTP cabling","A specific commercial standard for terminating Unshielded Twisted Pair copper network cables. It maps the eight internal color-coded wires to RJ-45 modular pin connectors in the exact sequence: Green-White, Green, Orange-White, Blue, Blue-White, Orange, Brown-White, Brown.","Total loss of physical link light connectivity at the network port, intermittent dropouts, excessive packet collisions, or a ""Cable Disconnected"" error reported by the operating system interface.",Inspect the clear plastic modular plug termination; check for broken pins or crossed wire strands; use a network cable tester/wire mapper tool to identify continuity breaks; trim off the faulty cable end and crimp on a new RJ-45 connector matching the standard sequence perfectly.,Network Infrastructure and Media,Cabling,CORE 1,NETWORKING,,5/26/2026 13:46:10
"568B wiring standard, UTP cabling","The most widely adopted commercial termination standard for Unshielded Twisted Pair network cables. It maps the internal color-coded copper wires to RJ-45 pin connectors in the sequence: Orange-White, Orange, Green-White, Blue, Blue-White, Green, Brown-White, Brown. (Pins 1, 2, 3, and 6 are swapped relative to the 568A standard).","Network interface card exhibits no link light, data drops, or falls back to standard 10 Mbps speeds instead of Gigabit performance due to improper pin out or split pairs.",Use a professional wire mapper tool to verify continuity across all 8 pins; ensure both ends of the cable use the exact same 568B pin configuration (creating a straight-through cable); re-strip and re-crimp the connector if any pin connections are faulty.,Network Infrastructure and Media,Cabling,CORE 1,NETWORKING,,5/26/2026 13:46:52
802.11 wireless protocol: Channel bonding,"A technology that combines two or more adjacent wireless channels into a single, wider channel to significantly increase data throughput speeds. For example, 802.11n can bond two 20 MHz channels into a 40 MHz channel, and newer standards can bond up to 160 MHz.","Unstable wireless connections, high packet drop rates, or wireless degradation in areas with a high density of neighboring Wi-Fi routers.","Access the wireless access point configuration; reduce the channel width (e.g., lower it from 80 MHz back to 40 MHz or 20 MHz) if the local RF environment is highly congested to increase connection stability.",Wireless Networks,802.11 wireless protocol,CORE 1,NETWORKING,,5/26/2026 14:20:25
802.11 wireless protocol: Channels,"Smaller, distinct slices of a wireless frequency band allocated for communication. The 2.4 GHz band uses 11 channels (in the US) with only 3 being non-overlapping (1, 6, 11), while the 5 GHz and 6 GHz bands offer far more channels that do not overlap.","Low data speeds, high latency, or intermittent dropouts caused by multiple neighboring routers broadcasting on the exact same or an overlapping channel (co-channel interference).","Run a wireless site survey; log into the wireless access point and change the channel configuration from ""Auto"" to a fixed, clean channel that has the least amount of detected traffic.",Wireless Networks,802.11 wireless protocol,CORE 1,NETWORKING,,5/26/2026 14:33:01
802.11 wireless protocol: Coverage/distance,The effective physical radius within which a wireless access point can successfully transmit and receive data from client devices. Higher frequencies (5 GHz / 6 GHz) cover less distance and degrade faster through walls than lower frequencies (2.4 GHz).,"Low signal strength bars on client devices, sudden disconnection when moving a short distance from the access point, or a complete lack of connectivity in specific ""dead zones"" of a building.","Move the wireless access point to a central, elevated location away from thick concrete walls and metal surfaces; install a wireless range extender or transition to a mesh network to fill dead zones.",Wireless Networks,802.11 wireless protocol,CORE 1,NETWORKING,,5/26/2026 14:51:56
802.11 wireless protocol: Frequencies,"The specific radio frequency bands allocated for Wi-Fi communications, primarily consisting of 2.4 GHz (long range, slow speed, high congestion), 5 GHz (shorter range, fast speed, low congestion), and 6 GHz utilized by Wi-Fi 6E/7 (shortest range, extreme speed, zero legacy interference).","Inability of older legacy devices to discover a 5 GHz/6 GHz network, or modern high-bandwidth devices slowing down due to being forced onto a crowded 2.4 GHz band.","Verify client hardware specifications; implement a ""Band Steering"" configuration on the router to automatically push dual-band client devices onto the faster, less congested 5 GHz or 6 GHz frequencies.",Wireless Networks,802.11 wireless protocol,CORE 1,NETWORKING,,5/26/2026 14:57:05
802.11 wireless protocol: Licensing,"The regulatory framework dictating that Wi-Fi consumer frequencies (2.4 GHz, 5 GHz, 6 GHz) operate within the ""ISM"" (Industrial, Scientific, and Medical) bands. These bands are completely unlicensed, meaning anyone can use them without a radio permit, but devices must accept interference from other devices.","Sudden, unpredictable drops in wireless performance caused by non-Wi-Fi physical electronics operating nearby (such as microwave ovens, baby monitors, or Bluetooth devices).",Identify and move non-Wi-Fi interferers away from the access point and client hardware; migrate high-priority corporate traffic over to the cleaner 5 GHz or 6 GHz bands where consumer appliance overlap is non-existent.,Wireless Networks,802.11 wireless protocol,CORE 1,NETWORKING,,5/26/2026 15:10:57
802.11 wireless protocol: MIMO technologies,"Multiple-Input Multiple-Output. A wireless engineering technology used starting with 802.11n that utilizes multiple antennas for both transmitting and receiving data streams simultaneously, improving overall speed and signal reliability.",Slow file transfer speeds or erratic network performance on a device despite showing strong physical signal bars.,Ensure all physical external antennas on the access point are securely attached and oriented correctly (perpendicular to one another); update the client network card drivers to ensure the MIMO spatial stream logic functions correctly.,Wireless Networks,802.11 wireless protocol,CORE 1,NETWORKING,,5/26/2026 15:13:24
802.11 wireless protocol: Multipath propagation,"A phenomenon where radio signals bounce off physical obstructions (walls, ceilings, furniture), causing the signal to split and arrive at the receiving antenna via different paths and at slightly staggered times.","Intermittent signal degradation, packet corruption, or a ""ghosting"" effect on wireless data packet delivery in highly reflective environments like industrial warehouses.","Ensure the wireless system utilizes modern standards (802.11n or newer) that leverage MIMO to recombine multipath reflections into a stronger combined signal, rather than treating reflections as destructive interference.",Wireless Networks,802.11 wireless protocol,CORE 1,NETWORKING,,5/26/2026 15:17:38
802.11 wireless protocol: MU-MIMO technologies,"Multi-User Multiple-Input Multiple-Output. An evolution introduced in 802.11ac (Wave 2) and expanded in 802.11ax that allows a wireless access point to transmit data streams to multiple independent client devices at the exact same time, rather than making them wait in a queue.","Severe network sluggishness, buffering, or latency spikes occurring specifically when a high volume of client devices (e.g., in a classroom or stadium) attempt to connect to a single access point simultaneously.",Upgrade the legacy access point to an enterprise-grade hardware model supporting MU-MIMO; ensure client devices support the technology; segment heavy data clients across separate physical access points or bands.,Wireless Networks,802.11 wireless protocol,CORE 1,NETWORKING,,5/26/2026 15:18:39
802.11 wireless protocol: Standards,"The official iterations of the Wi-Fi specification defined by the IEEE. Key exam standards include:

- 802.11b (2.4 GHz, 11 Mbps)
- 802.11g (2.4 GHz, 54 Mbps)
- 802.11a (5 GHz, 54 Mbps)
- 802.11n / Wi-Fi 4 (2.4/5 GHz, 600 Mbps)
- 802.11ac / Wi-Fi 5 (5 GHz, 6.9 Gbps)
- 802.11ax / Wi-Fi 6 (2.4/5/6 GHz, 9.6 Gbps).","A legacy laptop completely failing to connect to a brand new enterprise network, or a modern device underperforming due to backward-compatibility performance limitations.","Review the router's allowed standard modes (e.g., ensure it is set to ""Mixed Mode"" or ""Compatibility Mode"" if legacy clients must connect); upgrade the network interface card or install a modern USB Wi-Fi dongle on older client devices.",Wireless Networks,802.11 wireless protocol,CORE 1,NETWORKING,,5/26/2026 15:20:53
802.11 wireless protocol: Wi-Fi analyzers,"A diagnostic software tool or specialized physical hardware appliance used to scan the local airwaves. It visualizes nearby wireless networks, their respective SSID names, security protocols, signal strengths (RSSI), and specific channel usage.","Inability to pinpoint the physical root cause of mysterious Wi-Fi slow-downs, blind spots, or frequent network disconnects within an office space.",Deploy a Wi-Fi analyzer application on a mobile device or laptop; walk through the physical space to map out signal drops; identify overlapping channels from rogue access points and reconfigure your own channels based on the collected visual data graph.,Wireless Networks,802.11 wireless protocol,CORE 1,HARDWARE & NETWORK TROUBLESHOOTING,,5/26/2026 15:21:40
802.1X wireless protocol,"An enterprise-grade authentication standard used to secure networks. Instead of relying on a single shared Wi-Fi password (WPA-Personal), it forces each user to authenticate uniquely via a central authentication server—typically a RADIUS or TACACS+ server—using corporate username/password credentials, digital certificates, or smart cards.","Client devices receive an ""Authentication Failed"" or ""Network Rejected Connection"" message when trying to join the corporate network, despite entering valid user credentials.",Verify physical network connectivity between the wireless access point and the backend RADIUS server; ensure the client device has the correct security certificates installed; check the server's Active Directory logs to see if the user account is locked or disabled.,Network Security & Access Control,Wireless Security Standards,CORE 2,,SECURITY,5/26/2026 15:22:51
A Records,Address Mapping records. A core type of DNS (Domain Name System) record that maps a human-readable host or domain name to its corresponding 32-bit IPv4 address.,"""Server not found"" or ""Site cannot be reached"" errors in web browsers, even though the target server can be successfully reached using its raw numerical IPv4 address.",Run nslookup or dig followed by the domain name to query the DNS server; log into the authoritative DNS zone management panel and verify that the host record is correctly spelled and pointing to the valid public IPv4 address. ,Network Infrastructure Services,DNS (Domain Name System) Records,CORE 1,NETWORKING,,5/26/2026 16:57:40
"AAA (Authentication, Authorization, Accounting) Servers",A security architecture framework used to manage enterprise network access. Authentication verifies who the user is; Authorization determines what permissions and files they can access; Accounting tracks and logs what the user did while connected. Typically deployed via RADIUS or TACACS+ protocols.,"ERROR SYMPTOMS: Users are entirely blocked from logging into switches, routers, or corporate VPNs, or network administrators lack historical visibility into who made specific configuration changes during a security incident.",Check physical network path and port connectivity (UDP 1812/1813 for RADIUS; TCP 49 for TACACS+) between the access device and the server; verify that the shared secret key matches identically on both sides; audit the server's authentication logs.,Network Security & Access Control,Security Servers,CORE 1,NETWORKING,,5/26/2026 17:03:42
AAAA Records (Quad-A Records),"A fundamental DNS record that maps a domain name to its corresponding 128-bit IPv6 address, operating exactly like an A record but explicitly built for IPv6 networking infrastructure.","Client machines configured exclusively for IPv6 networks fail to connect to a website or network resource, while IPv4 clients connect without issue.",Execute “nslookup -type=aaaa [domain_name]” to verify if the record exists; check the authoritative DNS host configuration to ensure the exact 8-part hexadecimal IPv6 address is entered correctly without typos.,Network Infrastructure Services,DNS (Domain Name System) Records,CORE 1,NETWORKING,,5/26/2026 17:19:22
"About section, Settings","A system information panel located within modern Windows Settings (Settings > System > About). It provides a quick overview of the physical device hardware specs (CPU, installed RAM, Device ID) and Windows operating system details (Edition, Version, OS build).",Inability to readily verify if a machine meets the hardware requirements for an enterprise software deployment or difficulty identifying the exact Windows feature update version during asset management auditing.,"Navigate directly to the window using the shortcut “Windows Key + Pause/Break”, or use the search bar to locate ""About your PC""; if the UI is completely unresponsive, fall back to running the “winver” or “systeminfo” utilities via the Command Prompt.",Operating Systems Management,Windows Settings and Utilities,CORE 2,,OPERATING SYSTEMS,5/26/2026 17:23:32
"AC adapters, troubleshooting",The external power bricks responsible for converting alternating current (AC) high-voltage wall power into lower direct current (DC) power that a portable device or laptop can safely use to run and charge.,"Laptop charging indicator LED remains unlit when plugged in, the battery percentage continuously drains while connected to power, or the physical adapter brick emits an unusual high-pitched buzzing or humming noise.",Inspect the physical cabling for frayed wires or deep cuts; use a digital multimeter to test the DC barrel connector tip for appropriate voltage output against the printed specs on the brick label; swap with a known-good adapter matching identical voltage and equal/higher amperage specifications.,Mobile Devices and Mobile Hardware,Laptop Power Systems,CORE 1,HARDWARE & NETWORK TROUBLESHOOTING,,5/27/2026 1:06:17
Access: Access control vestibules (mantraps),"A physical security facility design utilizing two interlocking doors where the second door cannot unlock until the first door closes completely. It requires security personnel or authentication mechanisms to vet an individual before granting deep perimeter entrance, strictly preventing tailgating.","Unauthorized physical intruders successfully slip inside a restricted data center behind a legitimate employee, or an internal mechanical override failure causes both doors to lock simultaneously, trapping staff inside.",Test the electronic door sensors and locking magnetic strikes for proper synchronization logic; re-calibrate the integrated biometric or proximity badge readers; verify the functionality of the emergency break-glass manual release switches located inside the enclosure.,Physical Security & Access Control,Physical Security Controls,CORE 2,,SECURITY,5/27/2026 1:17:14
Access: ACL (Access Control List),"A sequential rule list configured on network routers and firewalls to permit or deny traffic based on metrics like source/destination IP addresses, ports, or protocols. (Can also refer to file system lists defining user read/write permissions).","Authorized network traffic is blocked entirely when trying to reach a server segment, or insecure external traffic passes through a perimeter firewall unfiltered.","Review the sequential rule ordering on the router/firewall via CLI or management console; ensure that a broad ""deny all"" statement isn't placed ahead of specific ""permit"" lines, as ACL rules process sequentially from top to bottom.",Network Security & Access Control,Logical Security Controls,CORE 2,,SECURITY,5/27/2026 1:20:47
"Access: Command-line tools, Windows 10","Text-based command line interfaces (cmd.exe and PowerShell) used by system administrators to manage system configurations, file permissions, network routing, and advanced diagnostic utilities directly within the OS environment.","Administrative scripts or permission-modifying utilities fail to run, throwing ""Access Denied"" errors, or network configurations fail to apply when typing tools like ""ipconfig"" or ""netstat"".","Right-click the Command Prompt shortcut and select ""Run as Administrator"" to elevate the process token; use the ""runas"" command directly inside the CLI to execute utilities under an explicit user profile holding structural administrative rights.",Operating Systems Management,Command-Line Utilities,CORE 2,,OPERATING SYSTEMS,5/27/2026 1:48:20
Access: Controlling,"The overarching administrative, logical, and physical methods used to limit resource interaction exclusively to authorized entities. This combines physical locks, security permissions, group policy objects, and network firewall policies.","Users are over-privileged and able to modify directories outside their job description, or structural data breaches occur due to weak permission constraints.","Implement the security model of ""Least Privilege"" across the infrastructure; perform regular group policy audits; move users out of local Administrator groups into standard unprivileged containers.",Network Security & Access Control,Access Control Management,CORE 2,,SECURITY,5/27/2026 1:49:11
"Access: Ease of Access, Control Panel","A legacy Windows utility applet (modernized as Accessibility in Windows 11) configured to assist users with physical, visual, or hearing impairments by modifying behavior (e.g., Narrator, Magnifier, Sticky Keys, High Contrast).","A user accidentally locks themselves into an unreadable inverted color scheme, or a keyboard continuously types duplicate letters or drops characters because a feature like Sticky Keys or Filter Keys was triggered by mistake.","Open Control Panel and click ""Ease of Access Center"" (or press Windows Key + U); turn off accessibility checkboxes that are conflicting with user input; adjust typing delay and feedback thresholds to standard default limits.",Operating Systems Management,Windows Control Panel Applets,CORE 2,,OPERATING SYSTEMS,5/27/2026 1:51:49
"Access: Printers/multifunction devices, sharing","The process of publishing a locally connected hardware printer onto a local area network via a host PC or print server, allowing external network clients to map and send active print jobs to the device.","Remote client computers receive ""Printer Offline"" or ""Connect to Printer Access Denied"" errors when attempting to connect to a shared network print queue.","Verify that the host computer remains powered on and connected to the network; open Printer Properties, navigate to the ""Sharing"" tab, and verify that sharing options are active; check the ""Security"" tab permissions to ensure the ""Everyone"" group or specific network users hold ""Print"" rights.",Peripherals and Hardware,Printer Sharing and Management,CORE 1,HARDWARE,,5/27/2026 1:55:14
Access: Remote access,"Technologies that allow a user or administrator to connect securely to a corporate desktop, internal network, or remote server over an internet connection using protocols like RDP (Remote Desktop), SSH, or VPN client software.","The remote session connection drops out or times out with a ""Remote Desktop can’t connect to the remote computer"" notice, or SSH terminals fail to open.",Confirm the remote host machine is powered on and has active remote connections enabled within its system properties; verify that local and network firewalls aren't blocking the appropriate port traffic (TCP 3389 for RDP; TCP 22 for SSH).,Network Infrastructure Services,Remote Access Protocols,CORE 2,,OPERATING SYSTEMS,5/27/2026 2:02:52
Access: UAC (User Account Control),A Windows security feature designed to prevent unauthorized malware or unprivileged users from making changes to system files or registry sections by forcing an explicit pop-up confirmation screen before allowing elevated privileges.,Legitimate system installation tools crash out during automated deployments because the hidden background script cannot interactively click through a protective UAC confirmation prompt.,"Type ""User Account Control Settings"" in the Windows search bar; adjust the slider mechanism to alter notifications; for enterprise automated software packaging, use administrative bypass methods or adjust settings globally via Group Policy Objects (GPOs).",Operating Systems Management,Windows Security Features,CORE 2,,OPERATING SYSTEMS,5/27/2026 2:24:55
"Access: Windows networks, sharing access","The administrative setup of folder, file, and drive resources across a local network using network protocols like SMB (Server Message Block) combined with explicit share permissions and NTFS (New Technology File System) security controls.","A user can view a shared folder across the network but receives an explicit ""You do not have permission to access this folder"" error when trying to write or save a new file inside it.","Right-click the folder and select Properties; check both the Share Permissions and NTFS (New Technology File System) Permissions tabs; remember that when these lists conflict, the system enforces the most restrictive cumulative permission match between the two lists.",Operating Systems Management,Windows File and Folder Sharing,CORE 2,,OPERATING SYSTEMS,5/27/2026 2:42:50
Access: WPA2 (Wi-Fi Protected Access 2),A widely adopted wireless security protocol introduced to replace WEP (Wired Equivalent Privacy) and WPA (Wi-Fi Protected Access). It secures network communication traffic using robust CCMP (Counter Mode Cipher Block Chaining Message Authentication Code Protocol) combined with AES (Advanced Encryption Standard) encryption.,"Wireless devices repeatedly drop connections or fail to authenticate due to a pre-shared key mismatch, or networks are vulnerable to offline brute-force key cracks using captured handshake packets.",Access the wireless controller; verify the passphrase strength; upgrade routers to support longer keys; migrate highly sensitive enterprise traffic over to WPA2-Enterprise (Wi-Fi Protected Access) mode to replace shared passwords with unique per-user 802.1X network authentication tokens.,Wireless Networks,Wireless Security Standards,CORE 2,,SECURITY,5/27/2026 2:58:02
Access: WPA3 (Wi-Fi Protected Access 3),"The latest wireless security standard that builds upon WPA2 (Wi-Fi Protected Access 2). It introduces GCMP (Galois/Counter Mode Protocol) encryption and mandates SAE (Simultaneous Authentication of Equals) to eliminate offline dictionary attacks against pre-shared keys, while adding robust individualized data encryption for open public hotspots.",Legacy client devices cannot see the wireless SSID (Service Set Identifier) or fail to connect when the access point security is switched to WPA3-Only (Wi-Fi Protected Access 3) mode.,"If you have older client devices on the network, change the access point security configuration to ""WPA2/WPA3 (Wi-Fi Protected Access 2/3) Mixed Mode"" (Transition Mode); update the client network card drivers and operating system patches so they can recognize the newer WPA3 (Wi-Fi Protected Access 3) frames.",Wireless Networks,Wireless Security Standards,CORE 2,,SECURITY,5/27/2026 3:20:01
Accessories: Add-on storage,"External storage hardware devices—such as USB flash drives, external SSDs, HDDs, and SD memory cards—used to augment a system's built-in storage or provide quick file transfers.","""Drive not recognized"" errors when plugging in an external unit, file copying failures for large files, or sluggish read/write transfer rates.",Check the device inside Windows Disk Management to see if it requires initialization or a new drive letter; reformat legacy FAT32 (File Allocation Table 32) flash drives to exFAT (Extended File Allocation Table) or NTFS (New File Technology System) to support files larger than 4GB (Gigabyte); ensure the device is plugged into a high-speed USB (Universal Serial Bus) 3.0+ port (blue/SS (SuperSpeed) rather than a legacy USB (Universal Serial Bus) 2.0 port.,Peripherals and Hardware,Storage Components,CORE 1,HARDWARE,,5/27/2026 3:26:08
Accessories: Audio accessories/ports,"The physical interfaces and analog/digital peripherals (headsets, speakers, microphones, 3.5mm jacks, and USB (Universal Serial Bus) audio controllers) that handle sound input and output for a computer or mobile device.","Sound continues playing from internal laptop speakers after a headset is plugged in, static distortion echoes through a microphone, or audio output is completely silent.",Verify physical connection seating; open the OS (Operating Sytem) Sound Control Panel and set the correct hardware peripheral as the Default Playback Device and Default Recording Device; adjust software volume mixers and update local sound drivers.,Peripherals and Hardware,Laptop and PC Audio,CORE 1,HARDWARE,,5/27/2026 3:28:10
Accessories: Drawing pads,"External digitizer surfaces used with a stylus pen to capture handwriting or drawing input, translating physical pen strokes into digital coordinate inputs on a workstation screen.","Cursor skips across the screen erratically, pen pressure levels fail to register inside design apps, or touch functions are completely unresponsive.",Disconnect and reconnect the interface cable; completely remove generic operating system HID (Human Interface Device) pointer drivers and install the vendor's proprietary device driver pack; run the integrated calibration utility to map the pad area to your monitor coordinates.,Peripherals and Hardware,Input Devices,CORE 1,HARDWARE,,5/27/2026 3:30:07
Accessories: IP (Ingress Protection) ratings,"Ingress Protection ratings. A standardized structural metric scale (e.g., IP67, IP68) that defines a mobile device's physical sealing effectiveness against the entry of foreign objects like dust and liquid moisture. The first digit measures solid particles (0-6); the second measures liquid resistance (0-9).","Internal corrosion on circuit boards, touch digitizers failing, or fog visible behind camera lenses following short contact with water or dusty work sites.","If a device suffers fluid exposure beyond its rated IP (Ingress Protection) threshold, power it down immediately; do not connect a charging cable; dry the chassis exterior with a lint-free towel and allow it to dry completely in a low-humidity area before powering it back on.",Mobile Devices and Mobile Hardware,Mobile Device Protection,CORE 1,MOBILE DEVICES,,5/27/2026 3:33:18
Acessories: Styluses,"An input accessory shaped like a pen that is used to navigate touchscreens or drawing pads. Passive styluses simply mimic a human finger touch, while Active styluses incorporate internal batteries and Bluetooth to track advanced metrics like tilt and pressure sensitivity.","Digitizer screen ignores pen strokes completely, line rendering lags behind the physical pen movement, or pressure sensitivity features are missing.",Change the internal battery or charge the active stylus; inspect and replace the plastic pen tip nib if it is worn down or flat; re-pair the device via Bluetooth and verify app configuration support.,Peripherals and Hardware,Input Devices,CORE 1,HARDWARE,,5/27/2026 3:34:49
Accessories: Touchpads,The tactile sensor surface built into laptop palm rests that acts as the primary mouse pointer device by tracking finger movement and multi-touch gestures across its surface area.,"The cursor jumps erratically while typing on the keyboard, mouse clicks fail to register, or multi-finger gestures like scrolling fail to work.","Clean the touchpad surface with a lightly damp microfiber cloth to remove skin oils; use the ""Fn"" key shortcut (e.g., Fn+F7) to verify the touchpad wasn't accidentally disabled; check Windows Settings to lower palm-rejection sensitivity settings so your palm doesn't trigger accidental inputs while typing.",Mobile Devices and Mobile Hardware,Laptop Hardware Components,CORE 1,MOBILE DEVICES,,5/27/2026 3:37:04
Accessories: Trackpads,An alternate term for a laptop touchpad (frequently used within Apple and modern click-surface ecosystems) that translates finger positioning and pressure into cursor movement.,"The physical trackpad surface lifts or pops out of the laptop chassis enclosure, or clicking mechanisms become rigid and physically impossible to press down.","Safety Warning: If the surface is lifting, check for a internal swollen battery immediately; remove power, safely replace the expanding battery module, and inspect the trackpad structure for permanent structural damage before reassembling.",Mobile Devices and Mobile Hardware,Laptop Hardware Components,CORE 1,MOBILE DEVICES,,5/27/2026 3:40:35
Accessories: Warranties,Service agreements provided by manufacturers or third-party insurers that cover the repair or replacement costs of computer hardware components due to internal defects or accidental damage over a specified timeframe.,"Technicians void corporate coverage by breaking factory tamper seals during unapproved repair operations, or organizations pay out-of-pocket for expensive motherboard replacements that were actually covered under active OEM (Original Equipment Manufacturer) service contracts.",Look up the device serial number or IMEI (International Mobile Equipment Identity) string on the manufacturer's support portal to check coverage status before opening a laptop chassis; document all repair steps meticulously and use official OEM (Original Equipment Manufacturer) authorized parts to ensure corporate service agreements remain intact.,Network Infrastructure and Operational Procedures,Operational Documentation and Policies,CORE 2,,OPERATIONAL PROCEDURES,5/27/2026 3:46:19
"Accounts: Accounts section, Settings","A central configuration interface inside modern Windows Settings (Settings > Accounts) used to manage user profiles, sign-in options (such as Windows Hello PIN (Personal Identification Number), facial recognition, or passwords), sync settings, and link Microsoft accounts or work/school credentials to the local machine.","User is unable to configure biometric sign-in options, encounters a warning that local settings are not syncing across devices, or experiences profile connection errors after a corporate password change.","Open Windows Settings (Win + I), navigate to Accounts, and select Access work or school to re-authenticate or fix credential synchronization; verify the local machine has a stable internet connection to validate external Microsoft or Azure/Entra ID profiles.",Operating Systems Management,Windows Settings and Utilities,CORE 2,,OPERATING SYSTEMS,5/27/2026 4:06:22
Microsoft Azure,"A comprehensive public cloud computing platform providing over 200 integrated services, including virtual computing, storage, databases, and networking, to build, deploy, and manage enterprise applications globally.
","- HTTP 503 (Service Unavailable) or timeout errors when accessing hosted web apps or APIs (Application Programming Interface).
- VM (Virtual Machine) Unreachable: Inability to connect via RDP (Remote Desktop Protocol) or SSH (Secure Shell) to Azure Virtual Machines.
- Storage Access Denied: Applications fail to read/write data to Azure Blob or File storage containers.
- Resource Deployment Failures: Error codes like ""DeploymentFailed"" or ""QuotaExceeded"" when launching new infrastructure.","- Check Service Health: Review the Azure Status Dashboard and Azure Service Health in the portal for active regional outages.
- Verify Network Security Groups (NSGs): Inspect inbound/outbound security rules to ensure required traffic ports (e.g., 3389, 22, 443) are not blocked.
- Review Activity Logs: Drill into the specific resource's Azure Activity Log to inspect JSON error payloads for failed operations.
- Check Resource Quotas: Navigate to the ""Usage + quotas"" blade to verify if subscription limits have been hit, and request a quota increase if necessary.",Cloud Computing,Infrastructure as a Service (IaaS) / Platform as a Service (PaaS),CORE 2,,OPERATIONAL PROCEDURES,5/27/2026 4:12:48
Microsoft Entra ID (Formerly Azure AD (Active Directory)),"A cloud-based identity and access management (IAM) service that secures access to applications, manages user identities, enforces authentication policies (like Multifactor Authentication (MFA), and controls permissions across cloud and on-premises environments.","- Authentication Loops: Users are repeatedly prompted to log in or encounter Azure Active Directory Security Token Service (AADSTS) error codes during single sign-on (SSO) attempts.
-  Multifactor Authentication (MFA) Failures: Users do not receive multi-factor authentication push notifications, Short Messaging System (SMS) codes, or phone calls.
- Access Denied: Users receive ""You cannot access this right now"" blocks due to overly restrictive Conditional Access policies.
- Sync Issues: New employee accounts created in on-premises Active Directory fail to appear in the cloud directory.","- Analyze Sign-in Logs: Open the Microsoft Entra admin center, locate the user's account, and review the ""Sign-in logs"" to find the exact failed policy or bad password entry.
- Check Conditional Access: Inspect the ""Report-only"" or active Conditional Access policies to see if a specific rule (e.g., geographic blocking or device compliance) is blocking the login.
- Verify Microsoft Entra Connect: Check the synchronization status tool on the local domain controller to resolve object conflicts or sync halts.
- Reset Multifactor Authentication (MFA) Methods: Have an administrator clear and require the re-registration of the user's MFA methods in the Entra portal if their authenticator app becomes desynchronized.",Security & Identity, Identity and Access Management (IAM) / Directory Services,CORE 2,,SECURITY,5/27/2026 4:22:55
Accounts: Administrator accounts,"High-privileged user accounts that possess full control over the operating system. Members of the local Administrators group can install software, modify critical system configuration files, change hardware device drivers, and alter permissions for other system users.","User is blocked from installing essential software utilities, receives an explicit ""Access Denied"" or ""7-Zip Error: Extraction Failed"" message, or cannot modify the Windows Registry or Group Policy settings.","Log in using a profile that already possesses administrative rights; open ""lusrmgr.msc"" (Local Users and Groups Manager) or User Accounts in the Control Panel, select the target user account, and add them to the local Administrators group.",Network Security & Access Control,User Account Management,CORE 2,,OPERATING SYSTEMS,5/27/2026 4:30:38
7-Zip,"A free, open-source file archiver used to compress or decompress files, combine multiple files into a single archive container, and encrypt data using high-security AES-256 standards.","- ""Cannot open file as archive"": The archive file is corrupted, truncated, or saved in an unsupported format.
- ""Data Error in encrypted file. Wrong password?"": Data corruption within the archive or an invalid decryption key entered by the user.
- ""CRC Failed"": Cyclic Redundancy Check error indicating the extracted file does not match the original file due to a storage or download transmission failure.
- Extremely slow extraction: High compression ratios causing maximum CPU utilization or disk bottlenecks on slower storage media.","- Test Archive Integrity: Right-click the archive file, select ""7-Zip -> Test archive"" to identify exact corrupted blocks or files.
- Re-download the Source: If a download failed a Cyclic Redundancy Check (CRC) check, download the archive file again using a stable connection.
- Verify Password Accuracy: Re-enter the exact casing and symbols for encrypted "".7z"" or "".zip"" files, or use the command line tool to check for headers.
- Update the Software: Ensure the latest version of 7-Zip is installed to support newer compression algorithms or fixes for file handling bugs.
",Software Utilities,File Compression and Archiving,CORE 2,,OPERATING SYSTEMS,5/27/2026 4:36:43
lusrmgr.msc (Local Users and Groups Manager),"A built-in Windows Microsoft Management Console (MMC) snap-in used to create, delete, and manage local user accounts and security groups directly on a computer.","- ""This snapin may not be used with this edition of Windows"": The utility completely refuses to launch on Windows Home editions.
- ""Access is Denied"": The console opens, but changes cannot be saved, or properties are grayed out.
- Red ""X"" on Accounts: Specific local accounts are visible but completely locked out or disabled.
- ""The password does not meet the policy requirements"": Attempts to set or reset a password fail with a restriction pop-up.
","- Upgrade Windows Edition: If running Windows Home, upgrade to Pro or Enterprise, or use alternative command-line tools like ""net user"" and ""net localgroup"" in Command Prompt.
- Elevate Permissions: Close the tool and explicitly open a Command Prompt as an Administrator, then type ""lusrmgr.msc"" to bypass local permission limits.
- Enable Account Manually: Right-click the disabled user account, select Properties, and uncheck the Account is disabled checkbox.
- Review Password Complexity: Adjust the local security policy constraints using ""secpol.msc"" if you need to set a simple password that violates default rules.",Operating Systems,Windows Management Tools / System Administration Utilities,CORE 2,,SECURITY,5/27/2026 4:40:49
secpol.msc (Local Security Policy),"A built-in Windows Microsoft Management Console (MMC) snap-in used to configure local security settings, password restrictions, account lockout parameters, and audit policies on an individual computer.","- ""Windows cannot find 'secpol.msc'"": The utility fails to launch entirely, which typically happens on Windows Home editions where it is not included.
- Settings Grayed Out: Specific security options or policies are visible but locked, preventing modification.
- ""Access is Denied"": Changes to a policy fail to save or apply when clicking the ""Apply"" button.
- Group Policy Conflicts: Locally configured security changes revert automatically or fail to take effect on a network-joined machine. ","- Verify Windows Edition: Ensure the system is running Windows Pro, Enterprise, or Education; if on Home edition, use Registry Editor (regedit) equivalents or upgrade the OS.
- Run as Administrator: Close the console, open an elevated Command Prompt (Run as Administrator), and type ""secpol.msc"" to bypass local permission restrictions.
- Check Domain GPO Conflicts: Run ""gpresult /h gpreport.html"" from the command line to verify if an Active Directory Domain Group Policy is overriding your local configuration.
- Force Policy Refresh: Run ""gpupdate /force"" in the Command Prompt after making changes to instantly push the new security parameters to the operating system.",Operating Systems,Windows Management Tools / Security Utilities,CORE 2,,SECURITY,5/27/2026 4:44:34
"Accounts: Guest accounts, disabling","The administrative security practice of turning off the built-in, unauthenticated ""Guest"" profile container within an operating system to prevent anonymous local or remote network access to machine resources.","Audit logs reveal anonymous network users successfully mapping shared network folders, or untrusted physical walk-ups logging into a workstation without needing a unique password.","Open the Command Prompt as an Administrator and execute the command ""net user guest /active:no"" to strictly disable the account; alternatively, open ""lusrmgr.msc"", double-click the Guest user profile, check the box for Account is disabled, and click Apply.",Network Security & Access Control,Account Security Best Practices,CORE 2,,SECURITY,5/27/2026 4:47:10
Accounts: Lockout thresholds,A security policy parameter that dictates the exact number of consecutive failed login attempts a user can make before their account is automatically locked out by the operating system to prevent brute-force or dictionary attacks.,"A legitimate employee is locked out of their workstation after mistyping their password a few times, displaying an error stating: ""The referenced account is currently locked out and may not be logged on to.""","An administrator must log in and open ""secpol.msc"" (Local Security Policy); navigate to ""Account Policies > Account Lockout Policy"" to adjust the Account lockout threshold value (e.g., setting it to 5 or 10 attempts); manually unlock the user's account properties within active management tools.",Network Security & Access Control,Logical Security Controls,CORE 2,,SECURITY,5/27/2026 4:48:57
"Accounts: Managing, best practices","The framework of administrative rules for securing credentials across an enterprise network. Core principles include enforcing the Principle of Least Privilege (giving users only the access needed for their job), mandating complex unique passwords, requiring multi-factor authentication (MFA), renaming default administrator names, and immediately disabling stale or terminated employee profiles.","Regular corporate users possessing full local admin rights accidentally downloading ransomware, widespread privilege escalation across internal segments, or credential-harvesting attacks succeeding due to a complete lack of MFA.",Conduct a thorough user access review across the local system or directory environment; strip standard users out of elevated privilege groups; configure explicit password expiration and complexity constraints using administrative templates or Group Policy.,Network Security & Access Control,Account Security Best Practices,CORE 2,,SECURITY,5/27/2026 4:50:17
Accounts: User accounts,Standard local or domain identity containers assigned to individuals on a computer system. Standard user accounts run programs with restricted security privileges to protect core OS operating stability and safeguard system-wide directories from accidental modification.,"A standard user accounts folder throws permissions errors when they try to save a personal file outside of their own user directory path (e.g., attempting to write files inside ""C:\Windows\System32"").",Educate users to operate within their designated profile directories (such as Documents or Desktop); use explicit permissions mapping or folder redirection configurations if a specific standard user requires routine access to a shared data partition.,Network Security & Access Control,User Account Management,CORE 2,,OPERATING SYSTEMS,5/27/2026 4:51:33
"ACK packets, three-way handshakes","Acknowledgment packets. The final data packet sent during the standard TCP (Transmission Control Protocol) connection establishment phase. The client sends a Synchronize Packet (SYN packet), the server responds with a Synchronize-Acknowledgment Packet (SYN-ACK), and the client returns an Acknowledgment Packet (ACK packet) to confirm a reliable connection has been successfully established.","Applications hanging indefinitely during network connection phases, network capture analysis showing one-sided traffic flows, or connection time-out errors occurring despite a host answering initial network pings.",Inspect firewall filtering rules to ensure stateful packet inspection is not dropping legitimate incoming TCP ACK frames; check for asymmetric routing loops where outbound and inbound traffic are traversing different physical or logical paths.,Network Infrastructure and Media,Protocols and Network ,CORE 1,NETWORKING,,5/27/2026 5:07:25
"Acknowledgement phase, DORA process","The fourth and final stage of the DHCP (Dynamic Host Configuration Protocol) automated IP addressing assignment process Discover, Offer, Request, Acknowledge (DORA). The DHCP server sends a final DHCP-ACK packet to the client, officially confirming the lease configuration and authorizing the client to use the assigned IP address, subnet mask, and default gateway.","Client machines get stuck forever in a ""Configuring network interface"" loop, fail to receive a valid IP address configuration, or fall back to an APIPA auto-assigned address (169.254.x.x) despite a DHCP server being online on the broadcast domain.",Verify that the DHCP server's address pool has not run out of assignable IPv4 scopes; check for severe local network latency or packet drops that might cause the client to drop the packet before completing the handshake; review the server logs for lease conflicts.,Network Infrastructure Services,IP (Internet Protocol) Addressing Services (DHCP),CORE 1,NETWORKING,,5/27/2026 12:23:12
SYN packet (Synchronize Packet),"The initial data packet sent by a client host to a server to initiate a TCP (Transmission Control Protocol) three-way handshake, used to establish a reliable, connection-oriented communication channel by synchronizing sequence numbers.
","- Connection Timeout / ""Server Unreachable"": Outbound SYN packets are sent but receive no response, causing applications to hang during the initial connection phase.
- Connection Refused (RST): The client immediately receives a Reset (RST) packet back instead of an acknowledgement.
- High Network Latency: Severe delays during the initial setup of web pages or network services, though active streams perform normally.
- Server Performance Degradation: The target server runs out of memory, drops legitimate connections, or experiences high CPU usage due to a flood of orphaned connection requests.
","- Analyze Traffic with Wireshark: Capture packets on the network interface to verify if outbound SYN packets are actually being generated and transmitted.
- Inspect Firewall and ACL (Allow Client List) Rules: Check local, network, and cloud firewalls to ensure that the required inbound/outbound (Transmission Control Protocol) TCP port is open and not dropping traffic.
- Verify Service Status: Check the target server to confirm that the listening application or service is active and bound to the correct port.
- Mitigate SYN Flood Attacks: Enable TCP SYN cookies on the server operating system or implement rate-limiting on network firewalls to protect against Denial of Service (DoS) attacks.",Networking,Network Protocols / Transport Layer Security,CORE 1,NETWORKING,,5/27/2026 12:29:16
SYN-ACK (Synchronize-Acknowledgment Packet),"The second packet in the TCP (Transmission Control Protocol) three-way handshake, sent by a server back to a client host to acknowledge the receipt of the initial SYN packet and synchronize its own sequence numbers for bidirectional communication.","-""Connection Reset by Peer"": The client receives a SYN-ACK but the connection is instantly broken before data transfer begins.
- Stuck in SYN_RECV (Synchronize Received) State: The server logs show numerous connections stuck waiting for the final response from the client, depleting system resources.
- Intermittent Connectivity: Only certain client machines can successfully connect to a server, while others drop during the handshake.","- Trace the Handshake Sequence: Use network sniffing tools (e.g., ""tcpdump"" or Wireshark) to verify if the server is generating the SYN-ACK packet and if it reaches the client.
- Fix Asymmetric Routing: Check router and gateway configurations to ensure that the return path from the server back to the client is not taking a different, blocked route.
- Adjust MTU Settings: Reduce the Maximum Transmission Unit (MTU) size on the network interfaces if large packets containing handshake headers are being silently dropped by intermediate routers.
- Clear TCP/IP (Transmission Control Protocol/ Internet Protocol) Stack: Run ""netsh int ip reset"" and ""netsh winsock reset"" in an elevated Windows Command Prompt to clear local network corruption preventing proper handshake negotiation.",Networking,Network Protocols / Connection Management,CORE 1,NETWORKING,,5/27/2026 12:35:41
ACK packet (Acknowledgment Packet),"The final packet in the TCP (Transmission Control Protocol) three-way handshake—and the baseline packet used during an active session—sent to confirm the successful receipt of data or to complete the connection setup before data transmission begins.
","- Stuck Connections: A socket connection appears to open successfully but immediately freezes or hangs indefinitely when attempting to transmit application data.
- High Packet Retransmission: Network monitors reveal a surge in duplicated data frames being sent over the wire, severely throttling network throughput.
- Connection Dropouts: Connections are abruptly terminated with errors like ECONNRESET (Connection Reset by peer) or ""Connection timed out"" shortly after the initial handshake completes.","- Verify Three-Way Handshake Completion: Run a packet capture in Wireshark and filter for ""tcp.flags.ack == 1"" to verify if the client's final ACK packet is reaching the server interface.
- Check Stateful Firewall Tables: Inspect intermediate firewalls to ensure they aren't prematurely dropping the ACK packet due to exhausted state table limits or overly aggressive timeout rules.
- Disable TCP Offloading: Open Device Manager, navigate to your Network Adapter properties, click the Advanced tab, and temporarily disable Large Send Offload (LSO) and TCP Checksum Offload to resolve hardware-level packet formatting bugs.
- Isolate Bad Network Hardware: Run a continuous ping test (""ping -t"") alongside your data transfer to pinpoint faulty switches, damaged cables, or failing access points that are causing packet corruption and dropping small ACK frames. ",Networking,Network Protocols / Connection Management,CORE 1,NETWORKING,,5/27/2026 12:42:30
DHCPACK (DHCP (Dynamic Host Configuration Protocol) Acknowledgment),"The fourth and final packet in the DHCP DORA process, sent by the DHCP server to the client to confirm the IP address lease, lease duration, subnet mask, default gateway, and DNS (Domain Name System) configurations.","- Stuck on ""Obtaining IP (Internet Protocol) Address"": The client device broadcasts requests but never receives the final confirmation, remaining offline.
- Frequent Disconnections: The network connection drops and reconnects constantly as the client fails to renew its lease when it reaches the T1 (renewal) timer.
- APIPA  (Automatic Private Internet Protocol Addressing) Failback: The device times out waiting for the server's final confirmation and falls back to a self-assigned ""169.254.x.x"" address.
- Log Errors: Event Viewer logs show DHCP (Dynamic Host Configuration Protocol) Client event warnings such as ID 1001: ""Your computer was not assigned an address from the network..."" ","- Check Server Lease Pool: Open the router or DHCP server management console to ensure the scope has available addresses and that the server is not crashing or locked up.
- Run a Network Trace: Open Wireshark on the client machine and use the filter ""bootp"" (Bootstrap Protocol) or ""dhcp"" to see if the server's DHCP-ACK unicast or broadcast packet is actually reaching the client network card.
- Verify UDP (User Datagram Protocol) Port Availability: Ensure network firewalls and endpoint security software are allowing inbound traffic on UDP port 68 (DHCP client port).
- Reset the TCP/IP (Transmission Control Protocol/ Internet Protocol) Stack: Run ""netsh int ip reset"" followed by ""ipconfig /flushdns"" in an elevated Command Prompt to clear any corrupt local network configuration caching that may be blocking the packet. ",Networking,Network Services / IP Addressing,CORE 1,NETWORKING,,5/27/2026 12:54:57
DHCP (Dynamic Host Configuration Protocol) Lease Cycle Works,"The lifecycle management process of a dynamically assigned IP (Internet Protocol) address, where a client safely holds an IP configuration for a set duration (lease time) and must periodically check in with DHCP servers to keep or update that address before it expires.","- Intermittent Drops at Midpoints: Active remote desktop, VoIP (Voice Over IP), or streaming sessions drop predictably at exact intervals (e.g., exactly every 4 or 12 hours).
- System Event Log Warning 1003: Windows logs an error stating that the computer failed to renew its IP address lease with the network card.
- Sudden APIPA Failback (Automatic Private IP Adressing): A working computer suddenly loses internet connectivity mid-day and shows an IP address of ""169.254.x.x"".","- Query Current Lease Details: Open Command Prompt and type ""ipconfig /all"" to inspect the exact Lease Obtained and Lease Expires timestamps.
- Isolate Network Outages: Verify if network switches or routers were offline or rebooting during the renewal windows, preventing client check-ins.
- Adjust Lease Duration: Modify the lease time settings on the DHCP server—increase short leases (e.g., 2 hours) to 8 days for stable office environments to reduce network traffic.
- Flush Cache & Re-request: Run ""ipconfig /release"" and ""ipconfig /renew"" to wipe out a problematic lease state and start a fresh initialization cycle.
",Networking,Network Services / IP Addressing,CORE 1,NETWORKING,,5/27/2026 14:37:07
DHCP T1 Timer (Renewal),"The first internal timer in the DHCP (Dynamic Host Configuration Protocol) lease cycle—defaulting to 50% of the total lease time—at which the client sends a unicast DHCPREQUEST packet directly to the original DHCP server to renew its current IP (Internet Protocol) address lease.
","- Quiet Failures: No immediate connectivity drop is visible to the user, but background network logs show repeated, unanswered unicast requests.
- Unicast Timed Out Logs: Event logs showing that the network card is failing to reach the local DHCP server address, despite the client still having internet access.","- Check Unicast Routing: Ensure that internal firewalls or routing tables have not blocked direct unicast communication between the client's subnet and the DHCP server over UDP port 67.
- Verify Server State: Check if the original DHCP server daemon has frozen, crashed, or had its network interface changed since the initial lease was granted.
- Monitor with Wireshark: Apply the filter ""dhcp.option.dhcp == 3"" to verify if the client is actively originating the unicast renewal request when the T1 timer hits.
",Networking,Network Services / Connection Timers,CORE 1,NETWORKING,,5/27/2026 14:53:11
DHCP T2 Timer (Rebinding),"The second internal timer in the DHCP (Dynamic Host Configuration Protocol) lease cycle—defaulting to 87.5% (7/8ths) of the total lease time—triggered if the original server ignored the T1 requests, causing the client to broadcast a DHCPREQUEST to any available DHCP server on the network.","- Network Warning Pop-ups: Brief desktop alerts indicating the local area network connection is searching or re-identifying.
- IP (Internet Protocol) Address Shifting: The client suddenly binds to a completely different IP pool or subnet if a secondary, unauthorized (rogue) DHCP server answers the broadcast first.
","- Audit Broadcast Domains: Check that routers and switches are properly configured to forward network broadcasts or that IP Helper/DHCP Relay agents are running correctly to pass the broadcast to other subnets.
- Identify Rogue Servers: Run tools like ""dhcploc.exe"" or look at Wireshark captures to see if an unexpected server IP address is responding to the client's broadcast rebind request.
- Fix Server High Availability (HA): If utilizing a split-scope or failover cluster, verify that the secondary DHCP partner server is online and has available leases to fulfill the rebind request.
",Networking,Network Services / Connection Timers,CORE 1,NETWORKING,,5/27/2026 14:58:21
DHCP Expiration,"The final state reached when 100% of the lease time has elapsed without a successful renewal or rebind, forcing the client to immediately cease using the IP (Internet Protocol) address, drop off the network, and return to the initial DHCP (Dynamic Host Configuration Protocol) Discover phase.","- Instant Disconnection: The system completely drops all active local and internet data paths the exact second the lease timer counts down to zero.
- Symptom Shift to APIPA: ""ipconfig"" immediately drops the corporate IP settings and flips to a ""169.254.x.x"" configuration.
- Application Crashes: Enterprise software solutions lose their sockets, resulting in errors like ""Network connection lost"" or ""Session expired.""","- Perform Physical Loop Diagnostics: Unplug the physical RJ-45 Ethernet cable or disconnect from the Wi-Fi SSID for 10 seconds, then reconnect to force a hard hardware renegotiation.
- Clear Stale Server Bindings: On the DHCP Server console, locate the client's MAC address under active leases, delete the expired or corrupted entry manually, and clear any bad reservations.
- Reinitialize Network Stack: Execute ""netsh int ip reset"" and restart the workstation to fix deep OS-level registry corruption within the DHCP client service files.
",Networking,Network Services / IP Addressing,CORE 1,NETWORKING,,5/27/2026 15:02:33
ACL (Access Control Lists),"A formal rule matrix that dictates resource access rights. On network routers and firewalls, it filters inbound/outbound packets based on IP (Internet Protocol) addresses, protocols, or port numbers. On a file system (such as NTFS (New File Transfer System), it lists the specific explicit folder permissions granted to individual users and security groups.","Users are blocked from opening folders essential to their daily tasks, or network workstations are unable to connect to an external server resource due to an overly restrictive rule line."," To fix a network ACL issue, trace rule order from top-to-bottom and fix any conflicting ""deny"" strings; for file permissions issues, right-click the folder, go to ""Properties > Security"", and edit the user lists to ensure the necessary permissions (Read/Write) are selected.",Network Security & Access Control,Logical Security Controls,CORE 2,,SECURITY,5/27/2026 15:14:20
"Action plans, CompTIA troubleshooting process","Step 4 of the official CompTIA 6-step troubleshooting methodology. After identifying the root cause of a technical problem, the technician establishes a clear plan of action to resolve the issue and implement the solution safely, ensuring no secondary systems are broken in the process.","Technicians rushing into a repair and accidentally wiping user data, causing a prolonged system blackout by executing random commands, or replacing expensive hardware components without checking logical configurations first.",Always document your plan before executing any changes; identify potential risks or side effects of your plan; schedule necessary downtime if the fix impacts production environments; make sure you have a working backup of critical data before proceeding with the fix.,"Motherboards, RAM, and CPU Diagnostics",Troubleshooting Methodologies,CORE 1,HARDWARE & NETWORK TROUBLESHOOTING,,5/27/2026 15:18:32
Active Directory: Group policies,"A feature of Microsoft Active Directory environments that allows administrators to centrally configure and enforce OS settings, security restrictions, desktop configurations, and software installation behaviors for users and computer objects across an entire domain via Group Policy Objects (GPOs).","New security restrictions or corporate desktop wallpapers fail to deploy to client machines on the network, or a machine retains old settings even after a domain policy is updated.","Run the command ""gpupdate /force"" from the Command Prompt on the client computer to manually pull the latest policies; use the ""gpresult /r"" command to generate a diagnostic report to see which GPOs are being successfully applied or blocked.",Operating Systems Management,Active Directory and Domain Services,CORE 2,,OPERATING SYSTEMS,5/27/2026 15:20:43
Active Directory: Home folder,A centralized storage directory hosted on a network file server that is automatically mapped to a specific user's account profile within Active Directory. This allows a user's primary files to be securely backed up on the server and accessible from any corporate workstation they log into.,"A user logs into a corporate computer and receives an error that their personal drive mapping (often the H: drive) is missing, or they are completely unable to open their personal work files.","Open Active Directory Users and Computers (dsa.msc), find the user's properties, and check the Profile tab to verify the network path string (\\server\share\user) is spelled correctly; ensure the network storage server is online and that share/NTFS (New File Transfer Systems) permissions grant the user full access.",Operating Systems Management,Active Directory and Domain Services,CORE 2,,OPERATING SYSTEMS,5/28/2026 2:29:30
Active Directory: Logon scripts,"Command files, batch files, or PowerShell scripts assigned to a user profile in Active Directory that run automatically every time the user logs into a domain-connected computer. These scripts are typically used to map network drives, connect printers, or push environment variables.","Shared department network folders or network printers fail to automatically appear in File Explorer when an employee boots their system, or login phases take a long time due to a script getting stuck in a loop.",Check the Active Directory user account properties profile tab to verify the exact file name and path of the login script are entered correctly; open the script file directly inside the network SYSVOL (System Volume) folder to check for syntax bugs or dead server references.,Operating Systems Management,Active Directory and Domain Services,CORE 2,,OPERATING SYSTEMS,5/28/2026 3:16:17
Active Directory: online resources,"Cloud-integrated directory components and hybrid storage spaces (such as Azure Active Directory / Microsoft Entra ID) that synchronize local on-premise Active Directory structures with cloud-based resources, applications, and authentication services.","Internal corporate employees can access local office workstations but are completely blocked from logging into cloud-hosted platforms like Microsoft 365, throwing credential validation errors.",Open the directory synchronization tool (such as Azure AD Connect) on the local domain controller; check the active synchronization log files for replication conflicts; verify that the on-premise domain controller can communicate over the internet with cloud endpoint ports.,Operating Systems Management,Active Directory and Domain Services,CORE 2,,OPERATING SYSTEMS,5/28/2026 3:37:22
Active Directory: Security groups,"Group objects within Active Directory used to bundle multiple user accounts together under a single container. This lets administrators assign folder access, file permissions, and network privileges to the entire group at once, rather than mapping permissions individually for every user.","A new hire is unable to access their department's shared network folders, or an unapproved employee can view sensitive files because user accounts are assigned permissions directly rather than using groups.","Access the Active Directory management console; locate the appropriate department security group (e.g., ""Accounting-ReadOnly""); open its properties, go to the Members tab, and add the user's account to the group; have the user log out and log back in to update their security token.",Operating Systems Management,Active Directory and Domain Services,CORE 2,,OPERATING SYSTEMS,5/28/2026 3:39:22
Active Directory: User profiles,"The collection of unique user settings, application data, desktop layouts, and document folders stored on a domain server or local system that loads every time a specific user logs in. In enterprise setups, Roaming Profiles pull this data down from a file server to whatever workstation the user sits at.","A user receives a ""You have been logged in with a temporary profile"" notification upon boot, and any files saved to the desktop vanish completely after restarting the computer.","Check network path connectivity to the profile storage server; if a local profile registry key is corrupted, open ""regedit"" and navigate to ""HKLM\SOFTWARE\Microsoft\Windows NT\CurrentVersion\ProfileList"", find the profile entry ending in "".bak"", and repair or rebuild the profile mapping.",Operating Systems Management,Active Directory and Domain Services,CORE 2,,OPERATING SYSTEMS,5/28/2026 3:59:13
Active partitions,A specific drive partition on a Master Boot Record (MBR) storage disk that is marked by the user or system as the designated bootable partition. The system BIOS (Basic Input/Output System)/UEFI (Unified Extensible Firmware Interface) searches for this active flag to locate the OS bootloader files needed to start the operating system.,"Workstation fails to boot up past the POST (Power-On Self-Test) screen, throwing a black screen error message like ""Error loading operating system,"" ""Missing operating system,"" or ""No bootable device found.""","Boot the machine using a Windows installation USB drive; open the Command Prompt interface and use the ""diskpart"" utility; select the hard drive and the primary OS partition, type the command ""active ""to flag it as bootable, and exit to reboot.",Operating Systems Management,Disk Management Utilities,CORE 2,,OPERATING SYSTEMS,5/28/2026 4:34:54
Adapters: USB-to-Ethernet adapters,"An external peripheral adapter plug that converts a computer's universal serial bus (USB) port into an RJ-45 physical Ethernet network interface, commonly used to provide wired network access to slim laptops that lack a built-in Ethernet port.","Laptop fails to establish a wired network link when an Ethernet cable is plugged into the adapter, showing a ""Network cable unplugged"" status or an unrecognized device error in Device Manager.",Unplug the adapter and try a different physical USB (Univer port on the machine; check Device Manager to see if the device shows up with a yellow warning triangle; download and install the official hardware drivers from the adapter manufacturer's website.,Mobile Devices and Mobile Hardware,Laptop Accessories and Ports,CORE 1,MOBILE DEVICES,,5/28/2026 4:59:13
Adapters: video adapters,"Also known as a graphics card, GPU (Graphics Processing Unit), or display adapter. An internal expansion card or integrated motherboard chip responsible for translating graphical computer data into a visual signal that can be sent over cables and displayed on an external monitor.","Workstation screen flickers constantly, artifacts or weird lines appear across the display, games and applications crash due to driver errors, or the monitor remains completely black while the PC power lights turn on.","Ensure the video cable is firmly connected to the correct graphics card port rather than the motherboard's integrated port; boot into Safe Mode, open Device Manager, right-click the video adapter, and choose Update driver or perform a clean install of the latest vendor software.",Peripherals and Hardware,Internal Expansion Cards,CORE 1,HARDWARE,,5/28/2026 5:32:11
Additive manufacturing," The industrial engineering term for 3D printing. It refers to the process of building an object layer-by-layer from a digital 3D model blueprint, contrasting with traditional subtractive manufacturing methods (like milling or carving) that cut away material from a solid block.","Physical structural flaws in printed 3D models, rough layers, or objects failing to match the precise scale measurements of the digital design file.",Open your slicing software utility tool to check the G-code (geometric code) path configurations; optimize layer height and infill density settings; ensure the 3D printer's structural frame components are rigid and calibrated correctly before printing.,Peripherals and Hardware,3D printers,CORE 1,HARDWARE,,5/28/2026 5:41:52
"Addressing: IPv4 (Internet Protocol version 4), loopback addresses","A special reserved IPv4 address range (127.0.0.1 through 127.255.255.254, with ""127.0.0.1"" used as the standard default) that routes network traffic back to the local host machine. This allows a technician to test if a computer's local TCP/IP network stack is functioning correctly without needing a physical network connection.","Running a ping command to ""127.0.0.1"" returns an error message like ""Ping request could not find host"" or ""General failure,"" indicating the operating system's software network stack is broken.","Open the Command Prompt and type ping ""127.0.0.1""; if the ping fails, reset the network configurations by running the command ""netsh int ip reset"" followed by a complete reboot of the operating system.",Network Infrastructure and Media,IP Addressing (IPv4),CORE 1,NETWORKING,,5/28/2026 6:12:59
Addressing: IPv6 (Internet Protocol version 6),"The current standard internet protocol addressing system designed to replace IPv4. IPv6 uses a 128-bit address format written as eight groups of four hexadecimal digits separated by colons (e.g., 2001:db8:0000:0000:0000:ff00:42:8329), providing a massive pool of unique addresses to accommodate global internet growth.","Workstation cannot connect to modern IPv6-only web services, or local area network configurations show a ""Link-local IPv6 Address"" beginning with ""fe80::"" but lack a global routing address.","Check your network adapter properties to ensure the Internet Protocol Version 6 (TCP/IPv6) checkbox is enabled; run ""ipconfig /all"" to review active configurations; verify that your internet service provider (ISP) and local edge router have IPv6 routing protocols turned on.",Network Infrastructure and Media,IP Addressing (IPv6),CORE 1,NETWORKING,,5/28/2026 6:23:49
Administrative shares,"Hidden network shares created automatically by Windows NT-based operating systems (such as ""C$"", ""D$"", or ""ADMIN$"") that allow system administrators to remotely access root hard drive volumes and system folders. They always end with a dollar sign (""$""), which makes them completely invisible to standard users browsing the network.","An administrator receives an ""Access Denied"" or ""Network path not found"" error when trying to remotely connect to a workstation's root drive via a UNC path (e.g., trying to browse to ""\\ComputerName\C$"").","Verify that the ""File and Printer Sharing"" service is enabled on the remote computer's firewall; ensure you are authenticating with valid domain administrator credentials; check the Windows Registry to confirm that administrative shares haven't been disabled via the ""AutoShareWks"" or ""AutoShareServer"" registry keys.",Operating Systems Management,Windows File and Folder Sharing,CORE 2,,OPERATING SYSTEMS,5/29/2026 1:04:30
Administrative Tools: Certificate Manager,"A system utility snap-in (""certlm.msc"" for local machine, ""certmgr.msc"" for current user) used to view, manage, import, and delete digital certificates. These certificates are crucial for validating cryptographic identities, securing emails, encrypting files, and verifying trusted root authorities.","Users receive severe browser warnings stating ""Your connection is not private"" or ""The security certificate presented by this website was not issued by a trusted certificate authority"" when visiting corporate intranet sites.","Open the Certificate Manager snap-in; navigate to the Trusted Root Certification Authorities folder; select Action > All Tasks > Import to manually load the correct, up-to-date corporate root certificate file provided by the network security team.",Operating Systems Management,Windows Administrative Utilities,CORE 2,,OPERATING SYSTEMS,5/29/2026 1:42:01
Administrative Tools: Computer Management,"A comprehensive Microsoft Management Console (MMC) container (""compmgmt.msc"") that consolidates several vital administrative tools into a single interface. It provides direct access to Task Scheduler, Event Viewer, Shared Folders, Local Users and Groups, Performance Monitor, Device Manager, and Disk Management.","A technician is forced to open multiple individual windows to troubleshoot a system, resulting in slow diagnostic workflows and inefficient local system auditing.","Right-click the Windows Start menu button and select Computer Management, or type ""compmgmt.msc"" into the Run dialog box (""Win + R"") to pull up the consolidated console interface.",Operating Systems Management,Windows Administrative Utilities,CORE 2,,OPERATING SYSTEMS,5/29/2026 1:43:23
Administrative Tools: Device Manager,"A built-in graphical tool (""devmgmt.msc"") used to manage the physical hardware components connected to a computer. It allows technicians to check hardware operational status, update device drivers, alter hardware configurations, enable/disable components, and resolve IRQ resource conflicts.","An external peripheral device (like a webcam or network card) completely fails to function, displaying a generic yellow exclamation point triangle, a red ""X"", or an ""Unknown Device"" listing in the operating system interface.","Open Device Manager; locate the malfunctioning hardware listing; right-click the item and select Update Driver to point the system to the vendor's software files; if it still fails, select Uninstall Device, unplug the peripheral, restart the computer, and plug it back in to force a hardware rescan.",Operating Systems Management,Windows Administrative Utilities,CORE 2,,OPERATING SYSTEMS,5/29/2026 1:45:45
Administrative Tools: Event Viewer,"A core system utility (""eventvwr.msc"") that maintains detailed diagnostic logs regarding system software, security triggers, hardware events, and application operations. It categorizes logs into Critical, Error, Warning, Information, and Verbose levels to help track system stability.","The computer experiences mysterious application crashes or sudden Blue Screens of Death (BSOD) with generic stop codes, making it difficult to pinpoint the exact driver or application causing the system crash.","Launch Event Viewer; expand the Windows Logs directory tree; select the System log to look for red ""Error"" or ""Critical"" flags timestamped at the exact moment of the system crash; isolate the specific Event ID and source file listed in the details panel to target the fix.",Operating Systems Management,Windows Administrative Utilities,CORE 2,,OPERATING SYSTEMS,5/29/2026 1:53:22
Administrative Tools: Group Policy Editor,"An advanced administrative snap-in tool (""gpedit.msc"" for local policy, ""gpmc.msc"" for Active Directory domain policy) used to configure registry-based settings, software installation behaviors, and security baselines for users and computers across a workspace environment.","Local configuration settings (such as disabling the Control Panel or forcing a specific password complexity length) fail to roll out to target workstations, leaving computers vulnerable to non-compliant configurations.","Open the Local Group Policy Editor on the machine; navigate to the specific Administrative Template path; configure the target policy setting to ""Enabled"" or ""Disabled""; run the command ""gpupdate /force"" in an elevated command prompt to instantly apply the new settings.",Operating Systems Management,Windows Administrative Utilities,CORE 2,,OPERATING SYSTEMS,5/29/2026 2:02:19
Administrative Tools: Local Security Editor,"A specialized administrative tool (""secpol.msc"") that is a subset of the Group Policy Editor. It is focused explicitly on configuring local machine security policies, including password complexity requirements, account lockout thresholds, user rights assignments, and audit logging parameters.","Workstations permit weak user passwords (like ""12345"") or fail to log failed login attempts, making it impossible for security teams to track active brute-force password attacks on local profiles.","Open the Local Security Policy tool (""secpol.msc""); navigate to ""Account Policies > Password Policy"" to configure password length requirements; navigate to ""Local Policies > Audit Policy"" to activate tracking for successful and failed login attempts.",Operating Systems Management,Windows Administrative Utilities,CORE 2,,OPERATING SYSTEMS,5/29/2026 2:40:45
Administrative Tools: Local Users and Groups,"A local management utility snap-in ('lusrmgr.msc"") used to create, delete, modify, and disable local user accounts and local security groups on a specific computer. (Note: This tool is omitted from basic Home editions of Windows).","A standard user profile cannot run basic administrative tools because they are missing from the local privileged groups, or stale local accounts are left active on an enterprise machine after an employee departs.","Run ""lusrmgr.msc"" as an administrator; select the Users folder to right-click and change passwords or disable accounts; select the Groups folder, double-click Administrators, and add or remove specific user accounts to update their local privilege tokens.",Operating Systems Management,Windows Administrative Utilities,CORE 2,,OPERATING SYSTEMS,5/29/2026 3:17:11
Administrative Tools: Performance Monitor,"A diagnostic graph utility (""perfmon.msc"") used to analyze real-time system performance data. It tracks crucial system statistics over time—such as CPU usage, RAM utilization, physical disk queue lengths, and network interface speeds—by mapping specific data counters.","A computer becomes painfully sluggish or freezes up during heavy workloads, but Task Manager fails to provide enough historical context or granularity to determine if the bottleneck is caused by the storage disk, RAM capacity, or processing power.","Open Performance Monitor; click the green plus sign (""+"") to add performance counters like ""% Processor Time"" or ""Avg. Disk Queue Length""; run a Data Collector Set over a few hours to log system performance data into a report for deep bottleneck analysis.",Operating Systems Management,Windows Administrative Utilities,CORE 2,,OPERATING SYSTEMS,5/29/2026 15:51:09
Administrative Tools: Services,"A system management console (""services.msc"") used to monitor and manage background operating processes that run independently of the logged-in user interface. It allows users to start, stop, pause, and configure the startup behavior (""Automatic, Manual, Disabled"") of critical system services.","A feature like printing fails completely, or a laptop is unable to discover any local Wi-Fi networks because the background service responsible for that task has stalled or failed to start up during system boot.","Open the Services console; locate the relevant background process (e.g., ""Print Spooler"" or ""WLAN AutoConfig""); right-click the service name and select Restart to clear out the software stall; double-click the service and verify that its Startup type is configured to Automatic.",Operating Systems Management,Windows Administrative Utilities,CORE 2,,OPERATING SYSTEMS,5/29/2026 15:59:18
Administrative Tools: Task Scheduler,"A system utility (""taskschd.msc"") that enables users to automate routine tasks, launch applications, or run scripts automatically at specific predetermined times or when triggered by predefined system events.","Daily automated data backup scripts, disk cleanup routines, or antivirus updates fail to run consistently overnight, leaving a corporate computer out of compliance.","Launch Task Scheduler; review the Task Scheduler Library to check the status of active automation routines; examine the ""Last Run Result"" column to find error codes; double-click a task to modify the active system trigger conditions or update the administrative credentials used to run the script.",Operating Systems Management,Windows Administrative Utilities,CORE 2,,OPERATING SYSTEMS,5/29/2026 16:09:08
Administrator accounts: Best practices,"Security guidelines for managing high-privileged user identities. Key rules include avoiding daily web browsing or email tasks on an administrator account, using standard accounts for routine tasks, renaming default administrator accounts to hide them from automated scripts, and requiring unique passwords paired with multi-factor authentication (MFA).",Widespread malware or ransomware infections successfully compromise an entire system root folder because an employee was browsing the web or checking emails while logged directly into a local administrator account.,Create standard unprivileged accounts for all employees' daily workloads; remove standard users from the local Administrators group; implement strict User Account Control (UAC) alert settings across all corporate endpoints.,Network Security & Access Control,Account Security Best Practices,CORE 2,,SECURITY,5/30/2026 1:32:19
Administrator accounts: Passwords,"The complex authentication strings used to protect elevated administrative accounts from unauthorized access. These passwords should be significantly longer and more secure than standard user passwords, and they should be regularly rotated using centralized credential managers.",Attackers successfully execute brute-force or dictionary attacks to gain full administrative control over a machine due to the local administrator password being weak or left at factory default settings.,"Use Group Policy Objects (""secpol.msc"") to enforce a high minimum password length (minimum 14+ characters) and complexity requirements; implement a Local Administrator Password Solution (LAPS) to automatically rotate unique passwords across every device on the network.",Network Security & Access Control,User Account Management,CORE 2,,SECURITY,5/30/2026 1:44:35
"Administrators, Run as","A specialized Windows context menu option that launches an application with elevated administrative privileges. It gives the application a full administrative access token, bypassing any standard user restrictions for that execution session.","A technician opens the command prompt to run system utilities like ""sfc /scannow"" or ""chkdsk"", but the utility fails to execute, returning an explicit error message stating: ""You must be an administrator running an elevated console session.""","Right-click the program shortcut icon or the Command Prompt executable, select Run as administrator from the context menu, and click ""Yes"" on the User Account Control (UAC) safety pop-up window to launch the elevated program version.",Operating Systems Management,Windows Command-Line Utilities,CORE 2,,OPERATING SYSTEMS,5/30/2026 2:07:51
ADSL (Asymmetrical DSL (Digital Subscriber Line)) connectivity,"A legacy copper wire broadband internet technology that transmits digital data over standard analog telephone lines. It is ""asymmetrical"" because it allocates more bandwidth for downloading data than for uploading data, making it suitable for standard home use.","Slow internet performance, frequent dropouts when a landline phone rings, or the DSL modem fails to establish a stable digital link with the telephone company's central switch.",Install physical inline DSL filters on all standard analog telephone lines sharing the premises to isolate high-frequency data signals from low-frequency voice lines; move the DSL modem closer to the primary phone line entry wall jack; contact the telecom provider to test the copper wire line for signal degradation.,Network Infrastructure and Media,Internet Connection Types,CORE 1,NETWORKING,,5/30/2026 2:24:59
"Advanced tab, Internet Options","A comprehensive configuration panel located inside the legacy Windows Internet Options utility applet (""inetcpl.cpl""). It houses granular parameters for managing low-level web browser settings, security settings (such as turning TLS protocols on or off), and network behavior.","Workstations fail to connect to modern secure enterprise websites because legacy encryption protocols (like SSL 3.0) are active while newer, secure protocols (like TLS 1.3) are disabled inside the operating system.","Open Internet Options via the Control Panel or type ""inetcpl.cpl"" in the Run prompt; navigate to the Advanced tab; scroll down to the Security section to check the boxes for Use TLS 1.2 and Use TLS 1.3; if settings are corrupted, click the Reset button to restore browser configurations to default values.",Operating Systems Management,Windows Control Panel Applets,CORE 2,,OPERATING SYSTEMS,5/30/2026 2:26:39
AES (Advanced Encryption Standard),"A highly secure, symmetric block cipher encryption algorithm selected by the US government to protect classified data. It operates with key lengths of 128, 192, or 256 bits and serves as the cryptographic core for modern security systems, including WPA2 (Wi-Fi Protected Access version 2)/WPA3 (Wi-Fi Protected Access version 3) wireless security and BitLocker drive encryption.","Network data or hard drive partitions are vulnerable to offline dictionary cracking attacks due to the use of outdated encryption algorithms like TKIP (Temporal Key Integrity Protocol), WEP (Wire Equivalent Privacy), or DES (Data Encryption standard) instead of AES (American Encryption Standard).",Access the wireless access point or router management panel and switch the security configuration dropdown menu from legacy TKIP over to AES (or CCMP (Counter Cipher Mode with Block Chaining Message Authentication Code Protocol (CBA-MAC))/GCMP (Galois/Counter Mode Protocol)); ensure all corporate data encryption policies mandate the use of AES-256 bit lengths for data at rest and data in transit.,Network Security & Access Control,Wireless Security Standards,CORE 2,,SECURITY,5/30/2026 2:40:40
Aging passwords,"A security account policy configuration that defines a maximum password lifetime (e.g., requiring a password change every 90 days). It helps limit the amount of time an attacker can use a stolen or compromised password before it becomes useless.","Users continue using the exact same weak password for years without rotating it, increasing the risk that leaked corporate credentials from old third-party breaches remain active and usable on the corporate network."," Open Local Security Policy (""secpol.msc"") or use Active Directory Group Policy; navigate to ""Account Policies > Password Policy""; configure the Maximum password age counter to a secure value (such as 60 or 90 days) to force automatic password updates.",Network Security & Access Control,Logical Security Controls,CORE 2,,SECURITY,5/30/2026 2:41:52
Air filtration,"The environmental control practice of using physical air filters (such as HEPA (High-Efficiency Particulate Air)  filters) and positive pressure ventilation inside server rooms and data centers to remove dust, lint, and airborne particles that can clog cooling systems.","Internal server hardware components overheat, cooling fans experience mechanical failures due to heavy dust accumulation, and server heat sinks become covered in thick lint blankets, leading to thermal hardware shutdowns.","Establish a preventative maintenance schedule to inspect and replace HVAC (Heating, Ventilation, and Air Conditioning) pre-filters and server rack air filtration units quarterly; use low-pressure compressed air and anti-static vacuums to clean dust accumulations out of clogged server chassis enclosures.",Network Infrastructure and Operational Procedures,Physical Environmental Safety,CORE 2,,OPERATIONAL PROCEDURES,5/30/2026 17:35:33
"AirDrop, troubleshooting",A proprietary wireless ad-hoc file transfer protocol developed by Apple that combines Bluetooth (for discovery and connection setup) and point-to-point Wi-Fi (for transferring actual file data) between Apple hardware devices.,"A user trying to send a file receives a ""No Devices Found"" error, or a neighboring Apple laptop or smartphone fails to appear in the active share window despite being held right next to the machine.","Verify that both Bluetooth and Wi-Fi radios are enabled on both devices; turn off Airplane Mode; check the target device's AirDrop receiving settings inside the Control Center to ensure it is configured to ""Everyone"" or ""Contacts Only"" instead of ""Receiving Off""; disable Personal Hotspot connections.",Mobile Devices and Mobile Hardware,Mobile Device Connectivity,CORE 1,HARDWARE & NETWORK TROUBLESHOOTING,,5/30/2026 17:39:17
Airplane mode,"A mobile operating system toggle setting that instantly disables all wireless transmission radios built into a device, including cellular voice/data connections, Wi-Fi network cards, Bluetooth transmitters, and GPS (Global Positioning System) location tracking chips.","A smartphone, tablet, or slim laptop suddenly shows an airplane icon in the status bar and is completely unable to make phone calls, browse the web, or connect to nearby wireless accessories.",Swipe down to open the mobile device notification pane or quick settings menu; look for the illuminated airplane icon and tap it once to turn off Airplane Mode; wait a few seconds for the device radios to reconnect to local cellular towers and Wi-Fi networks.,Mobile Devices and Mobile Hardware,Mobile Device Configuration,CORE 1,MOBILE DEVICES,,5/30/2026 17:40:32
Alarm systems,"An administrative physical security control method consisting of electronic sensors (motion detectors, glass-break sensors, door contact loops) deployed to protect physical facilities, server closets, and peripheral equipment racks from unauthorized entry.",Facility perimeters suffer physical breaches by unauthorized individuals outside of standard business hours without alerting security teams or generating active incidents.,Audit and test all building security zones and contact sensors regularly; integrate physical alarm triggers directly with closed-circuit television (CCTV) cameras to automatically record video when a sensor is tripped; route alarm notifications to a 24/7 centralized monitoring station.,Network Security & Access Control,Physical Security Controls,CORE 2,,SECURITY,5/30/2026 18:24:04
"Alerts, ransomware hoaxes","Deceptive tech-support popup windows or fake security warning alerts that mimic legitimate operating system or antivirus messages. They claim the machine is encrypted or infected with malware to scare users into calling a fake support number or paying money, even though no real file encryption has taken place.","A user's web browser window locks up, displaying a flashing full-screen message stating ""WARNING: Ransomware Detected! Call 1-800-XXX-XXXX immediately to save your files,"" blocking standard access to the browser interface.","Do not call the listed phone number or click any links; open Task Manager (""Ctrl + Shift + Esc""); select the web browser process from the list and click End Task to force close the window; relaunch the browser and choose not to restore the previous session tabs; clear the browser cache and run a standard scan with your legitimate local antivirus software.",Network Security & Access Control,Social Engineering and Security Threats,CORE 2,,SOFTWARE TROUBLESHOOTING,5/30/2026 18:25:51
Alphanumeric strings,"Text characters consisting of both alphabetic letters (A-Z, a-z) and numerical digits (0-9). They are widely used to construct strong authentication codes, software license activation keys, and secure account passwords.",Input verification systems reject an authentication entry or software registration setup because the string lacks characters from one of the required letter or number groups.,"Check the password complexity rules defined by your security team; ensure character input strings include a combination of capital letters, lowercase letters, and numbers to satisfy compliance checks.",Network Security & Access Control,User Account Management,CORE 2,,SECURITY,5/30/2026 20:00:34
AMD CPU,"Advanced Micro Devices Central Processing Unit. A major brand of computer processors that implements the x86-64 computing architecture. They feature a distinct physical layout compared to Intel processors, using a PGA (Pin Grid Array) layout where the delicate interface pins are located directly on the underside of the CPU chip itself, mating with sockets like AM4 or AM5.","A computer completely fails to post after a hardware upgrade, the motherboard status lights show a CPU error, or the processor cannot be physically seated into the motherboard socket.","Verify that the motherboard socket matches the explicit AMD socket generation (Intel motherboards are completely incompatible); lift the socket retention lever, align the gold triangle on the corner of the AMD CPU with the matching triangle on the socket, and gently drop the chip into place without applying force; inspect the underside of the processor to ensure no pins are bent.","Motherboards, RAM, and CPU Diagnostics",CPU Architecture and Hardware,CORE 1,HARDWARE,,5/30/2026 20:04:20
"Ampersand (&&), double",A logical execution operator used within command-line interfaces (such as the Windows Command Prompt or Linux Bash shell) to chain multiple independent commands together in a single line. The system will execute the second command only if the first command completes successfully without returning an error code.,"Multi-step command scripts or automated deployment routines halt abruptly midway, and the secondary commands fail to run because the initial command returned an unexpected error code.","Check the syntax of your combined command string (e.g., ""mkdir BackupFolder && copy c:\data\*.* c:\BackupFolder""); verify that the first command runs cleanly on its own before using the ""&&"" operator to link it to additional tasks.",Operating Systems Management,Command-Line Utilities,CORE 2,,OPERATING SYSTEMS,5/30/2026 20:08:18
"&& (double ampersand), Linux","A logical conditional execution operator used in Linux shell environments (like ""Bash"" or ""Zsh"") to chain multiple commands together on a single command line. The shell evaluates the commands sequentially from left to right, executing the subsequent command if and only if the preceding command terminates with an exit status code of exactly ""0"" (which signifies success in Linux).","Scripted automation sequences fail to finish, or a combined command pipeline silently stops midway. For example, a target directory remains completely empty after running a build chain because the compilation stage failed, preventing the deployment stage from firing.","Manually run the first command alone, and immediately check its exit status by executing ""echo $""?. If the returned value is anything other than ""0"" (e.g., ""1"" or ""127""), troubleshoot the root error of that specific command before re-chaining it with the ""&&"" operator.",Operating Systems Management,Linux Command-Line Utilities,CORE 2,,OPERATING SYSTEMS,5/30/2026 20:11:44
"Analyzing: Detection/analysis phase, incident response","The critical second phase of the official security incident response lifecycle. Security teams analyze log files, alerts, and system anomalies to confirm that a security breach or incident is actually occurring, determine its scope, and identify the specific type of attack method used.",Security teams deploy incorrect containment methods or isolate the wrong systems because they rushed to respond without properly confirming the source or type of a malware infection or intrusion event.,"Isolate and review system logs from firewalls, SIEM (Security Information and Event Management) platforms, and endpoint protection software; capture network traffic samples to verify attack patterns; document all findings carefully before moving to Step 3 (Containment) of the incident response plan.",Network Infrastructure and Operational Procedures,Incident Response Procedures,CORE 2,,OPERATING SYSTEMS,5/30/2026 20:16:30
"Analyzing: Risk, change management","A crucial evaluation phase within the formal IT change management workflow. Before any major network configuration or hardware modification is approved, the change advisory board (CAB) analyzes potential risks, maps out dependencies, and reviews a detailed rollback plan to ensure business continuity if the modification fails.","Implementing a routine software update or network patch unexpectedly causes a widespread system outage across secondary company servers, disrupting business operations because dependencies weren't analyzed beforehand.","Complete a formal Change Request form detailing the scope of the change; perform a thorough risk assessment to identify potential side effects; create a detailed, step-by-step fallback or rollback procedure; schedule the change execution during a designated off-peak maintenance window.",Network Infrastructure and Operational Procedures,Change Management Processes,CORE 2,,OPERATIONAL PROCEDURES,5/30/2026 20:17:36
Android,"An open-source mobile OS (Operating System) developed by Google and based on the Linux kernel. It is designed primarily for touchscreen mobile devices such as smartphones and tablets, utilizing a highly customizable user interface and the Google Play Store for application distribution.","Extreme OS (Operating System) sluggishness, UI (User Interface) freezing, apps crashing back to the home screen unexpectedly, or severe battery drain caused by rogue background processes.",Clear the system cache partition by booting into recovery mode; force close malfunctioning background applications via settings; uninstall recently added third-party apps to see if the stability issue clears; perform a factory data reset as a final recovery step.,Mobile Devices and Mobile Hardware,Mobile Operating Systems,CORE 1,,MOBILE DEVICES,5/30/2026 20:42:07
Antennas: SOHO networks,Physical hardware elements attached to SOHO (Small Office / Home Office) wireless routers or APs (Access Points) that radiate and capture radio frequency signals. They can be omnidirectional (broadcasting signals equally in all horizontal directions) or directional (focusing signal power in one explicit path to span longer distances).,"Unexplained wireless ""dead zones"" inside an office building, rapid drops in signal strength just a few feet away from the wireless router, or extremely low data transmission speeds.","Ensure all external omnidirectional antennas are physically securely screwed into their reverse polarity subminiature version A (RP-SMA) connectors; orient external antennas perpendicularly (one vertical, one horizontal) to maximize wave polarization alignment; swap low-gain factory antennas with aftermarket high-gain antennas to expand the wireless coverage radius.",Wireless Networks,802.11 Wireless Protocol,CORE 1,NETWORKING,,5/30/2026 20:53:41
Antennas: Wi-Fi,"The internal or external radio frequency transducers integrated into client devices (such as laptops, smartphones, and desktop computers) or networking hardware to facilitate Wi-Fi network communications. In laptops, these antennas are typically run as thin wires threaded up through the physical display bezel for elevated spatial clearance.","Laptop displays low signal or can no longer discover nearby wireless networks even when sitting next to the router, or experiencing intermittent dropping of local area network (LAN) associations.",Open the laptop chassis or display bezel; check the delicate main and auxiliary micro-coaxial cable connections mating to the internal wireless network interface card (NIC); re-seat the tiny gold connectors if they have vibrated loose.,Mobile Devices and Mobile Hardware,Laptop Hardware Components,CORE 1,MOBILE DEVICES,,5/30/2026 20:59:28
Antimalware: Linux,"Specialized host-based security utilities (such as ClamAV) running on Linux distributions. They are designed to scan file directories, detect signature patterns, and quarantine malicious packages or scripts targeting hybrid enterprise environments.","Linux servers showing high central processing unit (CPU) utilization from unrecognized hidden scripts, modified root system configuration files, or suspicious outbound socket connections on non-standard ports.","Install or update the local antimalware scanning definition library using package managers (""sudo apt update && sudo apt install clamav""); execute a deep root file system scan; isolate or terminate flagged malicious execution process IDs (PIDs).",Network Security & Access Control,Host-Based Security Software,CORE 2,,SECURITY,5/30/2026 21:01:27
Antimalware: Mobile devices,"Protective application containers or endpoint detection utilities built for smartphones and tablets to identify, flag, and block malicious code, trojans, or grayware applications trying to access system Application Programming Interfaces (APIs).","Unauthorized pop-up advertisements overlaying the primary user interface (UI), settings changes occurring automatically, unauthorized premium short-message service (SMS) texts being sent, or rapid cellular data depletion.",Install a trusted antimalware utility from the official platform marketplace; perform a complete system data repository scan; identify and remove the malicious application package file manually via settings; revoke over-privileged device administrator permissions.,Network Security & Access Control,Mobile Device Protection,CORE 2,,SOFTWARE TROUBLESHOOTING,5/30/2026 21:07:44
Antistatic bags,Modern complementary metal-oxide-semiconductor (CMOS) components or motherboards arriving dead-on-arrival (DOA) or exhibiting intermittent memory registry errors due to structural damage from latent static shocks during unshielded storage.,"Always place delicate bare circuit boards directly inside a conductive or dissipative antistatic bag immediately upon extraction from a computer chassis; never rest bare components on the exterior surface of an antistatic bag, as the outer layer can accumulate static charge.","Always place delicate bare circuit boards directly inside a conductive or dissipative antistatic bag immediately upon extraction from a computer chassis; never rest bare components on the exterior surface of an antistatic bag, as the outer layer can accumulate static charge.",Network Infrastructure and Operational Procedures,Physical Environmental Safety,CORE 2,,OPERATIONAL PROCEDURES,5/30/2026 21:10:46
Antistatic mats,A rubberized workspace surface designed to safely conduct static electricity down to a building's ground source. Placing computer components on this surface prevents high-voltage static charges from accumulating and discharging through delicate semiconductors.,"Mysterious hardware component failures, fried random-access memory (RAM) chips, or system logic boards suffering damage during bench assembly routines without the technician physically feeling any static spark.",Lay out the antistatic workspace surface on the repair bench; attach the ground wire clip firmly to a verified physical grounding point (like a clean metal chassis or outlet ground plug screw); place all components on the mat surface during servicing.,Network Infrastructure and Operational Procedures,Physical Environmental Safety,CORE 2,,OPERATIONAL PROCEDURES,5/30/2026 21:12:14
 Antistatic wrist straps,An adjustable fabric bracelet with woven conductive fibers connected to a flexible grounding wire and an alligator clip. It continuously discharges any electrical charge from a technician's body safely to the ground before it can shock delicate computer parts.,"Random-access memory (RAM) sticks, logic units, or central processing unit (CPU) dies permanently failing to initialize immediately after being handled or seated during hardware replacement.","Wrap the fabric bracelet firmly around your bare wrist; attach the heavy alligator clip end onto a clean, unpainted metallic surface of the grounded computer case structure; keep the strap attached for the entire duration of internal component adjustments.",Network Infrastructure and Operational Procedures,Physical Environmental Safety,CORE 2,,OPERATIONAL PROCEDURES,5/30/2026 22:09:53
"Antivirus software, mobile devices","Security protection packages explicitly engineered for resource-constrained mobile architectures to defend local memory layers from malicious exploits. They monitor incoming file downloads, check running memory patterns, and inspect universal resource locator (URL) links for phishing signatures.","Extreme operating delay, mobile browser redirection to fraudulent sites, unauthorized configuration profile creation, or data exfiltration events over cellular connections.",Download an authenticated security suite from a verified software store; execute an engine scan; enable automated real-time protection constraints; activate systemic signature database sync procedures over wireless local area network (LAN) connections.,Network Security & Access Control,Mobile Device Protection,CORE 2,,SOFTWARE TROUBLESHOOTING,5/30/2026 22:24:20
"AP (Access Points), SOHO networks","Access Points (APs). Network hardware components that connect wireless Wi-Fi clients to a wired Ethernet backbone infrastructure. In small office/home office (SOHO) topologies, this capability is typically integrated into a single physical unit alongside the router and local network switch.","Users can connect locally to the router using an Ethernet cable but wireless devices are completely unable to find the service set identifier (SSID) name, or the system fails to assign local network configurations to wireless devices.",Power-cycle the integrated network hardware assembly; access the web configuration interface using the default gateway internet protocol (IP) address; navigate to wireless configurations to verify that the wireless radio broadcast flag is enabled; update the system firmware.,Network Infrastructure Services,Network Hardware Components,CORE 1,NETWORKING,,5/30/2026 22:26:53
APIPA (Automatic Private IP Addressing): IPv4 configurations,Automatic Private Internet Protocol Addressing (APIPA). A built-in feature of Microsoft Windows operating systems that self-assigns a temporary link-local internet protocol version 4 (IPv4) address when a client is configured for dynamic host configuration protocol (DHCP) but cannot reach a DHCP server. It selects an address out of the reserved space 169.254.0.1 through 169.254.255.254 with a standard Class B subnet mask of 255.255.0.0.,"Running the ""ipconfig"" command reveals a local network adapter IP address starting with ""169.254.x.x"", resulting in the workstation losing local routing access past its immediate local network layer.","Verify physical network cable connectivity or wireless radio associations; check that the local area network (LAN) dynamic host configuration protocol (DHCP) server daemon is running and has available address leases left in its scope allocation; run the command sequences ""ipconfig /release"" followed by ""ipconfig /renew"" in the command prompt.",Network Infrastructure Services,IP Addressing Services (DHCP),CORE 1,NETWORKING,,6/1/2026 0:29:44
"APIPA (Automatic Private IP Addressing): Messages, troubleshooting","Automatic Private Internet Protocol Addressing (APIPA) notification messages. Diagnostic alert conditions within the operating system interface—such as ""Limited or no connectivity"" or a yellow warning symbol on the taskbar network icon—indicating the device failed to pull an IP configuration from the network backbone.","Network status icons showing active connectivity warnings, browser windows immediately failing to navigate out to local or wide area network (WAN) resources, or internal network connection diagnostics pointing to missing default gateway values.","Check if other local area network (LAN) client endpoints are also experiencing identical ""169.254.x.x"" configurations to isolate a server failure; check for local network switch connection or virtual local area network (VLAN) assignment mistakes; configure a temporary static IP address profile to bypass automated dynamic allocation bugs.",Network Infrastructure and Media,Troubleshooting Methodologies,CORE 1,HARDWARE & NETWORK TROUBLESHOOTING,,6/1/2026 0:31:19
.app files,"The standard application bundle file format directory structure used within Apple macOS operating systems. To end-users, it appears as a single executable program file icon, but it is actually a package folder housing the executable binary code, resource files, and system property list configurations required for the software to run.","Double-clicking an application icon throws a ""Package corrupted"" notification prompt, or software programs fail to launch due to missing internal assets within the bundle directory.","Right-click the app file icon and select ""Show Package Contents"" to verify that internal resource assets exist; check file permission parameters inside the Terminal console application; download and replace the bundle directory file from an authenticated source.",Operating Systems Management,Operating System Features,CORE 2,,OPERATING SYSTEMS,6/1/2026 0:32:43
"App History tab, Task Manager","A dedicated analytical data presentation panel located inside the Windows Task Manager utility. It tracks and logs the cumulative system resources (CPU time, network data transmission capacity, metered network consumption) used by individual application modules over a rolling 30-day window.",Difficulty identifying which background application or process consumed excessive network data limits or triggered data overage charges on a corporate network plan.,"Launch Task Manager (""Ctrl + Shift + Esc""), click the App History tab, click on individual column headers to sort by resource usage metrics (such as sorting by Network to find data-heavy applications), and clear history logs to start tracking fresh performance baselines.",Operating Systems Management,Windows Administrative Utilities,CORE 2,,OPERATING SYSTEMS,6/1/2026 0:34:06
Apple: Apple ID,"The central, unified cloud authentication user account ecosystem used across all Apple hardware platforms and services. It links hardware serial identifiers to specific user profiles, storing security certificates, purchase data, and Find My localization settings.","Users are blocked from installing new software applications from the official App Store, cloud file synchronization loops fail to complete, or device backup services report synchronization credential lockouts.","Open System Settings, navigate to the user account profile banner, and verify account authentication properties; clear stale tokens by logging out and signing back in; complete Multi-Factor Authentication (MFA) or Apple confirmation prompts on a trusted device.",Operating Systems Management,Operating System Features,CORE 2,,OPERATING SYSTEMS,6/1/2026 0:34:45
Apple: iOS,"Apple's closed-source, proprietary mobile operating system engineered explicitly for the iPhone hardware platform architecture. It focuses on tight sandboxing security layers, restricted hardware execution paths, and uniform user experience templates.","Core software applications crashing instantly upon opening, touch interface lag, or cellular/Wi-Fi connection options dropping due to baseband system software mismatches.",Force-restart the device; navigate to Settings > General > Software Update to download system image adjustments; backup all user configurations and perform an installation restore using iCloud or Finder on a computer workstation.,Operating Systems Management,Mobile Operating Systems,CORE 2,,OPERATING SYSTEMS,6/1/2026 0:41:34
Apple: iPadOS,"A specialized derivative variant of Apple's mobile operating system structured explicitly for iPad tablet hardware layouts. It includes enhanced multi-tasking interfaces, desktop-class browser engines, external display support, and stylus digitizer tracking logic.","Slide Over or Split View multi-tasking interfaces failing to display properly, external dock displays failing to scale resolution windows correctly, or file mapping tools dropping cloud share access paths.",Close running processes via the application switcher; update the system software layer; navigate to accessibility configurations to verify touch gesture parameters are matching operational intents; execute an all-settings reset routine.,Operating Systems Management,Mobile Operating Systems,CORE 2,,OPERATING SYSTEMS,6/1/2026 0:42:12
Apple: macOS (OS X),The primary UNIX-based operating system designed by Apple for its Macintosh line of desktop PCs and laptop workstations. It features a graphical user interface (GUI) layout built on an open-source Darwin kernel system baseline.,"The system displays a spinning color wheel icon (""beachball of death"") indefinitely, system file structures fail to locate user documents, or kernel panic screens prompt for a cold system restart.","Restart the machine while holding down ""Cmd + R"" to boot into macOS Recovery Mode; run Disk Utility and execute the First Aid routine to check and fix storage file allocation tree corruption; reinstall the base system image over the current data block layer.",Operating Systems Management,Desktop Operating Systems,CORE 2,,OPERATING SYSTEMS,6/1/2026 0:43:31
Apple: Online resources,"The collection of cloud-hosted web properties, knowledge bases, configuration profile sites, and deployment portals (such as Apple Business Manager) used by technicians to authenticate and deploy Apple hardware deployments.","Mobile Device Management (MDM) platforms fail to enroll corporate Apple devices, or technicians are unable to download diagnostic image utilities or look up hardware support articles.",Check local network firewall configurations to ensure required Apple push notification and sync ports are open; verify certificate validation states inside the enterprise deployment dashboard portal; clear web cache configurations.,Operating Systems Management,External Technical Resources,CORE 2,,OPERATING SYSTEMS,6/1/2026 0:44:15
Application logs,"Diagnostic data logging files maintained by the operating system (viewable via Event Viewer in Windows under ""Windows Logs > Application""). These logs track operational events, software warning indicators, and structural crash dump errors generated by installed third-party programs.","Database tools, office suites, or custom software suites crashing quietly back to the desktop without throwing an error window, leaving the user with no immediate explanation for the crash.","Open Event Viewer (""eventvwr.msc""); expand the Windows Logs hierarchy tree; click Application; filter the current view by selecting ""Error"" checkboxes; analyze the specific Event ID, faulting module path, and application return code to find the broken file.",Operating Systems Management,Windows Administrative Utilities,CORE 2,,OPERATING SYSTEMS,6/1/2026 0:45:28
Applications: Authenticator applications,Specialized client security applications that generate time-based one-time passwords (TOTP) or process cryptographic push notifications to satisfy Multi-Factor Authentication (MFA) requests during account login workflows.,"The application generates token codes that are continuously rejected by authentication portals, or authorization codes fail to sync with your account after changing mobile devices.","Navigate to the application settings option to manually synchronize the local internal time clock with network time servers, as a mismatch of even 30 seconds will invalidate TOTP strings; use pre-generated secondary fallback emergency recovery keys to regain account access and re-bind the token profile.",Network Security & Access Control,Identity and Access Management,CORE 2,,SECURITY,6/1/2026 0:47:13
"Applications: Crashes, troubleshooting","The diagnostic process of isolating, identifying, and fixing software code failure events where a running application suddenly terminates its process loop and closes down abnormally.","Software programs instantly vanishing mid-use, frozen window borders that stop responding to inputs, or blue screen stop errors triggered by application memory access violations.",Check active application or system logs for explicit error dump summaries; end hanging processes using Task Manager; verify that the application has the latest software updates and patches installed; execute an application repair configuration inside the Windows Apps and Features Control Panel menu.,"Motherboards, RAM, and CPU Diagnostics",Operating System and Application Troubleshooting,CORE 2,,SOFTWARE TROUBLESHOOTING,6/1/2026 0:49:01
"Applications: Developer programs, OS/system requirements","The specific high-end system hardware baselines (such as multi-core CPUs, high RAM capacities, and solid-state storage) and software frameworks (integrated development environments or IDEs, software development kits or SDKs) required to compile, write, and test code.","Compilation errors occur due to missing system software framework configurations, or development environments experience severe lag during code rendering processes.",Audit the current machine specifications against the developer software documentation; install required software dependency packages (such as Microsoft .NET Framework or Java Runtime Environments); upgrade physical RAM blocks to expand code execution headroom.,Operating Systems Management,System Requirements and Planning,CORE 2,,OPERATING SYSTEMS,6/1/2026 0:52:38
Applications: Distribution methods,"The various commercial methods used to deliver software packages to target computers, ranging from physical media (Universal Serial Bus or USB flash drives, legacy optical discs) to digital delivery models (centralized app stores, network file shares, and Software as a Service (SaaS) cloud portals).","Network bandwidth issues during large-scale enterprise software deployments, or users accidentally installing unapproved, insecure software versions from unauthorized third-party websites.",Use Group Policy Objects (GPOs) or Mobile Device Management (MDM) configurations to restrict software installations exclusively to safe corporate app stores; use local software distribution points to reduce wide area network (WAN) bandwidth usage.,Operating Systems Management,Application Installation and Management,CORE 2,,OPERATING SYSTEMS,6/1/2026 0:53:47
Applications: Impact on devices/computers,"The consumption footprint a running application places on system hardware resources (including processor cycles, volatile RAM allocation, storage drive operations, and battery life).","System performance drops sharply, cooling fans spin loudly, hard drive read/write activity runs continuously, or mobile devices overheat and lose battery charge quickly.","Launch Task Manager (""Ctrl + Shift + Esc"") or macOS Activity Monitor; sort the active process list by CPU, Memory, or Disk consumption columns to identify resource-heavy programs; modify startup options to prevent unneeded applications from launching in the background.",Operating Systems Management,Windows Administrative Utilities,CORE 2,,OPERATING SYSTEMS,6/1/2026 0:54:31
"Applications: Installing, macOS (OS X)","The process of deploying software onto an Apple operating system, which is typically done by downloading a disk image ("".dmg"") file, dragging the bundled application package file directly into the local ""/Applications"" folder, or downloading it directly through the Mac App Store.","The system throws an explicit security warning popup stating the application ""cannot be opened because it is from an unidentified developer,"" blocking the installation process.","Open System Settings > Privacy & Security; locate the security section that flags the blocked installation; click the ""Open Anyway"" button to bypass the warning; use an administrative account profile to confirm the execution override.",Operating Systems Management,Operating System Features,CORE 2,,OPERATING SYSTEMS,6/1/2026 0:55:51
Applications: macOS (OS X),"Core software management frameworks and native application suites integrated directly into Apple desktop operating systems. This includes applications like Finder for file system navigation, Terminal for command-line access, and Safari for web browsing.","Finder windows freezing up completely, native file indexing tools failing to search local directories, or Safari web extensions causing system resource issues.",Relaunch the Finder utility by choosing it from the Force Quit window layout; clear system cache files from the user library path folder; run built-in system diagnosis tools.,Operating Systems Management,Operating System Features,CORE 2,,OPERATING SYSTEMS,6/1/2026 0:57:26
Applications: MAM,"Mobile Application Management (MAM). A security management strategy where corporate IT administrators secure and manage specific enterprise software applications and data containers on mobile devices, rather than managing the user's entire physical phone. This approach is highly useful for Bring Your Own Device (BYOD) deployment models.","Users are unable to copy data out of a corporate Outlook email and paste it into a personal text messaging app, or corporate data files remain accessible after an employee leaves the company.",Log into the organization's Mobile Device Management (MDM) portal (such as Microsoft Intune); adjust the MAM security policy definitions to configure application sandboxing rules; issue a selective remote wipe command to delete only the corporate data container while leaving the user's personal photos and apps intact.,Network Security & Access Control,Mobile Device Protection,CORE 2,,SECURITY,6/1/2026 0:58:23
Applications: OS requirements,"The specific software prerequisites required for an application to launch and run successfully, including the explicit operating system name (Windows vs. macOS), required feature updates, and necessary underlying system libraries or frameworks.","Attempting to launch a program throws an error popup stating ""This application requires Windows 10 Version 22H2 or higher"" or ""OS architecture mismatch,"" causing the installer to fail.","Check the system version using the ""winver"" command tool; install outstanding operating system feature updates via Windows Update; if needed, run the application using compatibility mode options by altering the shortcut properties.",Operating Systems Management,System Requirements and Planning,CORE 2,,OPERATING SYSTEMS,6/1/2026 0:59:32
"Applications: Pinned applications, Windows Desktop","A productivity feature within the Windows interface that allows users to attach application shortcut icons permanently onto the ""Taskbar"" or ""Start Menu"", providing quick one-click access to frequently used programs.","Shortcut icons turning blank or throwing a ""File path not found"" error when clicked, which usually happens if the underlying software program was uninstalled or moved to a different folder.","Right-click the broken shortcut icon and select Unpin from taskbar to clear the old reference; open the Start Menu or search for the application executable file; right-click the program icon and select ""Pin to taskbar"" to rebuild a fresh, working shortcut path.",Operating Systems Management,Operating System Features,CORE 2,,OPERATING SYSTEMS,6/1/2026 1:01:49
"Applications: Quitting, Force Quit, macOS (OS X)",An Apple system management function used to instantly terminate a frozen or locked application process that has stopped responding to standard user input options.,"An active application window locks up completely, showing a spinning color wheel icon, and clicking the window's standard red close button (""X"") fails to shut down the program.","Press the keyboard shortcut combination ""Cmd + Option + Esc"" to open the dedicated Force Quit Applications manager window; select the non-responding application name from the list box; click the ""Force Quit"" button to instantly kill the underlying process.",Operating Systems Management,Operating System Features,CORE 2,,OPERATING SYSTEMS,6/1/2026 1:03:22
Applications: Security,"The process of protecting software applications from malicious exploits and vulnerabilities through mechanisms like secure code compilation, user access permissions, and application sandboxing.","Unauthorized database modifications, privilege escalation events where standard users gain system administrative controls, or arbitrary code execution bugs triggered by buffer overflows.",Enforce secure software configuration policies; implement user account control alerts; patch application software libraries regularly; strip unneeded application packages out of local endpoint environments.,Network Security & Access Control,Application Security,CORE 2,,SECURITY,6/1/2026 1:13:35
Applications: Stopping,"The administrative process of ending an active software task or killing a hanging background process within an operating system using tools like Task Manager in Windows or the ""kill"" command line utility in Linux.","A program window freezes up, locking system memory resources and blocking users from reopening a fresh instance of the application because the original process is stuck in the background.","Open Task Manager (""Ctrl + Shift + Esc""); click on the Processes tab; locate the broken or hanging application process name; right-click it and select ""End Task"" to clear it from system memory.","Motherboards, RAM, and CPU Diagnostics",Operating System and Application Troubleshooting,CORE 2,,SOFTWARE TROUBLESHOOTING,6/1/2026 1:15:47
Applications: System requirements,"The minimum hardware specifications required for a software application to install and run correctly, specifying the minimum central processing unit (CPU) speed, minimum random-access memory (RAM) size, and required storage space.","Severe system performance sluggishness during software installation attempts, or applications failing to open while throwing ""Insufficient memory available"" error alerts.",Check system specifications inside the Settings About panel; upgrade the physical hardware components (such as installing larger RAM sticks or replacing an old hard drive with a fast solid-state drive (SSD)) to meet or exceed the software manufacturer's recommended hardware levels.,Operating Systems Management,System Requirements and Planning,CORE 2,,OPERATING SYSTEMS,6/1/2026 1:16:51
Applications: Troubleshooting,"A systematic methodology used to resolve software application issues, configuration bugs, registry errors, and framework conflicts that prevent software from working correctly.","Applications throwing random runtime errors during execution, crashing back to the desktop under specific workloads, or losing access to network data files.",Isolate recent system configuration changes; check application error logs for explicit error details; reset application data back to default settings via the Windows Settings interface; reinstall the application package files to replace corrupted software binaries.,"Motherboards, RAM, and CPU Diagnostics",Operating System and Application Troubleshooting,CORE 2,,SOFTWARE TROUBLESHOOTING,6/1/2026 1:17:42
"Applications: Uninstalling, macOS (OS X)","The process of removing software packages from an Apple operating system, which is done by dragging the application bundle file out of the ""/Applications"" folder and dropping it into the Trash, or by using a dedicated uninstaller program for large software suites.","Stale application configuration files and plist properties files remaining behind on the storage drive after deleting an application icon, taking up valuable disk space and causing performance conflicts with newer versions.","Drag the target application package out of the ""/Applications"" directory path and drop it onto the Trash icon; open the hidden user ""~/Library/Preferences"" and ""~/Library/Application Support"" directories to delete any remaining folders labeled with the vendor's name.",Operating Systems Management,Operating System Features,CORE 2,,OPERATING SYSTEMS,6/1/2026 1:19:23
Applications: User permissions,"Access control configurations that define what folders, files, registry sections, and system hardware features (like the camera or microphone) a running application can interact with based on the permissions of the logged-in user.","An application crashes or displays an explicit ""Access Denied: Administrative Privileges Required"" error message when trying to save a configuration file or write data to a system directory.","Right-click the application shortcut icon and select ""Run as administrator"" to grant it elevated privileges for that session; open the folder's properties sheet, navigate to the Security tab, and adjust the NT File System (NTFS) access control list or permissions to grant the user profile explicit Read and Write access.",Network Security & Access Control,Access Control Management,CORE 2,,SECURITY,6/1/2026 1:20:32
"Applications: Video editing applications, OS/system requirements","The high-end hardware specifications required by professional video editing programs, which typically demand multi-core central processing units (CPUs), a dedicated graphics processing unit (GPU) with high video memory (Video Random Access Memory), large RAM capacities (32GB+), and fast solid-state drives (SSDs) to handle massive high-resolution video streams.","The system completely freezes up during video rendering processes, video preview windows frames stutter or drop during playback, or the application crashes due to running out of video memory.

",Open your graphics configuration tool and configure the operating system to run the video software exclusively on the high-performance dedicated graphics card rather than integrated graphics; install a fast solid-state drive (SSD) to hold working scratch video folders; expand the system's physical random-access memory (RAM) capacity.,Operating Systems Management,System Requirements and Planning,CORE 2,,OPERATING SYSTEMS,6/1/2026 1:22:45
"Apps section, Settings","A central configuration interface inside the modern Windows Settings utility used to manage installed applications, configure default software associations, adjust startup programs, and modify optional Operating System (OS) features.","Installed applications fail to appear in standard desktop menus, default file types open in the wrong software programs, or runaway background utilities cause high resource consumption upon user login.

","Open Windows Settings by pressing the keyboard shortcut “Win + I”, click on the “Apps” category, select “Installed apps” to modify or uninstall problematic software packages, and navigate to “Startup” to toggle off unneeded background programs.",Operating Systems Management,Windows Settings and Utilities,CORE 2,,OPERATING SYSTEMS,6/1/2026 2:16:26
Apt command,"Advanced Package Tool (apt) command. A modern, high-level command-line utility used in Debian-based Linux distributions to handle the installation, updating, tracking, and removal of software packages from online repositories.","Attempts to manage software packages return syntax errors, or terminal outputs flag missing package dependencies or broken repository listings.","Open the terminal application and run the core command using administrative privileges by prefixing it with “sudo”, formatting the instruction as “sudo apt ” to safely modify software repositories.",Operating Systems Management,Linux Command-Line Utilities,CORE 2,,OPERATING SYSTEMS,6/1/2026 2:54:34
Apt install <program> command,"The explicit Advanced Package Tool (apt) installation command modification used to fetch a designated software package from cloud repositories, resolve any necessary software dependencies, and install the binaries onto a Linux local file system.",Running the command returns a terminal error stating “E: Unable to locate package ” or “Permission denied” when an unprivileged account executes the script.,"Elevate your execution privileges and refresh repository trees by executing “sudo apt update”, then run the installation string using the format “sudo apt install ” to safely pull down and deploy the application.",Operating Systems Management,Linux Command-Line Utilities,CORE 2,,OPERATING SYSTEMS,6/1/2026 3:00:31
Apt update command,"The Advanced Package Tool (apt) command variable that instructs a Linux Operating System (OS) to download the latest metadata package indexes from all configured software repositories, informing the system of available software updates without installing them.","Software installation commands pull outdated versions of application packages, or the terminal displays “Failed to fetch” mirror errors due to broken repository paths or internet disconnects.","Ensure the Network Interface Controller (NIC) has valid Wide Area Network (WAN) connectivity, open an elevated terminal console shell, and execute “sudo apt update” to download fresh repository listings.",Operating Systems Management,Linux Command-Line Utilities,CORE 2,,OPERATING SYSTEMS,6/1/2026 3:05:36
Apt upgrade command,The Advanced Package Tool (apt) command modifier that downloads and installs the newest available versions of all currently deployed software packages and patches listed in the freshly updated local repository database index.,"Security definitions remain obsolete, applications exhibit legacy software bugs, or running the update string fails because the local repository index has not been refreshed first.",Open the command line and run the combined sequence “sudo apt update && sudo apt upgrade” to download package metadata logs before authorizing the installation of system software upgrades.,Operating Systems Management,Linux Command-Line Utilities,CORE 2,,OPERATING SYSTEMS,6/1/2026 3:07:31
Apt-get command,"The legacy command-line backend utility for the Advanced Package Tool (apt) ecosystem. While modern distributions prefer the streamlined “apt” command, “apt-get” remains fully operational for backwards compatibility in older Linux deployment scripts and automation tools.","Enterprise system automation deployment scripts fail to execute software deployments on legacy servers, throwing unrecognized command behaviors.",Open the command shell window and format your management strings using the syntax “sudo apt-get install ” or “sudo apt-get update” to safely manipulate software libraries on older distributions.,Operating Systems Management,Linux Command-Line Utilities,CORE 2,,OPERATING SYSTEMS,6/1/2026 3:09:44
ARM (Advanced RISC  (Reduced Instruction Set Computer) Machine) CPU,"Advanced RISC (Reduced Instruction Set Computer) Machine Central Processing Unit (ARM CPU). A processor architecture built on Reduced Instruction Set Computer (RISC) principles. It values power efficiency, low thermal output, and minimal transit layout overhead, making it the standard choice for mobile devices, tablets, and modern energy-conscious laptops.","Desktop Operating System (OS) setup files throw compilation execution errors stating “Incompatible processor architecture,” or desktop software binaries fail to execute natively without emulation.","Verify that the software packages being deployed are compiled explicitly for ARM architectures; if running legacy applications, configure an OS-level translation environment (such as “Rosetta” or “Windows on ARM” emulation layers) to bridge the instruction sets.","Motherboards, RAM, and CPU Diagnostics",CPU Architecture and Hardware,CORE 1,HARDWARE,,6/1/2026 3:11:15
Arp command,"Address Resolution Protocol (arp) command. A diagnostic command-line utility used to view and manipulate the local Address Resolution Protocol (ARP) cache table, which maps known Internet Protocol (IP) addresses to physical Media Access Control (MAC) addresses.","Workstations map local communication packets to incorrect network hardware paths, or technicians suspect localized address interception attacks but cannot confirm local hardware configurations.","Open a command window or terminal session and input the command “arp -a” to view the complete local map of IP-to-MAC associations, allowing you to check for duplicate hardware addresses on the Local Area Network (LAN).",Network Infrastructure and Media,Protocols and Network Communication,CORE 1,NETWORKING,,6/1/2026 3:15:14
Articles/KB,"Articles / Knowledge Base (KB). A centralized repository of technical documentation, troubleshooting procedures, known software bug workarounds, and device deployment logs maintained by hardware vendors, software creators, or internal corporate Information Technology (IT) departments.",Helpdesk technicians waste time resolving unique hardware issues or specialized application errors from scratch without utilizing existing company solutions.,"Isolate the exact error code or system behavior flag, navigate to the vendor's documentation portal (such as “Microsoft Learn”), and input the explicit code to pull up the step-by-step resolution instruction document.",Network Infrastructure and Operational Procedures,Operational Documentation,CORE 2,,OPERATIONAL PROCEDURES,6/1/2026 3:15:49
Asset management,"The operational tracking process of registering, monitoring, lifecycle auditing, and securing all physical hardware devices (such as laptops, servers, and routers) and digital software licenses owned by an enterprise organization.","Network security audits discover untracked rogue computers connected to physical switches, software configurations fall out of compliance due to expired licensing models, or hardware assets go missing during office moves.","Deploy automated asset discovery scans across all network zones; paste physical barcode asset tags onto all company computers; catalog every serial number, physical location, and assigned user into a centralized Configuration Management Database (CMDB).",Network Infrastructure and Operational Procedures,Operational Documentation,CORE 2,,OPERATIONAL PROCEDURES,6/1/2026 3:16:33
"Assigning, static IP addresses","The manual network configuration process of inputting fixed Internet Protocol (IP) credentials into a device's network adapter interface parameters, ensuring the host retains the exact same address configuration permanently rather than requesting a dynamic lease from a server.","Critical network infrastructure resources (like Network Attached Storage (NAS) units, network printers, or servers) lose network connections because their dynamically leased IP addresses expired and changed automatically.","Access the host device's Network Interface Controller (NIC) configuration properties, select “Internet Protocol Version 4 (TCP/IPv4)”, change the configuration toggle to “Use the following IP address”, and manually type in the designated static IP address, subnet mask, default gateway, and Domain Name System (DNS) servers.",Network Infrastructure Services,IP Addressing Services (DHCP),CORE 1,NETWORKING,,6/1/2026 3:24:04
Attacks: Brute-force attacks,An automated cryptographic or password-cracking attack method where a malicious program systematically checks every possible character combination or permutation until it cracks the correct user login credential.,"Security event logs fill with thousands of failed login attempts for a single user account occurring within a short timeframe, causing severe local server processor overhead.","Open the Local Security Policy window using the command “secpol.msc”, navigate to “Account Lockout Policy”, and configure the “Account lockout threshold” to lock profiles automatically after 3 or 5 consecutive failed login attempts.",Network Security & Access Control,Social Engineering and Security Threats,CORE 2,,SECURITY,6/1/2026 3:24:40
Attacks: Cryptanalysis attacks,"A technical exploitation process used to find vulnerabilities in cryptographic security systems, allowing an attacker to decipher encrypted text messages or compromise digital signatures without knowing the original secret key string.",Sensitive company data transmitted across Wide Area Networks (WAN) is captured and read by unauthorized third parties despite being processed through legacy encryption wrappers.,"Deprecate legacy, broken cryptographic protocols across all endpoints; mandate the use of the Advanced Encryption Standard (AES) with 256-bit key structures and ensure data in transit utilizes secure Transport Layer Security (TLS 1.3) protocols.",Network Security & Access Control,Social Engineering and Security Threats,CORE 2,,SECURITY,6/1/2026 3:25:21
Attacks: DDoS attacks,"Distributed Denial of Service (DDoS) attacks. A large-scale cyberattack method where an attacker utilizes thousands of internet-connected hosts compromised by malware (botnets) to flood a target web server with network traffic, overwhelming its bandwidth and forcing it offline.","External corporate web platforms become completely unreachable, local edge routers experience resource exhaustion, and network log analyzers show millions of incomplete connection requests originating from thousands of global IP addresses.",Coordinate with your Internet Service Provider (ISP) to reroute or block malicious connection traffic; configure an external cloud-based DDoS mitigation and scrubbing service (such as “Cloudflare”) to filter out malicious web payloads before they reach local firewalls.,Network Security & Access Control,Social Engineering and Security Threats,CORE 2,,SECURITY,6/1/2026 3:27:04
Attacks: Dictionary attacks,"A targeted variant of a password-cracking attack that uses a predefined list of common words, phrases, variants, and compromised password leaks rather than guessing completely random character sequences.",User accounts are compromised unexpectedly fast by attackers without triggering complex mathematical calculations on authentication servers.,"Use Group Policy Objects (GPOs) to activate password complexity parameters that block standard vocabulary terms; instruct users to create long passphrases instead of individual words, and mandate Multi-Factor Authentication (MFA) across all profiles.",Network Security & Access Control,Social Engineering and Security Threats,CORE 2,,SECURITY,6/1/2026 3:28:10
Attacks: DoS attacks,Denial of Service (DoS) attacks. A localized network assault where a single malicious computer sends malformed or high-volume data payloads to a target host or networking port to crash the system or saturate its processing capabilities.,"A local network host suddenly stops responding to legitimate traffic, local switch ports lock down, or web services experience severe response delays from a single source IP address.",Isolate the source IP address by reviewing active firewall connection tables; create a temporary packet filter rule line inside your network security equipment to explicitly set an instruction to “deny” or drop all incoming traffic packets from that specific host.,Network Security & Access Control,Social Engineering and Security Threats,CORE 2,,SECURITY,6/1/2026 3:29:28
Attacks: Injection attacks,"A class of application security exploits—such as Structured Query Language (SQL) injection or command injection—where an attacker enters malicious code inputs into a web form text box, forcing the backend system interpreter to execute unintended database commands.","Web server database contents are leaked publicly online, or backend database tables are dropped or modified without standard user authentication.","Inform your software application developers to implement strict input validation parameters and parameterized database query engines, ensuring all user inputs are stripped of malicious execution commands before processing.",Network Security & Access Control,Social Engineering and Security Threats,CORE 2,,SECURITY,6/1/2026 3:30:16
Attacks: Password cracking,"The process of recovering secret user password credentials from storage databases or network traffic streams, which is typically done by running offline mathematical comparisons against stolen security hashes using dedicated processing systems.","Security audits discover weak or stale user credentials being used across multiple separate endpoints, allowing attackers to escalate privileges across internal network domains.","Enforce secure password hashing algorithms (like “bcrypt” or “Argon2”) across internal databases; require users to create long, complex passwords; implement Multi-Factor Authentication (MFA) to protect accounts even if the password hash is leaked and cracked.",Network Security & Access Control,Social Engineering and Security Threats,CORE 2,,SECURITY,6/1/2026 3:31:09
Attacks: Spoofing attacks,"An exploitation technique where an attacker alters header fields inside a network data packet to impersonate another device. Examples include masquerading as a trusted internal Internet Protocol (IP) address, Media Access Control (MAC) address, or Domain Name System (DNS) server to bypass authentication checks.","Local routers forward traffic to rogue network nodes, or workstations establish unauthenticated connections with external servers masquerading as internal corporate assets.",Turn on security verification protocols like “Dynamic ARP Inspection (DAI)” and “IP Source Guard” on all network switches to block modified packets from moving across local network segments.,Network Security & Access Control,Social Engineering and Security Threats,CORE 2,,SECURITY,6/1/2026 3:35:09
Attacks: Zero-day attacks,"A highly dangerous cyberattack method that targets a software or hardware security vulnerability that is completely unknown to the vendor or the public. Because the vulnerability has ""zero days"" of public awareness, no security patches or antivirus definitions exist to block it.",Fully updated enterprise computer systems suffer data breaches or system file modifications without generating alerts in standard signature-based antivirus software.,Implement advanced heuristic or behavioral-based Endpoint Detection and Response (EDR) agents to detect abnormal program activity; use strict network segmentation controls to isolate critical data assets from standard user zones.,Network Security & Access Control,Social Engineering and Security Threats,CORE 2,,SECURITY,6/1/2026 3:35:49
Attacks: Zombies,"A term used to describe an individual internet-connected computer that has been silently infected by malware, allowing a remote attacker to gain administrative control over the machine and use it to perform malicious tasks, such as sending spam or participating in Distributed Denial of Service (DDoS) attacks.","Workstations slow down significantly during idle hours, network usage indicators spike abnormally without user action, and corporate IP addresses are added to global email spam blocklists.",Disconnect the suspicious computer from the Local Area Network (LAN); run an advanced offline malware scanner to locate and delete any Remote Access Trojans (RATs); patch the operating system vulnerabilities to prevent future automated network reinfections.,Network Security & Access Control,Social Engineering and Security Threats,CORE 2,,SECURITY,6/1/2026 3:37:49
Attended installations,"A standard Operating System (OS) installation method where a human technician must sit at the physical computer console to answer setup configuration prompts, accept software licensing agreements, partition storage disks, and create the initial user profile.","Deploying operating systems across hundreds of enterprise workstations scales poorly, taking up excessive technician hours and resulting in non-uniform system configurations.","For large-scale enterprise deployments, replace manual setup procedures with automated unattended installations by configuring custom Extensible Markup Language (XML) reply files (such as “unattend.xml”) paired with a Windows Deployment Services (WDS) server network environment.",Operating Systems Management,Operating System Installation Configurations,CORE 2,,OPERATING SYSTEMS,6/1/2026 3:38:39
Attrib command,"Attribute (attrib) command. A native Windows command-line utility used to view, set, or remove specific file system flags or attributes—such as Read-only (R), Archive (A), System (S), and Hidden (H)—on target files or folders.","A technician cannot view critical system configuration files inside a directory, or manual attempts to edit a specific text file return a prompt stating “Access Denied: File is Read-Only.”","Open an elevated command prompt interface and execute the clear attribute command line instruction “attrib -r -s -h ” to safely strip away restrictive flags, allowing you to edit or view the file.",Operating Systems Management,Windows Command-Line Utilities,CORE 2,,OPERATING SYSTEMS,6/1/2026 3:41:12
ATX: Motherboards,"Advanced Technology eXtended (ATX) motherboards. A standard computer motherboard form factor specification created by Intel. A standard full-size ATX board measures 12 inches by 9.6 inches, contains multiple expansion slots, and implements a uniform 24-pin primary power connection interface layout.","A replacement motherboard cannot be physically mounted into a compact computer case because the mounting screw holes do not align, or the Power Supply Unit (PSU) cabling layout lacks the necessary 24-pin power connector block.","Check case specifications before assembly to ensure compatibility with full-size ATX components; place the motherboard gently over the matching computer case standoffs, screw down all mounting points uniformly, and insert the standard 24-pin primary power cable block firmly into the motherboard port slot.","Motherboards, RAM, and CPU Diagnostics",Motherboard Form Factors,CORE 1,HARDWARE,,6/1/2026 3:43:38
"Audible beeps, motherboards",Power On Self Test (POST) beep codes. A series of diagnostic audio tones emitted by a computer motherboard's built-in internal speaker during bootup when a critical hardware failure prevents the system from displaying visual video diagnostic info on the monitor.,"The computer power lights turn on and internal cooling fans spin up, but the monitor remains completely black while the system case emits a pattern of audio beeps (e.g., three long beeps followed by two short beeps).","Listen carefully to identify the exact pattern of audio tones; locate the motherboard manufacturer's technical reference manual to cross-reference the beep sequence code; perform targeted hardware adjustments (such as re-seating loose Random-Access Memory (RAM) modules, fixing video cards, or checking Central Processing Unit (CPU) connections) based on the manual's error description.","Motherboards, RAM, and CPU Diagnostics",Troubleshooting Core Hardware,CORE 1,HARDWARE & NETWORK TROUBLESHOOTING,,6/1/2026 3:44:54
Audio accessories,"External peripheral hardware equipment—including analog headsets, Universal Serial Bus (USB) microphones, soundbars, and digital audio workstations—used to input or output audio signals from a computer system.","External speakers or headsets emit loud buzzing noises, microphonic audio inputs sound distorted, or the operating system completely fails to detect a newly connected sound accessory.",Unplug the accessory and connect it to an alternative port; check the physical cable layout for wire tears; open “Device Manager” to ensure the audio hardware drivers are installed correctly; select the proper audio device as the default endpoint within Windows Sound properties.,Peripherals and Hardware,Audio Configurations,CORE 1,HARDWARE,,6/1/2026 3:45:32
"Audio devices, Sound (Control Panel)","The legacy Windows Control Panel utility applet (“mmsys.cpl”) used to manage systemic audio parameters, assign default sound playback or recording hardware endpoints, adjust volume levels, configure multi-channel speaker mapping, and modify audio sample rate frequencies.","Sound outputs play through a laptop's built-in internal speakers instead of a newly connected desktop speaker system, or a communication app fails to capture microphone audio inputs.","Press the keyboard shortcut “Win + R” to open the Run window, type the explicit control command “mmsys.cpl” to launch the Sound settings panel, right-click the target audio device hardware listing, and select an instruction to “Set as Default Device” to reroute the audio stream.",Operating Systems Management,Windows Control Panel Applets,CORE 2,,OPERATING SYSTEMS,6/1/2026 3:46:10
Audio ports,"Physical connection interfaces located on a computer motherboard, dedicated sound card, or laptop case. These include traditional color-coded 3.5mm analog mini-jacks (such as lime green for line-out audio and pink for microphone inputs) as well as digital optical ports (S/PDIF - Sony/Philips Digital Interface).","Audio streams cut out intermittently when the cable connector is touched, or the system fails to detect that an audio plug has been inserted into the physical jack.",Clean the inside of the physical jack port container using low-pressure compressed air to remove accumulated lint; verify that the audio cable plug matches the specific jack standard; check the motherboard manual to ensure the front panel audio cable harness is firmly connected to the internal “HD Audio” pins.,Peripherals and Hardware,Motherboard Components and Interfaces,CORE 1,HARDWARE,,6/1/2026 3:47:29
Audit logs,"Automated, chronological security records maintained by operating systems or security software that log user account activity, access requests, file modifications, system events, and administrative configuration changes to provide an audit trail.","Information security officers are unable to trace who accessed or deleted a sensitive folder on a network share, or they lack the visibility needed to investigate a suspected insider data breach.","Open the Local Security Policy tool by running “secpol.msc”, navigate to “Local Policies > Audit Policy”, and enable tracking for specific system events (such as “Audit account management” or “Audit object access”) to begin capturing logs in Event Viewer.",Operating Systems Management,Windows Administrative Utilities,CORE 2,,OPERATING SYSTEMS,6/1/2026 3:48:41
Audit success events,"A specific classification of security log entries generated inside Event Viewer when an audited action completes successfully, such as a user entering the correct credentials to log into a corporate workstation domain profile.","Security log tables fill up with millions of routine informational entries, consuming large amounts of storage disk space and making it difficult to spot actual failed system attack logs.","Launch Event Viewer by running the instruction “eventvwr.msc”, open the “Security” log folder, select “Filter Current Log” from the actions menu, and adjust the filters to exclude success codes or limit tracking to critical security event groups.",Operating Systems Management,Windows Administrative Utilities,CORE 2,,OPERATING SYSTEMS,6/1/2026 3:49:21
AUP (Acceptable Use Policies),"Acceptable Use Policies (AUP). A formal, legally binding document provided to employees that defines the explicit rules, safety boundaries, and constraints regarding how they may utilize company-owned computers, networks, and internet resources.","Employees install unapproved Peer-to-Peer (P2P) file-sharing software programs on corporate laptops, browse non-work web content during business shifts, or expose the corporate network to security threats due to unsafe browsing behaviors.",Require every employee to review and physically or digitally sign the formal AUP document during onboarding; deploy content-filtering firewalls to block web traffic categories that violate company compliance rules.,Network Infrastructure and Operational Procedures,Corporate Security Standards,CORE 2,,OPERATIONAL PROCEDURES,6/1/2026 3:50:03
Authentication: Applications,Software utilities or verification modules built directly into computer programs that validate user credentials or cryptographic Application Programming Interface (API) tokens before permitting the application to sync with backend data repositories.,"Software applications get stuck in continuous login prompt loops, return database connection errors, or reject valid user passwords due to broken communication links with identity providers.",Check application configurations to ensure the authentication server address is entered correctly; verify that local system security certificates are valid and updated; use application-specific passwords or Open Authorization (OAuth) tokens if required.,Network Security & Access Control,Identity and Access Management,CORE 2,,SECURITY,6/1/2026 3:50:52
Authentication: Behavioral factors,"An advanced identity verification category that evaluates unique, measurable human behavioral patterns—such as a user's typing speed, keystroke dynamics, mouse movement patterns, or voice cadences—to authenticate a user profile.","Automated scripts use valid stolen passwords to log into user accounts, bypassing basic security checks because the system cannot differentiate between human and machine inputs.","Integrate user behavioral analytics software into the enterprise identity validation framework to continuously monitor active user sessions, flagging abnormal input patterns and prompting for secondary verification if anomalies are detected.",Network Security & Access Control,Identity and Access Management,CORE 2,,SECURITY,6/1/2026 3:52:04
Authentication: Email,"Cryptographic validation protocols—including Sender Policy Framework (SPF), DomainKeys Identified Mail (DKIM), and Domain-based Message Authentication, Reporting, and Conformance (DMARC)—used by mail servers to verify that an email message actually originated from the domain it claims to be from.","Attackers spoof corporate domain names to send phishing emails to clients, or legitimate company emails are blocked or flagged as spam by external mail servers.","Access your public Domain Name System (DNS) management zone file layout and add explicit “SPF text strings”, configure “DKIM public key entries”, and deploy a restrictive “DMARC rule line” to validate outbound email traffic.",Network Infrastructure Services,Network Services (DNS),CORE 1,NETWORKING,,6/1/2026 3:52:56
Authentication: Inherence factors,"Biometric identity verification parameters based on an individual's unique physical characteristics, often referred to as ""something you are."" Examples include fingerprint patterns, facial geometry mapping, iris structures, or retina scans.","Users bypass computer locking mechanisms by stealing physical key tokens or shoulder-surfing numeric password strings, leaving endpoints vulnerable to unauthorized physical access.",Deploy peripheral biometric fingerprint readers or integrate infrared facial recognition cameras; activate biometric login platforms (such as “Windows Hello”) via group policy to require inherence factors for system access.,Network Security & Access Control,Identity and Access Management,CORE 2,,SECURITY,6/1/2026 4:08:32
Authentication: Kerberos,"A highly secure, ticket-based computer network authentication protocol used by Microsoft Active Directory (AD) domains. It uses a trusted third party called a Key Distribution Center (KDC) to issue time-stamped, encrypted tickets, allowing secure authentication to occur across insecure networks without transmitting raw passwords.","Users can log into their local computers but are completely blocked from accessing network file shares or printers, throwing errors about missing security tickets or system clock mismatches.","Check the system clock time on the client workstation; ensure it is synchronized within exactly 5 minutes of the domain controller's clock time, as Kerberos security tokens will be rejected automatically if the time drifts too far apart.",Operating Systems Management,Active Directory and Domain Services,CORE 2,,OPERATING SYSTEMS,6/1/2026 4:09:56
Authentication: Knowledge factors,"A standard identity verification category based on secret information that a user memorizes and recalls, commonly referred to as ""something you know."" Examples include alphanumeric passwords, Personal Identification Number (PIN) codes, or answers to security questions.",Workstations are compromised because users choose weak passwords (like “password123”) or share their personal login credentials with coworkers.,"Use Group Policy Objects (GPOs) to enforce strict password complexity parameters, requiring a minimum character length, uppercase letters, lowercase letters, numbers, and special symbols.",Network Security & Access Control,Identity and Access Management,CORE 2,,SECURITY,6/1/2026 4:10:30
Authentication: Location-based factors,"A contextual identity verification check that analyzes a user's physical geographic location using Global Positioning System (GPS) coordinates, network Internet Protocol (IP) address spaces, or cellular tower triangulation before granting resource access.",Security teams fail to notice suspicious account logins where a user profile authenticates from New York and then connects from a different continent just ten minutes later.,"Access your organization's cloud identity provider management portal, configure conditional access rules, and set up impossible travel block constraints to automatically drop and flag out-of-region connection requests.",Network Security & Access Control,Identity and Access Management,CORE 2,,SECURITY,6/1/2026 4:11:55
Authentication: MFA,"Multi-Factor Authentication (MFA). A powerful security mechanism that requires users to provide at least two separate categories of credentials before gaining system access, combining factors like something you know (password), something you have (token), or something you are (biometrics).",Phishing attacks easily compromise corporate accounts because stealing a single password gives attackers full administrative access to sensitive internal systems.,"Enforce mandatory MFA policies across all corporate user accounts via your identity management portal, requiring users to confirm logins using a secondary authenticator application push notification or a physical hardware security key.",Network Security & Access Control,Identity and Access Management,CORE 2,,SECURITY,6/1/2026 4:12:33
Authentication: Possession factors,"An identity verification category based on a physical object that a user owns and carries with them, commonly referred to as ""something you have."" Examples include hardware security keys (like YubiKeys), smart cards, or temporary one-time passcodes generated on a mobile authenticator app.",Remote attackers easily log into internal company networks from thousands of miles away using only stolen password strings.,Distribute physical hardware security keys or smart cards to all enterprise employees; configure endpoint smart card readers to require users to physically insert their card before unlocking workstation interfaces.,Network Security & Access Control,Identity and Access Management,CORE 2,,SECURITY,6/1/2026 4:13:14
Authentication: RADIUS servers,"Remote Authentication Dial-In User Service (RADIUS) servers. A centralized authentication server technology that allows networking devices (such as wireless access points, Virtual Private Network (VPN) gateways, and network switches) to offload user identity verification tasks to a central user database.","Users are unable to connect to the corporate wireless network, or wireless access points fail to authenticate connecting clients, throwing continuous credential verification errors.",Verify that the wireless access point is configured with the correct IP address and shared secret string matching the RADIUS server profile; ensure the background RADIUS service port numbers (typically ports 1812 and 1813) are open on all network firewalls.,Network Infrastructure Services,Specialized Network Servers,CORE 1,NETWORKING,,6/1/2026 4:15:35
Authentication: Servers,"Dedicated network infrastructure hardware systems—including Active Directory Domain Controllers, RADIUS servers, or Terminal Access Controller Access-Control System Plus (TACACS+) servers—that centrally process user login requests, evaluate credentials, and hand out security tokens across a network enterprise.","Employees cannot log into any corporate computers across the entire office building, with machines showing errors stating “No authentication servers are currently available.”",Check that the centralized authentication server hardware is powered on and connected to the network; ensure the Domain Name System (DNS) configurations on all client workstations point to the authentication server's IP address so they can resolve its path.,Network Infrastructure Services,Specialized Network Servers,CORE 1,NETWORKING,,6/1/2026 4:16:47
Authentication: SSO authentication,Single Sign-On (SSO) authentication. An enterprise authentication framework that allows a user to authenticate just once through a central identity provider and safely gain access to multiple separate software applications and cloud services without re-entering their password credentials.,"Employees are overwhelmed by managing dozens of separate application passwords, leading them to write down credentials on notes or reuse weak passwords across multiple platforms.",Deploy an enterprise cloud identity platform (such as “Microsoft Entra ID” or “Okta”) and integrate company business applications using standard Secure Assertion Markup Language (SAML) or OpenID Connect (OIDC) federation strings to establish single sign-on access.,Operating Systems Management,Active Directory and Domain Services,CORE 2,,OPERATING SYSTEMS,6/1/2026 4:17:37
Authentication: Two-step authentication,"A specific sequence variation of multi-factor authentication where a user enters their standard password (step one) and then receives a secondary temporary code or verification prompt (step two), which is typically delivered via a mobile application or Short Message Service (SMS) text message.",Accounts remain vulnerable to advanced interception attacks because users rely on insecure SMS text message verification codes that can be stolen via Subscriber Identity Module (SIM) swapping exploits.,"Upgrade your account verification configurations to move away from SMS codes, forcing the two-step verification flow to use more secure Time-based One-Time Password (TOTP) authenticator applications or physical security keys.",Network Security & Access Control,Identity and Access Management,CORE 2,,SECURITY,6/1/2026 4:18:17
Authentication: User accounts,"Digital identity profiles managed inside an operating system or directory service database that hold configuration files, security group memberships, and login credentials for an individual user, defining what network resources they are permitted to access.","Users log into workstations but are blocked from opening standard department folders, or standard users accidentally modify critical system directories because their profiles have too many privileges.","Open the Local Users and Groups console panel by running “lusrmgr.msc” on local machines or open “dsa.msc” for Active Directory; audit the user profile's group properties, and apply the principle of least privilege by stripping standard users out of administrative groups.",Operating Systems Management,Active Directory and Domain Services,CORE 2,,OPERATING SYSTEMS,6/1/2026 4:18:51
"Authenticator applications, security",Secure software token generators running on mobile devices that produce Time-based One-Time Password (TOTP) codes or handle cryptographic push notifications to verify user identity during Multi-Factor Authentication (MFA) workflows.,"Workstations fail to prompt users for secondary validation checks during login sequences, or users are locked out of accounts because their authenticator app codes are out of sync with the login server.","Ensure the mobile device's internal time settings are configured to match network time servers automatically, as an incorrect device clock will cause token code generation mismatches; use administrative override backup keys to reset and re-bind the token profile.",Network Security & Access Control,Mobile Device Protection,CORE 2,,SOFTWARE TROUBLESHOOTING,6/1/2026 4:19:27
Automobile synchronization,"The mobile device integration process where a smartphone links its data profiles (including contact lists, text messages, map navigation data, and music libraries) to a vehicle's dashboard media center via wireless Bluetooth connections or wired protocols like Apple CarPlay and Android Auto.","The vehicle's dashboard screen displays connection errors, contacts or media files fail to synchronize, or audio streams drop out intermittently while driving.","Access your smartphone settings menu, open the Bluetooth properties pane, locate the vehicle profile entry, and select an instruction to “Forget Device”; clear out old phone links inside the vehicle's media display options, and restart the pairing process from scratch to establish a clean data link.",Mobile Devices and Mobile Hardware,Mobile Device Connectivity,CORE 1,MOBILE DEVICES,,6/1/2026 4:20:14
"AutoPlay, disabling",The system administration security practice of turning off the Windows feature that automatically scans newly inserted media drives (such as Universal Serial Bus (USB) flash drives or external hard drives) and instantly displays a pop-up window or plays media content based on file types.,"Inserting an external flash drive triggers automatic system modifications or opens unauthorized windows, risking user exposure to malicious drive items.","Open Windows Control Panel, click on the “AutoPlay” applet, clear the check box for “Use AutoPlay for all media and devices”, select an instruction to set all individual drive dropdown listings to “Take no action”, and click “Save” to lock down the system configuration.",Network Security & Access Control,Operational Security Best Practices,CORE 2,,SECURITY,6/1/2026 4:21:43
"AutoRun, disabling","A critical Operating System (OS) security configuration that blocks the system from reading and executing hidden initialization files (like “autorun.inf”) located on newly connected storage drives, which stops malicious scripts from automatically running without user consent.",Plugging a found or untrusted Universal Serial Bus (USB) flash drive into a workstation instantly installs malware or launches background terminal scripts without the user clicking a single file icon.,"Open the “Local Group Policy Editor” by executing the command “gpedit.msc”, navigate to “Computer Configuration > Administrative Templates > Windows Components > AutoRun Policies”, double-click “Turn off AutoPlay”, change the setting toggle to “Enabled”, and click “Apply” to block automated script execution across all drives.",Network Security & Access Control,Logical Security Controls,CORE 2,,SECURITY,6/1/2026 4:22:42
Backlights,A physical hardware illumination component located behind or along the edges of a Liquid Crystal Display (LCD) screen panel that provides the structural light source necessary to make visual images visible to the human eye.,"The laptop screen remains completely black or dark even though the power light indicator is on, but a faint, ghostly image of the desktop can be seen if a bright flashlight is shined directly onto the monitor surface.","Connect an external monitor to the video port to verify whether the graphics processing hardware is functional; if external video works, inspect the internal display panel assembly to replace a faulty high-voltage inverter board or a blown Light-Emitting Diode (LED) backlight harness strip.",Peripherals and Hardware,Laptop Display Components,CORE 1,MOBILE DEVICES,,6/1/2026 4:44:54
Backout plans,A mandatory step in the organizational change management workflow process that details explicit technical operations required to revert a system to its original state if a newly deployed modification fails or causes a critical infrastructure breakdown.,"A newly installed software patch causes an enterprise database to crash, and helpdesk technicians have no written documentation or configuration steps available to undo the damage quickly, extending corporate downtime.","Before deploying any production modification, document a step-by-step reversal sequence, preserve recent system configuration snapshots, and maintain verified system backups to allow the engineering team to run the reversal procedures immediately if an update fails.",Network Infrastructure and Operational Procedures,Change Management Procedures,CORE 2,,OPERATIONAL PROCEDURES,6/1/2026 4:45:26
Backups: Differential backups,"A structural data storage backup method that copies all files and folder items that have been modified or updated since the last absolute full backup operation, without resetting or clearing the file archive attributes.","Daily backup storage consumption increases progressively as the business week continues, because data changes are repeatedly copied and stacked onto each successive daily backup file volume.","To perform a complete server state recovery using this method, locate and restore the very first full backup baseline volume target, then locate and apply only the most recent differential backup image container to pull down all cumulative file changes.",Network Infrastructure and Operational Procedures,Redundancy and Backup Procedures,CORE 2,,OPERATIONAL PROCEDURES,6/1/2026 4:45:58
Backups: Full backups,"An absolute data replication standard that copies every selected file, folder, directory structure, and application partition block across a target system regardless of previous modification logs, explicitly clearing or resetting the archive bit attribute for all items.","Corporate data replication operations take hours to complete, saturating local network bandwidth and causing performance degradation on production servers during the operational replication window.","Schedule full backup tasks to run automatically during low-impact weekend hours using a backup management terminal utility, and combine this baseline with faster mid-week incremental or differential backup sequences to minimize system overhead.",Network Infrastructure and Operational Procedures,Redundancy and Backup Procedures,CORE 2,,OPERATIONAL PROCEDURES,6/1/2026 4:46:32
Backups: Incremental backups,"A highly efficient data protection routine that explicitly replicates only the files and storage blocks that have been modified since the most recent backup operation of any type (full or incremental), clearing the archive attribute bit upon completion.",Disaster recovery processes become time-consuming and fragile because technicians must sequentially mount and process multiple separate storage tape media volumes to piece back a system state.,"To rebuild a crashed file system, restore the original baseline full backup image first, and then sequentially apply every single subsequent incremental backup volume in the exact chronological order they were recorded to avoid data corruption.",Network Infrastructure and Operational Procedures,Redundancy and Backup Procedures,CORE 2,,OPERATIONAL PROCEDURES,6/1/2026 4:55:11
Backups: Linux,"The operational implementation of data protection utilities within a Linux operating system environment, utilizing open-source command-line backup protocols to copy, compress, and archive local system files to alternative media paths.","Cron automation tasks return terminal errors indicating that root file directories cannot be parsed, or backup archive images fail to generate due to missing administrative execution privileges.",Open an interactive shell terminal console window and configure administrative privileges by running the instruction “sudo tar -cvzf backup.tar.gz /home/user” to bundle and compress the target home directory files safely into an archive folder container.,Operating Systems Management,Linux Command-Line Utilities,CORE 2,,OPERATING SYSTEMS,6/1/2026 5:04:51
Backups: Malware prevention,The defensive data protection strategy of maintaining offline or immutable system data copies to ensure clean files can be recovered if a local computer network is compromised by malicious software applications or ransomware encryption scripts.,"A ransomware attack encrypts local desktop computers, and when technicians attempt to connect to network backup drives, they find that the backup archives have also been encrypted and compromised.","Implement a strict 3-2-1 backup layout scheme by keeping three copies of all critical data across two different media types, and ensure that at least one copy is kept completely offline in an air-gapped network zone or disconnected cloud container to block lateral malware encryption paths.",Network Security & Access Control,Malware Detection and Removal,CORE 2,,SECURITY,6/1/2026 5:05:31
Backups: Mobile devices,"The automated or manual process of replicating mobile data items—such as system settings, contact records, photos, application data profiles, and text messages—from a smartphone or tablet to an external cloud storage database or local personal computer.","A user drops their tablet device, causing complete hardware destruction, and realizes that all critical business contacts and local media files are permanently gone because sync routines were disabled.","Navigate into the mobile device system configuration pane, click on the user account cloud profile settings (such as iCloud or Google One), enable the toggle switch option labeled “Back Up Now”, and ensure the device is connected to an unmetered internet connection to upload local configuration logs.",Mobile Devices and Mobile Hardware,Mobile Device Synchronization,CORE 1,MOBILE DEVICES,,6/1/2026 5:19:02
Backups: Rotation schemes,"Structured administrative scheduling frameworks—such as Grandfather-Father-Son (GFS)—that define how data backup media volumes are cycled, archived, and overwritten over a prolonged operational period to balance storage costs with data retention requirements.","An organization runs out of physical backup storage disks or tape media because it keeps every single daily backup file permanently, or it mistakenly overwrites a monthly accounting archive due to disorganized media rotation rules.","Configure your automated backup management software platform to execute daily incremental runs (the ""sons""), weekly full baseline sweeps (the ""fathers""), and monthly long-term retention snapshots (the ""grandfathers"") to organize media lifespan cycles.",Network Infrastructure and Operational Procedures,Redundancy and Backup Procedures,CORE 2,,OPERATIONAL PROCEDURES,6/1/2026 5:21:02
Backups: Synthetic backups,"An advanced storage engineering technique that uses an application server to build a fresh, full backup image file by combining a previous traditional baseline full backup volume with subsequent incremental file modifications, saving network transmission bandwidth.",Network infrastructure adapters experience massive bottleneck spikes during nightly replication hours because full backup payload configurations saturate WAN (Wide Area Network) links.,"Deploy an advanced backup application agent that supports data block processing, and set the platform instruction to execute a local synthetic build process directly inside the target storage repository array to compile the file volume without re-transmitting data across the network.",Network Infrastructure and Operational Procedures,Redundancy and Backup Procedures,CORE 2,,OPERATIONAL PROCEDURES,6/1/2026 5:44:27
Backups: Testing,"The regular operational practice of mounting, restoring, and validating archived data files inside an isolated sandbox sandbox test environment to confirm the data blocks are not corrupted and can be successfully used during a real disaster recovery emergency.","System administrators attempt to restore files from a backup tape after a server failure, only to find the backup files are empty, unreadable, or throwing a fatal ""CRC (Cyclic Redundancy Check) error"" indicating data corruption.","Set a mandatory monthly calendar schedule rule to pull down random sample files from production backup storage arrays, restore them to a non-production validation machine, and verify that the file metadata hashes match original system logs.",Network Infrastructure and Operational Procedures,Redundancy and Backup Procedures,CORE 2,,OPERATIONAL PROCEDURES,6/1/2026 5:45:07
Badge readers,Physical electronic security access control hardware components mounted next to facility entry points that read encoded authentication data from a user's proximity card or RFID (Radio Frequency Identification) token before unlocking a door latch.,"Authorized enterprise employees are locked out of server room facilities, or door locks remain unsecured because the card scanner fails to transmit identity verification logs to the central security terminal database.",Inspect the low-voltage power wiring layout connected to the door access controller interface panel; test the reader device using a known functional test token asset; update the user access permission credentials inside the centralized physical access security software console.,Network Security & Access Control,Physical Security Controls,CORE 2,,SECURITY,6/1/2026 6:21:04
"Bandwidth, UTP cabling","The maximum information-carrying capacity and signal transmission frequency range of an Unshielded Twisted Pair (UTP) copper network cable, measured in megabits or gigabits per second and determined by its specific manufacturing category (such as Cat 5e or Cat 6).","Network infrastructure computers communicate at degraded speeds (like 100 Mbps instead of 1 Gbps), or packet sniffer utilities log high rates of data frame corruption and signal attenuation.",Check the text markings stamped along the outer plastic jacket insulation of the copper cord to verify its classification; replace legacy Cat 5 wiring cables with modern Cat 6a structures to support stable 10 Gbps (Gigabits per second) speeds up to a maximum run distance of 100 meters.,Network Infrastructure and Media,Network Cabling and Connector Types,CORE 1,NETWORKING,,6/1/2026 6:22:15
Bash: Comment syntax,"The structural characters used inside a Bourne-Again Shell (Bash) script to mark lines as descriptive plain-text explanations, instructing the script interpreter engine to skip those lines entirely during code execution.",Executing a custom Linux automation script returns unexpected syntax errors because the shell interpreter tries to parse standard English text descriptions as operational system commands.,"Open the automation document script inside a text editor utility, locate the explanatory plain text notes, and insert the explicit pound symbol character “#” at the very beginning of every descriptive line to convert the text into an unexecuted comment string.",Operating Systems Management,Scripting Basics and Syntax,CORE 2,,OPERATIONAL PROCEDURES,6/1/2026 6:23:27
Bash: Nano command,"A user-friendly, lightweight terminal-based text editor utility included in many Linux distributions, used to create or modify configuration scripts and plain-text files directly within a command line console window.",A system administrator cannot edit system configuration parameters because they are stuck inside a complex command shell interface without a graphical user interface installed.,"Launch the text utility tool from an open terminal prompt by running the command “nano filename.sh”, make your required script text adjustments, and save your modifications by pressing the keyboard shortcut sequence “Ctrl + O” followed by “Ctrl + X” to exit.",Operating Systems Management,Linux Command-Line Utilities,CORE 2,,OPERATING SYSTEMS,6/1/2026 6:26:44
Bash: Scripting,"The programmatic practice of writing automated sequences of system commands inside a plain text document file, using a Bourne-Again Shell (Bash) interpreter layout to execute repetitive administrative operations within a Linux system.","Helpdesk technicians waste time manually performing identical system configuration routines on multiple distinct servers, resulting in non-uniform system setups.","Create a text file with a specialized file extension structure by executing “nano script.sh”, declare the interpreter path on line one by inserting the sh-bang string “#!/bin/bash”, define your programmatic logic commands, and authorize file execution by running the string “chmod +x script.sh”.",Operating Systems Management,Scripting Basics and Syntax,CORE 2,,OPERATIONAL PROCEDURES,6/7/2026 0:00:00
Bash: Use cases,"Practical IT (Information Technology) application scenarios where a Bourne-Again Shell (Bash) automation script is deployed to replace manual effort, such as automated system software updates, daily data backups, or log file parsing.","System log files fill up server storage drives because nobody is running cleanup tasks, or deployment teams take too long provisioning user profiles on new server instances.","Write custom script files to automate repetitive administrative workflows, then map the file path locations into the system crontab scheduler utility by configuring a cron configuration rule line to run the scripts automatically during off-peak hours.",Operating Systems Management,Scripting Basics and Syntax,CORE 2,,OPERATIONAL PROCEDURES,6/7/2026 0:00:00
Bash: VIM,"Vi Improved (VIM). A highly advanced, modal text editor utility built into Linux operating systems that allows power users to modify system code scripts and configuration documents entirely from a command-line interface using specialized keyboard modes.","A technician launches an internal configuration editor from a remote command console terminal screen and becomes trapped inside the application, unable to figure out how to save data or exit the program interface.","Press the keyboard escape key “Esc” to clear current text input arrays and enter command mode, then type the explicit file instruction sequence “:wq” and press Enter to save your modifications and quit the utility workspace.",Operating Systems Management,Linux Command-Line Utilities,CORE 2,,OPERATING SYSTEMS,6/7/2026 0:00:00
"Basic disks, converting to dynamic disks","The logical disk management conversion process inside Windows that upgrades a traditional partition layout configuration into a dynamic storage disk architecture, allowing for advanced software configurations like spanned, striped, or mirrored volume sets.",The options to create a software RAID (Redundant Array of Independent Disks) mirror array are unavailable or grayed out within the operating system management utility workspace because the storage drives are still locked in legacy partition styles.,"Open the Windows Disk Management interface by running the command “diskmgmt.msc”, right-click the target drive index block header item, select the specific menu option labeled “Convert to Dynamic Disk”, and verify that the partition labels transform to a dynamic state layout.",Operating Systems Management,Windows Administrative Utilities,CORE 2,,OPERATING SYSTEMS,6/7/2026 0:00:00
Basic drives,"The standard storage drive initialization layout configuration utilized by default within Windows operating systems, using traditional Master Boot Record (MBR) or GUID (Globally Unique Identifier) Partition Table (GPT) partitioning schemes to isolate file systems on a single drive unit.",A system administrator cannot create a single continuous drive letter space that spans across multiple physically separate storage hard drive units using native OS tools.,"Use basic drive configurations for standard workstation deployments to store operating system files; if advanced fault tolerance or multi-drive volume spanning is required later, execute an administrative upgrade step to convert the storage disks to a dynamic drive architecture.",Operating Systems Management,Storage Management Utilities,CORE 2,,OPERATING SYSTEMS,6/7/2026 0:00:00
Batch files,"Alphanumeric script files containing sequential commands that are executed by the native Windows Command Prompt (cmd.exe) interpreter engine, saved with a specialized file extension format such as “.bat” or “.cmd”.",Automated corporate user environment drive mappings or desktop printer deployment operations fail to launch automatically when users log into their network workstations.,"Open a text file editor workspace and write the necessary command lines using command prompt syntax; save the text file using the explicit file extension name string “logon.bat”, and assign the script path location to a Group Policy Object (GPO) login rule container.",Operating Systems Management,Scripting Basics and Syntax,CORE 2,,OPERATIONAL PROCEDURES,6/7/2026 0:00:00
"Batteries, troubleshooting","The diagnostics and evaluation of a mobile device's chemical power cell component to determine its structural degradation level, lifecycle status, and physical stability.","A laptop computer case begins to warp or the trackpad face track container lifts upward out of its housing, or a mobile device completely shuts off the moment its AC (Alternating Current) power adapter cord is unplugged.","Immediately turn off and isolate the mobile device if you notice a physically swollen casing, as compromised battery packets pose an inflation and thermal fire risk; use a safe plastic spudger tool to unscrew the casing and lift out the old cell block, then install a certified OEM (Original Equipment Manufacturer) replacement battery unit.","Motherboards, RAM, and CPU Diagnostics",Troubleshooting Power Issues,CORE 1,HARDWARE & NETWORK TROUBLESHOOTING,,6/7/2026 0:00:00
"Beep codes, motherboards",Power On Self Test (POST) audio codes. A diagnostic series of short or long sound tones emitted by a motherboard's internal speaker component during system startup when a catastrophic hardware component failure prevents initialization of the main video monitor display.,"The desktop computer power indicators turn on and internal case cooling fans spin up, but the monitor display remains completely dark while the machine case emits a pattern of audio beeps (such as three long beeps followed by one short beep).","Listen carefully to identify the exact audio pattern sequence; pull up the specific motherboard manufacturer's reference guide index; perform targeted hardware adjustments (such as re-seating loose RAM (Random-Access Memory) modules, fixing video adapter cards, or inspecting CPU power rails) based on the guide's error descriptions.","Motherboards, RAM, and CPU Diagnostics",Troubleshooting Core Hardware,CORE 1,HARDWARE & NETWORK TROUBLESHOOTING,,6/7/2026 0:00:00
"Behavioral factors, authentication","An advanced biometric identity verification classification layer that continuously measures unique human action dynamics—such as an operator's manual typing rhythm, mouse cursor movement habits, or vocal speech patterns—to confirm an authenticated user identity.","Automated script bots use valid stolen password strings to log into secure remote user profiles, bypassing basic security checks because the system cannot differentiate between human inputs and programmatic commands.","Integrate user behavioral analytics software components into the corporate identity verification framework to continuously monitor active system sessions, flagging abnormal input speeds and prompting for multi-factor authentication if anomalies occur.",Network Security & Access Control,Identity and Access Management,CORE 2,,SECURITY,6/7/2026 0:00:00
Best practices: Account management,"Operational security guidelines that direct how administrative teams provision, audit, update, suspend, and delete corporate user network identities to enforce organizational data boundaries.","Former employees continue to access internal company networks long after their employment has ended, or network audits find untracked user profiles with unmonitored system modifications.","Implement an automated offboarding checklist procedure to disable user profiles immediately upon separation; run quarterly profile access audits across Active Directory (AD) containers, and configure strict profile tracking parameters to maintain regulatory compliance.",Network Security & Access Control,Operational Security Best Practices,CORE 2,,SECURITY,6/7/2026 0:00:00
Best practices: Administrator accounts,"Security configuration principles specifying that highly privileged profiles must be heavily restricted, monitored with detailed logging, and used exclusively for authorized system changes rather than daily tasks like web browsing.","A helpdesk technician downloads a malicious email attachment while logged directly into a workstation using full administrator credentials, allowing malware to instantly execute and compromise the entire operating system kernel.",Enforce a strict administrative policy requiring technicians to use standard unprivileged user accounts for standard business activities; mandate that they elevate their privileges using the explicit instruction “Run as administrator” or the command “sudo” only when performing authorized system modifications.,Network Security & Access Control,Operational Security Best Practices,CORE 2,,SECURITY,6/7/2026 0:00:00
Best practices: AutoPlay,"Security guidelines that manage how an operating system reacts when digital media (like an audio CD or DVD) is inserted into an optic drive slot, focusing on blocking automated software installations while preserving basic usability.",Inserting a diagnostic disc into a multimedia computer instantly triggers an unexpected application installer or changes local display properties without user confirmation.,"Open Windows Control Panel, access the “AutoPlay” utility, choose to display a prompt asking the user for confirmation for every media class variation, and clear the master check box labeled “Use AutoPlay for all media and devices” to prevent automated software behavior.",Network Security & Access Control,Operational Security Best Practices,CORE 2,,SECURITY,6/7/2026 0:00:00
Best practices: AutoRun,"Strict security configuration rules that completely block an operating system from reading and executing hidden initialization files (like “autorun.inf”) found on newly attached removable storage drives, preventing silent malware infections.",Plugging a found or untrusted USB (Universal Serial Bus) flash drive into a corporate computer instantly runs background terminal scripts or installs malware without the user clicking any file icons.,"Open the “Local Group Policy Editor” console by running the command “gpedit.msc”, navigate to “Computer Configuration > Administrative Templates > Windows Components > AutoRun Policies”, double-click “Turn off AutoPlay”, set the status to “Enabled”, and click “Apply” to protect all workstations across the domain workspace.",Network Security & Access Control,Logical Security Controls,CORE 2,,SECURITY,6/7/2026 0:00:00
Best practices: Change management,"A formal corporate governance process framework used to evaluate, authorize, test, document, and execute major infrastructure modifications across an enterprise environment to reduce risk and prevent service outages.","A network engineer modifies a core router configuration on a whim during peak business hours, causing a sudden corporate network outage that leaves helpdesk teams with no record of why the system went offline.","Mandate that all infrastructure modifications be submitted as a formal Change Request (CR) to a Change Advisory Board (CAB); ensure each request includes a defined scope of work, risk analysis, testing log, and an actionable backout plan before execution.",Network Infrastructure and Operational Procedures,Change Management Procedures,CORE 2,,OPERATIONAL PROCEDURES,6/7/2026 0:00:00
Best practices: Guest accounts,"An operational security rule dictating that built-in, unauthenticated user profiles intended for temporary public use must remain completely disabled across all network computers to eliminate unauthorized access paths.",External visitors or malicious actors sit down at an unattended desktop computer console and easily log into the corporate network environment using a blank password under an active guest profile slot.,"Open the Windows Computer Management interface by executing the command “compmgmt.msc”, navigate to “Local Users and Groups”, double-click the profile labeled `Guest`, check the box option for `Account is disabled`, and click `Apply` to block unauthenticated access.",Network Security & Access Control,Operational Security Best Practices,CORE 2,,SECURITY,6/7/2026 0:00:00
Best practices: Lockout thresholds,An account protection rule that defines the maximum number of consecutive failed login attempts a user can make before the operating system automatically locks down and suspends the profile for a predetermined period.,Automated malicious script applications successfully guess a user's password using a brute-force attack tool because the login form allows unlimited consecutive password attempts without blocking access.,"Open the Local Security Policy utility screen by executing the command “secpol.msc”, navigate to “Account Policies > Account Lockout Policy”, double-click the item labeled “Account lockout threshold”, and configure the value parameter to limit attempts to exactly “3 failed logon attempts”.",Network Security & Access Control,Operational Security Best Practices,CORE 2,,SECURITY,6/7/2026 0:00:00
Best practices: Logons,"Security guidelines that manage user authentication mechanics, such as masking password characters during input, blocking password reuse histories, enforcing maximum idle session timeouts, and displaying corporate warning banners before login.","Workstation consoles remain unlocked and accessible to passing strangers long after an employee walks away from their desk, exposing sensitive corporate data to unauthorized physical viewing.","Use a domain Group Policy Object (GPO) configuration line to enforce a mandatory screen saver lock rule that triggers after exactly 10 minutes of user inactivity, requiring users to re-enter their full login credentials to unlock the desktop workspace.",Network Security & Access Control,Operational Security Best Practices,CORE 2,,SECURITY,6/7/2026 0:00:00
Best practices: Malware removal,"The standard CompTIA A+ seven-step operational process framework utilized to safely isolate, remediate, and immunize a computer system that has been infected by malicious software.","A helpdesk technician deletes an infected file icon from an infected workstation but skips system restoration checks, leading to a recurring malware infection from hidden registry keys upon reboot.","Follow the official 7-step remediation framework sequence: (1) Identify malware symptoms, (2) Quarantine infected systems, (3) Disable System Restore, (4) Remediate infected systems via antivirus tools, (5) Schedule scans and apply updates, (6) Enable System Restore, and (7) Educate the end user.",Network Security & Access Control,Malware Detection and Removal,CORE 2,,SOFTWARE TROUBLESHOOTING,6/7/2026 0:00:00
Best practices: Passwords,"Organizational security configuration rules governing the generation and protection of user credentials, mandating minimum length limits, characters from multiple distinct character classes, and regular rotation schedules.","Corporate user accounts are easily compromised through basic dictionary attacks because employees choose simple, predictable words (like “Summer2026!”) for their passwords.","Enforce domain policies requiring passwords to be at least 14 characters long, mandate password complexity settings that block dictionary terms, and maintain a historical password reuse block rule to prevent users from toggling back to old passwords.",Network Security & Access Control,Operational Security Best Practices,CORE 2,,SECURITY,6/7/2026 0:00:00
Best practices: User permissions,"The administrative practice of allocating explicit data access privileges based on the principle of least privilege, ensuring users are granted only the minimum system permissions necessary to perform their required job duties.",A standard data entry employee accidentally navigates into a sensitive corporate folder share and deletes structural accounting spreadsheets because their account had write and delete privileges.,"Remove standard user accounts from local and domain administrator security groups; assign folder access permissions using targeted Active Directory (AD) security groups rather than individual profiles, and set access constraints to read-only whenever possible.",Network Security & Access Control,Operational Security Best Practices,CORE 2,,SECURITY,6/7/2026 0:00:00
Best practices: User usernames,"Standard corporate naming conventions and security management rules governing user account identifiers, specifying unique creation formats while avoiding details that reveal account privilege levels.","An organization formats high-privilege usernames with obvious prefixes like “admin_jjackson”, allowing external cyberattackers to easily identify high-value targets for brute-force credential attacks.","Implement a standardized naming format across the entire enterprise directory layout (such as first initial followed by last name, like “jjackson”); use alternative security tracking identifiers behind the scenes, and hide privilege levels from public profile names.",Network Security & Access Control,Operational Security Best Practices,CORE 2,,SECURITY,6/7/2026 0:00:00
Biometrics,"An authentication mechanism that verifies a user's identity based on unique physical or behavioral traits, such as fingerprints, facial recognition, or iris scans.","Users experience ""False Rejection"" where legitimate users are locked out, or ""False Acceptance"" where unauthorized individuals gain access.","Clean the biometric scanner hardware surface, recalibrate the threshold sensitivity settings within the security management software, and re-enroll the user’s physical profile templates.",Identity and Access Management,Physical & Logical Authentication,CORE 2,,SECURITY,6/7/2026 0:00:00
BIOS (Basic Input/Output System) firmware,"Built-in, non-volatile firmware used to perform hardware initialization during the booting process and provide runtime services for operating systems.","System fails to recognize newly installed hardware components, fails to initiate the operating system boot process, or hangs indefinitely during power-on routines.","Restart the system and press the manufacturer-specified key (such as “F2” or “Del”) to enter setup, verify that hardware settings match the physical layout, or select “Load Setup Defaults” to clear misconfigurations.",Hardware & System Components,System Firmware & Interfaces,CORE 1,HARDWARE,,6/7/2026 0:00:00
BIOS firmware: Boot order,A configurable list within the system firmware that determines the precise sequential order in which storage devices are searched for a bootable operating system.,"The system displays a ""No boot device found"" error or accidentally boots into an unintended recovery drive or external USB (Universal Serial Bus) storage device.","Enter the firmware setup utility, navigate to the “Boot” tab, use the designated arrow or navigation keys to move the primary storage drive containing the OS (Operating System) to the top position, then save and exit.",Hardware & System Components,System Firmware & Interfaces,CORE 1,HARDWARE,,6/7/2026 0:00:00
BIOS firmware: Fan settings,Configurable profiles within the system firmware that regulate the rotational speeds of internal cooling fans based on real-time temperature thresholds.,"Fans run constantly at maximum speed causing excessive noise, or fans spin too slowly resulting in thermal throttling and unexpected system shutdowns.","Boot into the configuration interface, navigate to the “Hardware Monitor” or “Smart Fan Configuration” screen, select an appropriate profile like “Standard” or “Silent”, or manually adjust the pulse-width modulation curves.",Hardware & System Components,Cooling Systems & Management,CORE 1,HARDWARE,,6/7/2026 0:00:00
BIOS firmware: “flashing the BIOS”,The process of overwriting and updating the existing firmware code on the motherboard's EEPROM (Electrically Erasable Programmable Read-Only Memory) chip to add features or resolve hardware bugs.,"Motherboard experiences instability with newer central processing units, or the system experiences a total bricked/non-functional state due to a corrupted or interrupted update.","Download the official verified firmware file from the manufacturer's website onto a FAT32 (File Allocation Table 32) formatted USB flash drive, boot into the firmware utility, select the “M-Flash” or “EZ Flash” tool, and execute the update while ensuring uninterrupted power supply.",Hardware & System Components,System Firmware & Interfaces,CORE 1,HARDWARE,,6/7/2026 0:00:00
BIOS firmware: Memory errors,Diagnostic failure notifications generated during the early hardware initialization phase indicating that the system RAM (Random Access Memory) cannot be properly read or written to.,"The motherboard emits a series of repetitive audible beep codes upon powering on, and the display monitor remains completely blank with no text or video output.","Power down the machine, disconnect the main electrical cord, open the chassis to physically reseat the memory modules firmly into their slots, or test single modules one at a time using diagnostic utilities.",Hardware & System Components,System Firmware & Interfaces,CORE 1,HARDWARE AND NETWORK TROUBLESHOOTING,,6/7/2026 0:00:00
BIOS firmware: Passwords,Security access keys configured directly within the motherboard firmware to restrict unauthorized access to either the setup configuration menus or the entire system boot cycle.,"Administrators are locked out from changing crucial hardware settings, or users are completely blocked from starting up the computer workspace.","Disconnect the power source, locate the physical “CLR_CMOS” (Clear Complementary Metal-Oxide-Semiconductor) jumper pins on the motherboard, bridge them with a jumper cap for ten seconds, or remove the coin-cell CR2032 battery for several minutes to wipe the volatile memory storage.",Identity and Access Management,Firmware & Hardware Security,CORE 2,,SECURITY,6/7/2026 0:00:00
BIOS firmware: POST (Power-On Self-Test),An automated diagnostic testing routine executed by the firmware immediately after power-up to ensure that all essential internal hardware components are functional.,"The system freezes on the initial manufacturer logo screen, or emits distinct numeric error codes or light-emitting diode patterns without loading the storage drives.","Disconnect all non-essential external peripheral devices like printers or scanners, check the diagnostic motherboard codes, and ensure that internal power delivery cables are tightly connected to the board.",Hardware & System Components,System Firmware & Interfaces,CORE 1,HARDWARE AND NETWORK TROUBLESHOOTING,,6/7/2026 0:00:00
BIOS firmware: Secure Boot,A critical security standard designed to ensure that a device boots using only software that is trusted and signed cryptographically by the Original Equipment Manufacturer.,"The machine throws a ""Signature Verification Failed"" or ""Unauthorized Boot Device"" error when trying to boot certain Linux distributions or custom recovery media.","Enter the firmware environment, navigate to the “Security” or “Boot” settings panel, locate the “Secure Boot” entry, switch its toggle option to “Disabled”, or install the requisite database keys for the alternative OS.",Identity and Access Management,Firmware & Hardware Security,CORE 2,,SECURITY,6/7/2026 0:00:00
BIOS firmware: Testing,The proactive process of validating the operational integrity and configuration accuracy of firmware settings using built-in diagnostic assessment routines.,Unexplained intermittent component dropouts or system clocks failing to keep accurate time across system reboots.,"Launch the built-in vendor diagnostics by pressing “F12” during startup, run the extended hardware test suite, and verify that the onboard real-time clock battery is outputting its proper rated voltage.",Hardware & System Components,System Firmware & Interfaces,CORE 1,HARDWARE AND NETWORK TROUBLESHOOTING,,6/7/2026 0:00:00
BIOS firmware: Troubleshooting,"The systematic methodology of diagnosing and correcting errors stemming from improper configuration, corruption, or hardware incompatibilities related to system firmware.","Computer refuses to power on normally, fails to complete its initial diagnostic checks, or displays incorrect CPU (Central Processing Unit) clock parameters.","Perform a hard reset by cycling power, clear the volatile CMOS settings via physical jumpers, or leverage a secondary backup firmware chip if the motherboard features a dual-configuration layout.",Hardware & System Components,System Firmware & Interfaces,CORE 1,HARDWARE AND NETWORK TROUBLESHOOTING,,6/7/2026 0:00:00
BIOS firmware: Virtualization,A hardware-level feature toggle that permits a single physical processor to act as multiple independent virtual processors for running virtual machines.,"Hypervisor software programs like VirtualBox or VMware throw errors stating that ""Intel VT-x"" or ""AMD-V"" features are not available or are disabled.","Access the motherboard configuration screen, browse to the “Advanced” or “CPU Configuration” menu, locate settings named “Intel Virtualization Technology” or “SVM Mode”, flip the option to “Enabled”, and save settings.",Hardware & System Components,System Firmware & Interfaces,CORE 1,HARDWARE,,6/7/2026 0:00:00
BitLocker encryption,A full-disk encryption security feature integrated into modern Windows operating systems designed to protect data volumes by preventing unauthorized offline access.,"The system prompts the user for a lengthy 48-digit recovery key upon bootup after a minor hardware change, or access to the drive is completely denied.","Retrieve the backup key from the associated Active Directory account or cloud-linked profile, input the sequence into the BitLocker recovery interface screen, or suspend encryption via the command “Manage-bde -protectors -disable C:” before upgrading hardware.",Data Protection & Privacy,Logical Security Controls,CORE 2,,SECURITY,6/7/2026 0:00:00
Blackouts,A complete and sudden loss of electrical power grid delivery to a facility or localized equipment setup.,"Electronic equipment immediately shuts off completely, leading to potential corruption of unwritten operational data or filesystem damage.",Install an inline UPS (Uninterruptible Power Supply) system between the wall outlet and critical equipment to provide sufficient battery runtime to execute orderly operating system shutdowns.,Operational Procedures & Safety,Environmental Controls,CORE 2,,OPERATIONAL PROCEDURES,6/7/2026 0:00:00
Blocking pop-ups,A software configuration mechanism within browsers or security applications that intercepts and prevents unsolicited windows or overlays from opening automatically.,"Users are continually bombarded with intrusive advertisement windows, or valid corporate login screens fail to display because they are falsely classified as unwanted elements.","Open the web browser configuration menu, go to the “Privacy and Security” area, select “Site Settings”, navigate to “Pop-ups and redirects”, and manually append the specific trusted business URLs (Uniform Resource Locators) to the exceptions allowance list.",Software Applications & Browsers,Browser Configurations & Security,CORE 2,,SECURITY,6/7/2026 0:00:00
Bluetooth networks: Connectivity,Short-range wireless radio communication protocols facilitating data exchanges between enabled devices over short distances.,"Devices fail to detect each other during scans, throw generic pairing authorization rejections, or experience rapid signal drops.","Verify that the radio switch is explicitly enabled on both devices, clear existing old pairing profiles out of the system cache, ensure the peripheral is explicitly placed into discovery mode, and keep them within close range.",Network Infrastructure & Protocols,Wireless Networking Technologies,CORE 1,NETWORKING,,6/7/2026 0:00:00
Bluetooth networks: Troubleshooting,The analytical steps taken to isolate and fix problems involving disrupted or non-functional personal area network connections.,"Connected audio gear stutters heavily, files fail to transfer completely, or the system manager shows a yellow warning triangle icon over the controller device.","Open the Device Manager configuration utility, right-click the wireless controller to select “Uninstall device”, restart the computer to trigger an automated driver reload, and toggle off nearby conflicting devices operating on the same 2.4 GHz (Gigahertz) frequency.",Network Infrastructure & Protocols,Wireless Networking Technologies,CORE 1,HARDWARE AND NETWORK TROUBLESHOOTING,,6/7/2026 0:00:00
Blu-ray drives,Optical storage disc reading and writing hardware devices utilizing short-wavelength blue-violet lasers to process high-density data formats.,"Operating systems fail to recognize the optical drive unit entirely, or the hardware returns persistent read errors when a disc medium is inserted.","Carefully clean the external face of the media disk using a microfiber cloth, verify that internal SATA (Serial Advanced Technology Attachment) data and power cables are properly seated, or update the device driver software via the device manager interface.",Hardware & System Components,Storage Media & Devices,CORE 1,HARDWARE,,6/7/2026 0:00:00
"Boot Camp, macOS (OS X)",A native multi-boot utility included with legacy Apple macOS operating systems that assists users in partitioning drives and installing Microsoft Windows.,"The system installer partition sequence fails due to file structural fragmentation, or the newly installed Windows environment lacks basic trackpad or network hardware drivers.","Launch the utility application inside the macOS utility folder, download the latest official windows support software compilation onto an external storage stick, and run the specialized installation wizard tool to repair missing driver frameworks.",Operating Systems & Environments,Alternative & Non-Windows Operating Systems,CORE 2,,OPERATING SYSTEMS,6/7/2026 0:00:00
Boot order: BIOS firmware,The configuration index within system firmware dictating the sequential priorities for checking storage mediums for partition code.,"Computer boots into an obsolete secondary internal hard drive instead of the main Solid-State Drive (SSD), causing slow execution speeds or older profiles to load.","Access the main setup screens on boot, open the priority section, position the correct operating system drive at position index one, and hit the save changes confirmation sequence.",Hardware & System Components,System Firmware & Interfaces,CORE 1,HARDWARE,,6/7/2026 0:00:00
Boot sectors: Troubleshooting,The diagnostic steps to restore the foundational partition regions of a drive containing the essential instructions needed to initiate OS loading.,"Machine stops at startup with fatal errors displaying messaging like ""Missing Operating System"" or ""Invalid Partition Table"".","Boot into the Windows Recovery Environment using installation media, launch the command prompt window, and execute the utility command “bootrec /fixmbr” followed by “bootrec /fixboot” to overwrite corrupted master records.",Operating Systems & Environments,System Maintenance & Recovery,CORE 2,,OPERATING SYSTEMS TROUBLESHOOTING,6/7/2026 0:00:00
Boot sectors: Viruses,Malicious software variants engineered specifically to overwrite or inject payload tracking codes directly into the primary startup sectors of a storage drive.,System exhibits severe security baseline failures immediately upon cold boot before anti-malware defensive suites can even initialize.,Deploy an isolated offline bootable virus scanning media tool from a clean thumb drive to bypass the main disk environment and strip malicious modifications out of the boot partition records.,Security Threats & Vulnerabilities,Malware & Malicious Code,CORE 2,,SECURITY,6/7/2026 0:00:00
"Bootmgr, troubleshooting",The diagnostic sequence required to fix problems associated with the Windows Boot Manager application binary responsible for initializing structural boot pathways.,"Monitor shows a black text page declaring ""BOOTMGR is missing. Press Ctrl+Alt+Del to restart"".","Boot to an OS installation disc, select the option “Repair your computer”, launch the command utility interface, and execute the string “bcdboot C:\Windows /s C:” to re-generate the structural boot configuration data store.",Operating Systems & Environments,System Maintenance & Recovery,CORE 2,,OPERATING SYSTEMS TROUBLESHOOTING,6/7/2026 0:00:00
"Bootups, OS: Dual-booting","A system setup where two distinct operating systems are installed across independent storage spaces on a single machine, allowing choice at startup.","The initialization menu vanishes after a software patch, causing the system to lock exclusively into one platform without displaying options.","Launch the default OS tool suite, utilize the terminal utility string “bcdedit” to verify active entry configurations, or use a tool like Grub Customizer to refresh multi-system selection layouts.",Operating Systems & Environments,Installation & Configurations,CORE 2,,OPERATING SYSTEMS,6/7/2026 0:00:00
"Bootups, OS: Failures/intermittent shutdowns, RAM, troubleshooting",Analytical diagnostic actions taken when an OS cannot successfully finish loading or crashes abruptly due to physical faults inside system memory modules.,"The system randomly reboots right in the middle of OS loading sequences, or locks up with fluctuating error codes.","Boot the system into an isolated utility environment like Windows Memory Diagnostic or MemTest86, execute multi-pass scan cycles, and extract any modules returning failure block tallies.",Hardware & System Components,Memory Modules & Diagnostics,CORE 1,HARDWARE AND NETWORK TROUBLESHOOTING,,6/7/2026 0:00:00
"Bootups, OS: Internal drive installations",The execution of deploying clean operating system platforms directly onto local fixed storage drives like internal mechanical units or modern solid-state electronics.,Setup wizard states it cannot find any target volume targets or complains about incompatible partition maps during structural layout stages.,"Enter local firmware setups to ensure storage controller modes are set properly to AHCI (Advanced Host Controller Interface) or NVMe (Non-Volatile Memory Express) standards, format target volumes, and restart the wizard.",Operating Systems & Environments,Installation & Configurations,CORE 2,,OPERATING SYSTEMS,6/7/2026 0:00:00
"Bootups, OS: Internet installations",A mechanism where a device retrieves cloud-hosted recovery operating system deployment frameworks over an active web connection rather than local physical media.,"Deployment screens timeout or display network communication error codes like ""-2003F"" on devices like Apple computers.","Power cycle local routing appliances, switch from a wireless connection to a hardwired Ethernet patch cable, ensure firewall ports are open, and restart the download sequence.",Operating Systems & Environments,Installation & Configurations,CORE 2,,OPERATING SYSTEMS,6/7/2026 0:00:00
"Bootups, OS: Local installations",Installing core platform instances locally leveraging physically connected media devices like portable flash storage or standard optical discs.,"Installation media fails to register as bootable infrastructure, or drops files mid-way through copying with read corruption alerts.","Recreate the installation medium utilizing official creation applications, swap the target USB interface port over to an onboard motherboard slot, and ensure source data files are fully intact.",Operating Systems & Environments,Installation & Configurations,CORE 2,,OPERATING SYSTEMS,6/7/2026 0:00:00
"Bootups, OS: Multiboots",Advanced configuration topologies hosting three or more discrete operating system variants concurrently across local storage hardware arrays.,"Overwritten system loaders lock out access to legacy software installations, or file systems conflict across mounting actions.","Configure a unified manager application such as GRUB (Grand Unified Bootloader) to supervise all disk sectors, assigning distinct identifier values to each partition path.",Operating Systems & Environments,Installation & Configurations,CORE 2,,OPERATING SYSTEMS,6/7/2026 0:00:00
"Bootups, OS: Network boot (PXE) installations",The protocol process utilizing Preboot Execution Environment frameworks to boot and deploy operating systems directly from centralized network servers.,"Client machines time out waiting for DHCP (Dynamic Host Configuration Protocol) leases or return ""TFTP (Trivial File Transfer Protocol) Open Timeout"" alert messages.",Confirm DHCP option codes 66 and 67 are explicitly set up in network mapping systems to accurately route clients toward the deployment server's IP (Internet Protocol) address.,Operating Systems & Environments,Installation & Configurations,CORE 2,,OPERATING SYSTEMS,6/7/2026 0:00:00
"Bootups, OS: Self-repair, Windows networks",Automated diagnostic procedures embedded inside the OS structural shell designed to fix damaged startup parameters automatically.,"Machine continually loops inside automated diagnostic loops, declaring that the wizard could not fix your PC (Personal Computer).","Advance into specialized safe boot options menus, choose command options, and execute the utility instruction “sfc /scannow” to let system checkers verify file integrity.",Operating Systems & Environments,System Maintenance & Recovery,CORE 2,,OPERATING SYSTEMS TROUBLESHOOTING,6/7/2026 0:00:00
"Bootups, OS: Troubleshooting",Analytical investigations focusing on identifying the source of failure when an operating system breaks down between hardware validation and desktop environment display.,"Operating systems hang on loading animations, display flashing status carets, or drop directly into recovery shells.","Isolate system faults by clean booting via ""Safe Mode"" settings, check log documents using Event Viewer, and uninstall recently added third-party peripheral device drivers.",Operating Systems & Environments,System Maintenance & Recovery,CORE 2,,OPERATING SYSTEMS TROUBLESHOOTING,6/7/2026 0:00:00
Botnets,Collections of internet-connected client machines compromised by malicious software and controlled remotely as a coordinated group by a bad actor.,"Local network infrastructure utilization spikes heavily, system operational responsiveness plummets, and external security companies report outbound DDoS (Distributed Denial of Service) activity.","Disconnect infected equipment from physical networks, execute updated deep anti-malware suite passes, patch application vulnerabilities, and reset user authentication strings.",Security Threats & Vulnerabilities,Malware & Malicious Code,CORE 2,,SECURITY,6/7/2026 0:00:00
"Bottlenecks, storage drives",Performance performance drops occurring when the data transfer capacity of a storage unit limits the processing speeds of other hardware components.,Task Manager displays constant 100% disk active times while CPU or GPU (Graphics Processing Unit) utilization values hover in single digits.,"Move core software applications onto faster solid-state technologies, replace legacy mechanical connections with NVMe configurations, and verify interface ports align with full structural link speeds.",Hardware & System Components,Storage Media & Devices,CORE 1,HARDWARE AND NETWORK TROUBLESHOOTING,,6/7/2026 0:00:00
Brownouts,Temporary reductions in electrical power grid delivery voltages that can cause erratic behavior in electronic components without fully shutting them off.,"Workstation systems unexpectedly reboot, monitors flicker, and network routing equipment experiences spontaneous power cycles.",Place specialized line-interactive power regulation equipment or full uninterruptible backup units between facility outlets and sensitive production hardware.,Operational Procedures & Safety,Environmental Controls,CORE 2,,OPERATIONAL PROCEDURES,6/7/2026 0:00:00
Browsers,"Software applications designed to locate, retrieve, and display content found across the World Wide Web.","Pages fail to render correctly, scripting operations stall, or application interfaces freeze up completely when loading specific websites.","Clear web browser caches, disable active extensions, or update the main application version to ensure compatibility with modern web standards.",Software Applications & Browsers,Browser Configurations & Security,CORE 2,,OPERATING SYSTEMS,6/7/2026 0:00:00
Browsers: Clearing data,"The maintenance process of purging cached internet files, active user site tracking cookies, and historical log lists from local storage locations.","Portal sites display stale information layouts, authentication sessions fail to update, or internal storage spaces become unnecessarily filled.","Enter application preference spaces via commands like “Ctrl+Shift+Del”, select the appropriate data categories and time ranges, then click the clear button.",Software Applications & Browsers,Browser Configurations & Security,CORE 2,,OPERATING SYSTEMS,6/7/2026 0:00:00
Browsers: Configuring,"Customizing the operational preferences, security policies, and privacy variables within a web browser application.","Web links fail to open in intended application targets, or internal applications break because security settings are set too restrictively.","Access the software preferences dashboard, adjust privacy sliders, configure cookie management preferences, and verify default application handlers.",Software Applications & Browsers,Browser Configurations & Security,CORE 2,,OPERATING SYSTEMS,6/7/2026 0:00:00
Browsers: Downloading,The programmatic transfer of web browser installation packages from a remote server onto a local storage device.,"Transfers fail to complete, or downloaded executable installers display file corruption errors upon execution.","Verify underlying internet connectivity, use alternative integrated tools like curl via terminal prompts, and ensure sufficient target disk space is available.",Software Applications & Browsers,Browser Configurations & Security,CORE 2,,OPERATING SYSTEMS,6/7/2026 0:00:00
Browsers: Extensions,"Small, modular software add-ons developed to append custom features or capabilities to a web browser's native core interface.","Pages load slowly, web elements break unexpectedly, or unauthorized advertisements appear due to malicious or buggy add-ons.","Open the extensions management window via the menu, toggle off suspicious add-ons one by one to isolate the issue, and remove problematic items.",Software Applications & Browsers,Browser Configurations & Security,CORE 2,,OPERATING SYSTEMS,6/7/2026 0:00:00
Browsers: File signatures,Cryptographic hashes or digital marks embedded within downloadable items to verify the authentic author and ensure the code hasn't been altered.,"Software installation routines block execution with warnings indicating an ""Unknown Publisher"" or ""Corrupted Signature"".","Download the file from the developer's official repository, check file properties to view certificate validity details, and update root validation authority listings.",Software Applications & Browsers,Browser Configurations & Security,CORE 2,,SECURITY,6/7/2026 0:00:00
Browsers: Hashing,The conversion of variable-length web data or files into a fixed-length alphanumeric string to verify data integrity.,Browsers generate security alerts or block background script components because sub-resource integrity hashes do not match the source files.,"Re-upload clean production script copies to the web server, re-calculate file hash strings using terminal utilities like “certutil -hashfile”, and update corresponding HTML (Hypertext Markup Language) tags.",Software Applications & Browsers,Browser Configurations & Security,CORE 2,,SECURITY,6/7/2026 0:00:00
Browsers: Installing,Deploying a new web browser application onto an operating system so it can process web resources.,"Installer displays ""Installation Failed"" errors or stops halfway through setup due to missing OS system dependencies.","Run the installation application with elevated privileges by choosing “Run as administrator”, apply pending system updates, and clear out temporary directory locations.",Software Applications & Browsers,Browser Configurations & Security,CORE 2,,OPERATING SYSTEMS,6/7/2026 0:00:00
Browsers: Malicious code,Hostile programming scripts embedded within web content that exploit web browser software vulnerabilities to run unauthorized code on a user's system.,"Workstations suffer unauthorized file changes, unexpected outbound connections are made, or browser sessions are hijacked.","Close out active application instances immediately, clear localized app-data cache directories, run a full system anti-malware scan, and apply the latest security patches to the browser.",Security Threats & Vulnerabilities,Malware & Malicious Code,CORE 2,,SECURITY,6/7/2026 0:00:00
Browsers: Password managers,"Built-in utilities or third-party add-ons within web browsers that securely store, generate, and auto-fill user authentication credentials.","Login credentials fail to auto-fill on known login pages, or saved credential sets fail to sync across separate user devices.","Verify the auto-fill setting is enabled in the privacy preferences, sign out and back into the primary user profile sync account, and verify the master password isn't locked out.",Identity and Access Management,Browser Configurations & Security,CORE 2,,SECURITY,6/7/2026 0:00:00
Browsers: Plug-ins,"Binary software modules that integrate with web browsers to help render specific interactive content types, such as legacy rich-media formats.","Content blocks appear as missing puzzle pieces, or the browser crashes entirely when loading interactive pages.","Update the specific plug-in to its latest version, verify it is enabled in the application settings, or migrate content to modern web standards like HTML5 if the plug-in is deprecated.",Software Applications & Browsers,Browser Configurations & Security,CORE 2,,OPERATING SYSTEMS,6/7/2026 0:00:00
Browsers: Pop-up blockers,Internal security filters that stop websites from spawning additional automated windows or navigation panels without explicit user interaction.,Crucial secondary business utility tools fail to open when an inline web link option is clicked.,"Look for a blocked notification icon within the address location bar area, click it, and select the option to ""Always allow pop-ups from this site"".",Software Applications & Browsers,Browser Configurations & Security,CORE 2,,SECURITY,6/7/2026 0:00:00
Browsers: Proxies,"Intermediary application settings that route outbound web browser traffic through an internal or external gateway server for filtering, caching, or anonymity.","Browser displays ""Unable to connect to proxy server"" errors or fails to load any external web pages.","Access network settings within browser preferences, verify the proxy IP address configuration and port entries match corporate network specifications, or temporarily toggle off the proxy for direct internet access testing.",Network Infrastructure & Protocols,Browser Configurations & Security,CORE 1,NETWORKING,,6/7/2026 0:00:00
Browsers: Redirection,"An unauthorized modification of web browser behavior where a user is forced away from their intended website destination to a different, often malicious web page.",Typing a familiar web address automatically lands the user on sketchy advertising portals or fake tech support warnings.,"Inspect the system's local hosts file for unauthorized entries, check for rogue DNS (Domain Name System) configurations on the network adapter, and clear out malicious extensions from the browser.",Security Threats & Vulnerabilities,Malware & Malicious Code,CORE 2,,OPERATING SYSTEMS TROUBLESHOOTING,6/7/2026 0:00:00
Browsers: Secure connections,Encryption links established over HTTPS (Hypertext Transfer Protocol Secure) using SSL/TLS (Secure Sockets Layer/Transport Layer Security) protocols to encrypt communications between a browser and a web server.,"Browser blocks access with prominent red warning screens stating ""Your connection is not private"" or displays expired certificate codes.","Check the workstation system clock to ensure the current date and time are accurate, check that the domain name matches the certificate name, or clear the system's SSL state cache.",Software Applications & Browsers,Browser Configurations & Security,CORE 2,,SECURITY,6/7/2026 0:00:00
Browsers: Security,"The overall defensive stance of a web browser achieved by combining update management, sandbox isolation, and secure configuration options to mitigate web-based attacks.","Browsers allow cross-site scripting attacks to execute, or run unsafe downloads without warning.","Enable advanced safe browsing options, restrict third-party tracking cookies, and verify the application is updated to the latest minor version patch.",Software Applications & Browsers,Browser Configurations & Security,CORE 2,,SECURITY,6/7/2026 0:00:00
Browsers: Settings,"The built-in preference console that allows users to customize operational variables like default search tools, homepages, and privacy rules.","The default search engine keeps reverting to an unknown provider, or the homepage changes without user input.","Navigate to the bottom of the advanced preferences screen, locate the reset option, and click “Restore settings to their original defaults” to clear rogue modifications.",Software Applications & Browsers,Browser Configurations & Security,CORE 2,,OPERATING SYSTEMS,6/7/2026 0:00:00
Browsers: Sign-in/data synchronization,"A feature allowing users to log into a profile within a web browser to synchronize bookmarks, history, and settings across multiple devices.","Bookmarks saved on a work laptop fail to appear on a home workstation, or synchronization status indicators display account error states.","Log completely out of the sync account profile inside the browser settings, sign back in using current multi-factor credentials, and ensure sync permissions are toggled on.",Software Applications & Browsers,Browser Configurations & Security,CORE 2,,OPERATING SYSTEMS,6/7/2026 0:00:00
Browsers: Trusted/untrusted web sites,Security zone classifications within a browser or operating system that apply lenient security controls to trusted domains while restricting privileges on untrusted domains.,"Web apps fail to run active scripts because they are flagged as untrusted, or corporate sites are blocked from downloading intranet files.","Open the Internet Properties control panel utility via the command “inetcpl.cpl”, navigate to the “Security” tab, click “Trusted sites”, choose “Sites”, and add the explicit corporate domain address.",Software Applications & Browsers,Browser Configurations & Security,CORE 2,,SECURITY,6/7/2026 0:00:00
Brute-force attacks,An automated password cracking attack method that attempts to guess authentication credentials by sequentially trying every possible combination of characters until the correct one is found.,"System logs fill up with thousands of failed authentication attempts originating from a single IP address over a very brief window of time, accompanied by accounts getting locked out.","Implement stringent account lockout policies after a fixed number of failed attempts, enforce complex multi-character password requirements, and deploy multi-factor authentication across all access gateways.",Security Threats & Vulnerabilities,Security Attacks,CORE 2,,SECURITY,6/7/2026 0:00:00
"BSOD (Blue Screen of Death)/stop errors, troubleshooting",Identifying and resolving critical system-level kernel failures that cause a Windows operating system to stop running completely to prevent hardware or data corruption.,"The system abruptly crashes, displaying a bright blue background screen with a technical stop error code like ""DRIVER_IRQL_NOT_LESS_OR_EQUAL"" before restarting.","Extract and analyze the crash dump files using the WinDbg (Windows Debugging) utility tool, or boot into Safe Mode to roll back recently updated device drivers or hardware components.",Operating Systems & Environments,System Maintenance & Recovery,CORE 2,,OPERATING SYSTEMS TROUBLESHOOTING,6/7/2026 0:00:00
Bus speeds,The operational data transfer frequency of internal motherboard pathways that connect core components like the CPU with system memory and peripheral slots.,"Unstable system performance, random lockups under high processing loads, or peripheral expansion cards falling back to lower performance modes.","Enter the motherboard configuration interface, verify the system clock multipliers match the factory ratings of installed hardware components, or update motherboard chipset drivers to the latest release.",Hardware & System Components,Motherboards & Expansion Slots,CORE 1,HARDWARE,,6/7/2026 0:00:00
"Business practices, documenting","The administrative task of creating and maintaining clear, written records of standard operational procedures, asset tracking data, and corporate compliance guidelines.","Technical support teams handle identical hardware failures inconsistently, asset inventories are inaccurate, and onboarding new staff takes too long due to a lack of training materials.","Create a central knowledge base using enterprise wiki software, draft clear Standard Operating Procedures (SOPs), and enforce structured ticketing workflows to document all network change actions.",Operational Procedures & Safety,Documentation & Best Practices,CORE 2,,OPERATIONAL PROCEDURES,6/7/2026 0:00:00
"BYOD (Bring Your Own Device), policies","A corporate security and administrative framework that defines the rules, support structures, and security controls for employees who use their personal devices to access company resources.","Company data leaks through personal file sharing apps, or unpatched employee smartphones introduce malware onto internal corporate Wi-Fi networks.","Deploy an MDM (Mobile Device Management) agent onto all participating personal endpoints to enforce data isolation containers, mandate storage encryption, and manage selective corporate data wipes.",Security Threats & Vulnerabilities,Security Policies & Compliance,CORE 2,,OPERATIONAL PROCEDURES,6/7/2026 0:00:00
Cable internet connectivity,A high-speed internet access service provided by cable television companies that uses the existing coaxial cable infrastructure to deliver data to the end user.,"Extremely slow data throughput, intermittent connection drops, or a complete loss of internet access indicated by a flashing or offline light on the cable modem.",Ensure the coaxial cable is securely tightened to both the wall outlet and the modem; inspect the cable for physical damage or sharp bends; power cycle the cable modem by unplugging it for 30 seconds to force a re-handshake with the service provider's headend.,Networking Infrastructure,Internet Service Technologies,CORE 1,NETWORKING,,6/7/2026 0:00:00
Cable locks,"Physical security hardware designed to tether portable computing devices (like laptops or monitors) to a permanent, heavy object to prevent theft.","The physical locking mechanism becomes jammed or the key is lost, preventing the user from detaching the device from its secure location.","Apply a small amount of graphite lubricant to the lock cylinder; if the key is lost, use the manufacturer’s lock ID code to order a replacement key or use heavy-duty bolt cutters as a last resort for emergency removal.",Physical Security,Hardware Security,CORE 2,,SECURITY,6/7/2026 0:00:00
Cable modems,A networking device that converts radio frequency signals from a cable television service provider into digital Ethernet signals for local network use.,"The modem fails to synchronize with the provider's signal (indicated by a non-solid status light), or the device remains completely unresponsive even after receiving power.","Verify the coaxial cable connection; check the status lights for a ""DS"" (Downstream) or ""US"" (Upstream) connection fault; perform a factory reset by holding the recessed reset button for 10 seconds.",Networking Hardware,Access Devices,CORE 1,NETWORKING,,6/7/2026 0:00:00
Cabling: Coaxial cabling,"A type of copper cable featuring a central conductor, an insulating layer, a metallic shield (to reduce Electromagnetic Interference, or EMI), and an outer jacket.","Poor signal quality, intermittent packet loss, or ""ghosting"" effects on older analog displays due to a damaged shield or poor grounding.","Use a multimeter to check for continuity in the center conductor and ensure the ""F-connector"" or ""BNC"" (Bayonet Neill-Concelman) connector is crimped correctly without stray wire strands touching the center pin.",Physical Infrastructure,Copper Cabling,CORE 1,HARDWARE,,6/7/2026 0:00:00
Cabling: Crossover cabling,"A specialized Ethernet cable where the transmit and receive wire pairs at one end are swapped to allow direct communication between two similar devices (e.g., switch-to-switch or PC-to-PC) without a hub or switch.","Network interfaces on both connected devices fail to establish a ""Link"" status light, or data transmission does not occur despite the cable being plugged in.","Replace the cable with a standard ""Straight-through"" cable if the connected network interface cards support ""Auto-MDIX"" (Automatic Medium-Dependent Interface Crossover), which detects and corrects the signal automatically.",Physical Infrastructure,Copper Cabling,CORE 1,NETWORKING,,6/7/2026 0:00:00
Cabling: Direct burial cabling,Ruggedized network or power cabling specifically jacketed and shielded to be placed directly into an open trench underground without the need for additional conduit.,"Intermittent signal degradation or complete cable failure caused by moisture intrusion, mechanical damage from soil pressure, or rodent chewing.","Perform a ""TDR"" (Time Domain Reflectometer) test to locate a break in the cable length; if a break is detected, the segment must be excavated and replaced using a waterproof splice kit or an entirely new cable run.",Physical Infrastructure,Copper Cabling,CORE 1,HARDWARE,,6/7/2026 0:00:00
Cabling: DisplayPort cabling,"A digital display interface developed to replace older analog standards, supporting high-resolution video and audio data over a single cable.","Screen flickering, failure to detect an external monitor, or no audio output when using the cable for monitor connectivity.","Ensure the cable is plugged firmly into the ""DP"" (DisplayPort) connector on both devices; swap the cable with a known-good spare to rule out internal wire fatigue; verify that the graphics driver is updated.",Peripherals,Video Interfaces,CORE 1,HARDWARE,,6/7/2026 0:00:00
Cabling: DVI cabling,"A video interface standard (Digital Visual Interface) designed to provide lossless digital video output, often used with older LCD (Liquid Crystal Display) monitors.","Monitor displays a ""No Signal"" message or color tinting (e.g., image appears blue) due to a bent pin in the connector.","Inspect the connector for bent or broken pins; ensure the thumbscrews are tightened securely; if the issue persists, test the monitor with an HDMI (High-Definition Multimedia Interface) or DisplayPort cable.",Peripherals,Video Interfaces,CORE 1,HARDWARE,,6/7/2026 0:00:00
Cabling: EMI,"Electromagnetic Interference is a disturbance generated by an external source that affects an electrical circuit by electromagnetic induction, electrostatic coupling, or conduction.","Unexplained network latency, flickering video displays, or erratic mouse and keyboard behavior in close proximity to power cables or fluorescent lights.","Reroute data cables away from high-voltage power lines, electrical motors, or lights; use shielded cables like ""STP"" (Shielded Twisted Pair) to mitigate the noise.",Physical Infrastructure,Cable Management,CORE 1,HARDWARE,,6/7/2026 0:00:00
Cabling: Fiber optic cabling/connectivity,"Networking cables that transmit data as pulses of light through strands of glass or plastic fiber, providing high-speed, long-distance data transmission immune to EMI.",Total loss of connectivity over long distances or significantly degraded performance due to physical cracks in the glass or dirty connectors.,"Use a fiber optic inspection scope to check the connector tips for dust or oils; clean them with a lint-free wipe and specialized fiber-cleaning solvent; use a ""Visual Fault Locator"" to check for light leakage indicating a break.",Networking,Fiber Optic Cabling,CORE 1,NETWORKING,,6/7/2026 0:00:00
Cabling: HDMI cabling,A proprietary audio/video interface for transmitting uncompressed video data and compressed or uncompressed digital audio data from an HDMI-compliant source device.,"Image cutting out (black screen), lack of high-resolution support, or handshake failure between the computer and the display.","Try a different HDMI port on the monitor; update the system firmware; test with a ""Certified Premium"" HDMI cable if high-bandwidth features like 4K resolution at high refresh rates are failing.",Peripherals,Video Interfaces,CORE 1,HARDWARE,,6/7/2026 0:00:00
Cabling: IDE cabling,Integrated Drive Electronics is a legacy parallel interface standard used to connect storage devices like hard drives and optical drives to the motherboard.,System fails to boot from the hard drive or the BIOS (Basic Input/Output System) does not detect the drive during startup.,"Verify the ""Master/Slave"" jumper settings on the back of the drive are correct; ensure the ribbon cable is firmly seated; replace the wide ribbon cable with a spare.",Hardware,Storage Interfaces,CORE 1,HARDWARE,,6/7/2026 0:00:00
Cabling: Lightning ports/connectors,"A proprietary computer bus and power connector developed by Apple to connect mobile devices like iPhones and iPads to host computers, chargers, and external monitors.",Device fails to charge or does not connect to the computer for data synchronization.,Check the port on the mobile device for lint or debris and carefully remove it with a non-conductive toothpick; test with an Apple-certified MFi (Made for iPhone/iPad) cable.,Peripherals,Mobile Interfaces,CORE 1,HARDWARE,,6/7/2026 0:00:00
Cabling: Managing,"The process of organizing and securing cables to improve airflow, prevent trip hazards, and make future troubleshooting easier.","Airflow blockage leading to overheating, cables getting snagged in case fans, or difficulty identifying which cable connects to which device.","Use cable ties, Velcro straps, or cable management sleeves to bundle cables together; route cables behind motherboard trays; label both ends of every cable.",Operational Procedures,Infrastructure Management,CORE 2,,OPERATIONAL PROCEDURES,6/7/2026 0:00:00
Cabling: Multimode cabling,"A type of fiber optic cable designed to carry multiple light rays (modes) simultaneously, typically used for short-distance communication within a building.",Signal loss over long distances (beyond the typical 500-meter range) or excessive dispersion causing bit errors.,"Verify that the cable type (e.g., OM3 or OM4) matches the transceivers being used; if the distance is too long, convert to ""Single-mode"" cabling or use a signal repeater.",Networking,Fiber Optic Cabling,CORE 1,NETWORKING,,6/7/2026 0:00:00
Cabling: Patch panels,"A passive hardware device with many ports that organizes and manages incoming and outgoing local area network (LAN) cables, acting as a static switchboard.","Connectivity issues originating at the wall jack, where testing the wall jack reveals no signal but the switch port is active.","Use a ""Punch-down tool"" to reseat wires on the back of the panel; test the connection between the panel and the switch with a known-good patch cable; replace the individual RJ45 (Registered Jack 45) jack insert if faulty.",Networking,Infrastructure,CORE 1,NETWORKING,,6/7/2026 0:00:00
Cabling: Plenum-rated cabling,"Cable jacket material designed to be fire-resistant and produce minimal smoke, mandatory for use in ""Plenum"" spaces (the open space above drop ceilings or below raised floors used for HVAC air circulation).",Potential building code violation; failure to meet safety requirements if non-plenum cable is used in hazardous airflow areas.,"Identify the cable jacket markings; if it does not say ""Plenum"" or ""CMP"" (Communications Multipurpose cable, Plenum), it must be removed and replaced with properly rated cabling to comply with safety regulations.",Physical Infrastructure,Copper Cabling,CORE 1,HARDWARE,,6/7/2026 0:00:00
Cabling: RG-6 cabling,"A specific standard of coaxial cable often used for cable TV and high-speed internet because it has a thicker conductor and better shielding than its predecessor, ""RG-59"".","Weak internet signal, pixelation in video streams, or intermittent internet dropouts.","Inspect the entire run for tight kinks; ensure the connectors are ""Compression"" style rather than ""Crimp"" style for a secure, moisture-resistant connection.",Physical Infrastructure,Copper Cabling,CORE 1,HARDWARE,,6/7/2026 0:00:00
Cabling: SATA cabling,Serial Advanced Technology Attachment is the standard interface for connecting modern storage devices like hard drives and SSDs (Solid-State Drives) to the motherboard.,"Drive not detected, read/write errors, or system hanging during large file transfers.","Replace the data cable; check the power cable connection; ensure the SATA controller mode is set correctly (e.g., AHCI or IDE) in the BIOS.",Hardware,Storage Interfaces,CORE 1,HARDWARE,,6/7/2026 0:00:00
Cabling: SC,Subscriber Connector is a fiber optic cable connector that uses a push-pull latching mechanism for quick insertion and removal.,"Loose connection or difficulty in properly seating the connector, resulting in intermittent link loss.",Ensure the connector clicks into place; inspect the connector for damaged latches; clean the fiber face with a specialized wipe.,Networking,Fiber Optic Cabling,CORE 1,NETWORKING,,6/7/2026 0:00:00
Cabling: SCSI cabling,"Small Computer System Interface is a set of standards for physically connecting and transferring data between computers and peripheral devices, historically common in high-end workstations and servers.",Peripheral devices (like tape drives) not recognized; termination errors (if the chain is not properly terminated).,"Ensure the ""Terminator"" is installed at the end of the daisy-chain; verify the ""SCSI ID"" is unique for every device on the bus; replace the specialized high-density cable.",Hardware,Storage Interfaces,CORE 1,HARDWARE,,6/7/2026 0:00:00
Cabling: Serial cabling,"A cable used for transmitting data one bit at a time over a communication channel, often used for connecting console ports on network devices.","Failure to connect to a switch or router console; scrambled or ""garbage"" text in the terminal window.","Verify the ""Baud rate"" settings (usually 9600) match the device configuration; test the cable with a null-modem adapter if the connection is failing.",Hardware,Legacy Interfaces,CORE 1,HARDWARE,,6/7/2026 0:00:00
Cabling: Signal attenuation,"The gradual loss of signal intensity as it travels through a medium, typically caused by distance, poor cable quality, or external interference.","Slower network speeds as cable length increases, or total loss of signal on cable runs exceeding the maximum specified length.",Use a signal repeater or switch to boost the signal; ensure cable runs do not exceed the standard 100-meter limit for UTP (Unshielded Twisted Pair) copper cabling.,Networking,Copper Cabling,CORE 1,NETWORKING,,6/7/2026 0:00:00
Cabling: Single-mode cabling,"Fiber optic cable with a small core designed to carry a single ray of light (mode), allowing for extremely high speeds over very long distances.",Link failure on very long-range connections; mismatched transceiver types.,Ensure the fiber type is compatible with the transceiver; check for signal loss using a power meter; re-terminate the fiber if light intensity is too low.,Networking,Fiber Optic Cabling,CORE 1,NETWORKING,,6/7/2026 0:00:00
Cabling: ST connectors,"Straight Tip is a fiber optic connector that uses a bayonet-style locking mechanism, similar to a BNC connector.","Fiber connection not locking, or loose alignment leading to high insertion loss.",Twist the bayonet locking ring firmly until it clicks into the locked position; inspect the spring-loaded ferrule to ensure it moves freely.,Networking,Fiber Optic Cabling,CORE 1,NETWORKING,,6/7/2026 0:00:00
Cabling: STP cabling,Shielded Twisted Pair is a type of copper cabling that includes a foil or braided shield to reduce crosstalk and EMI.,Signal degradation or connectivity issues caused by an improperly grounded shield.,Ensure the RJ45 connector is a shielded version and that the shield drain wire is properly connected to the ground of the network device or patch panel.,Physical Infrastructure,Copper Cabling,CORE 1,HARDWARE,,6/7/2026 0:00:00
Cabling: Straight-through cabling,"A standard Ethernet cable where the pins at one end match the pins at the other end (e.g., Pin 1 to Pin 1), used to connect different types of devices.",Devices fail to communicate when connecting a computer to a switch.,Confirm the wiring standard used (T568A or T568B) is consistent on both ends; test the cable with a continuity tester for breaks or short circuits.,Physical Infrastructure,Copper Cabling,CORE 1,NETWORKING,,6/7/2026 0:00:00
Cabling: SVGA cabling,"Super Video Graphics Array is an extension of the VGA standard, providing higher resolutions and more colors for analog monitors.","Blurry images or incorrect colors (like a missing red, green, or blue channel).","Ensure the 15-pin connector is fully seated; replace the cable if pins are bent; if the color is missing, inspect the cable for damage.",Peripherals,Video Interfaces,CORE 1,HARDWARE,,6/7/2026 0:00:00
Cabling: Thunderbolt cabling,"A hardware interface that allows for the connection of external peripherals to a computer, combining PCI Express (PCIe) and DisplayPort into a single connection.","External drives or monitors not recognized; ""Device not supported"" messages.","Ensure the cable is ""Thunderbolt"" certified (look for the lightning bolt icon); update the motherboard's Thunderbolt firmware/drivers.",Peripherals,High-Speed Data Interfaces,CORE 1,HARDWARE,,6/7/2026 0:00:00
Cabling: Tools,"Specialized instruments for cable installation, including wire strippers, punch-down tools, cable testers, and crimpers.","Poor terminations, intermittent network connectivity, or damage to cable wires.",Calibrate tools regularly; ensure the crimper is correct for the specific RJ45 or RJ11 connector; use a cable tester to verify every wire pair in the cable has a solid connection.,Operational Procedures,Maintenance Tools,CORE 1,HARDWARE,,6/7/2026 0:00:00
Cabling: Twisted pair cabling,A type of copper cabling where pairs of insulated wires are twisted together to cancel out EMI from external sources and crosstalk from neighboring pairs.,"Data corruption, slow speeds, or intermittent drops.","Verify the cable category (Cat5e, Cat6, etc.) meets the network speed requirements; ensure the twists are maintained as close to the termination point as possible.",Physical Infrastructure,Copper Cabling,CORE 1,HARDWARE,,6/7/2026 0:00:00
Cabling: UTP cabling,"Unshielded Twisted Pair is the most common copper network cable, containing no shielding, making it flexible but susceptible to EMI.","Excessive packet errors in environments with high EMI (e.g., near heavy electrical equipment).","If EMI is present, replace with shielded cable (STP) or reroute the cable away from the source of the interference.",Physical Infrastructure,Copper Cabling,CORE 1,HARDWARE,,6/7/2026 0:00:00
Cabling: VGA cabling,"Video Graphics Array is a legacy 15-pin analog video interface, widely used for monitors and projectors before the prevalence of digital standards.","Distorted image, lack of signal, or color inaccuracies.","Ensure the pins are not bent; tighten the mounting screws; if the image quality is poor, use a shorter cable or an active VGA signal booster.",Peripherals,Video Interfaces,CORE 1,HARDWARE,,6/7/2026 0:00:00
Cabling: Video cabling,"The broad category of cables used to transmit video signals, including VGA, DVI, HDMI, DisplayPort, and Thunderbolt.","No video, incorrect resolution, or image tearing.",Test with a different cable; confirm the display resolution settings match the monitor capabilities; update graphics card drivers.,Peripherals,Video Interfaces,CORE 1,HARDWARE,,6/7/2026 0:00:00
Cache memory,"A small, extremely fast type of volatile memory (SRAM) located on or near the CPU that stores frequently accessed data to minimize the time the processor spends waiting for data from slower main RAM.","System performance degrades significantly; application crashes or ""blue screen"" errors occurring during high CPU usage.","Run a CPU diagnostic utility to test for cache errors; ensure the CPU cooling system is functioning correctly, as excessive heat can lead to cache corruption.",Hardware,CPU Components,CORE 1,HARDWARE,,6/7/2026 0:00:00
Capture cards,"Hardware devices that convert video signals (from gaming consoles, cameras, or other PCs) into digital data, allowing the computer to record or stream the content.","No video input in streaming software, or significant audio-video desync.",Check the physical PCIe (Peripheral Component Interconnect Express) slot connection; verify that the capture software has the correct input resolution settings; update capture card drivers.,Peripherals,Multimedia Hardware,CORE 1,HARDWARE,,6/7/2026 0:00:00
Car synchronization,"The process of connecting a mobile device to a vehicle's entertainment system, typically via Bluetooth or wired interfaces like Android Auto or Apple CarPlay.","Phone fails to pair with the car, media audio does not play, or navigation maps do not appear on the dashboard.","Delete the phone profile from the car's system and the car profile from the phone, then perform a fresh pairing; ensure the OS of the mobile device is updated.",Mobile Devices,Integration,CORE 2,,OPERATING SYSTEMS,6/7/2026 0:00:00
Case connectors,"The small, individual wires that connect the front panel of the computer case (power button, reset button, activity LEDs) to the motherboard headers.","The power button does nothing when pressed, or the HDD (Hard Disk Drive) activity light never turns on.",Consult the motherboard manual for the exact pinout diagram; ensure each small connector is seated on the correct corresponding pin header; check for loose connections.,Hardware,Motherboard Components,CORE 1,HARDWARE,,6/7/2026 0:00:00
Case fans,Cooling fans mounted in the computer chassis to promote airflow and prevent heat buildup around internal components.,"Loud grinding noise, fans not spinning, or system shutting down due to thermal protection.",Clean dust from fan blades; verify the fan header is plugged into the motherboard; replace the fan if it is making grinding noises due to bearing failure.,Hardware,Cooling Systems,CORE 1,HARDWARE,,6/7/2026 0:00:00
Cat command,Concatenate is a standard Unix/Linux command used to display the contents of a file directly to the terminal screen.,"Command returns ""Permission denied"" or ""No such file or directory"".",Ensure you have read permissions on the file; double-check the file path and file name; use the “sudo” prefix if elevated access is required to view the file.,Operating Systems,Linux CLI (Command Line Interface),CORE 2,,OPERATING SYSTEMS,6/7/2026 0:00:00
CD drives,Compact Disc drives are optical storage devices that use a laser to read from or write data to a standard 700MB (Megabyte) optical disc.,"Drive fails to open, discs not recognized, or read errors during data access.",Clean the optical lens with a specialized disc cleaning kit; verify that the SATA or IDE power and data cables are securely connected; ensure the device driver is installed in the OS.,Hardware,Storage Devices,CORE 1,HARDWARE,,6/7/2026 0:00:00
Cd command (Linux/Windows),"The ""Change Directory"" command used in the CLI to navigate between different file system folders.","Returns ""Path not found"" or ""Access denied"" errors.",Verify the folder name spelling and path structure; ensure you are not trying to navigate into a system-protected folder without necessary permissions.,Operating Systems,CLI Utilities,CORE 2,,OPERATING SYSTEMS,6/7/2026 0:00:00
Cellular networks/connectivity,"A wireless network where the land area is divided into cells, each served by at least one fixed-location transceiver, known as a cell site or base station.","Dropped calls, slow data speeds, or inability to connect to the cellular provider's network.","Check for ""Airplane Mode"" status; update the PRL (Preferred Roaming List); toggle cellular radio off and on; ensure the SIM (Subscriber Identity Module) card is seated correctly.",Mobile Devices,Wireless Networking,CORE 1,NETWORKING,,6/7/2026 0:00:00
Certificate Manager,"A Windows utility used to manage user, computer, and service certificates for SSL/TLS (Secure Sockets Layer/Transport Layer Security) encryption and secure communications.","Browser showing ""Connection not secure"" or invalid certificate errors for trusted sites.",Use 'certmgr.msc' to verify that the root CA (Certificate Authority) certificate is listed in the 'Trusted Root Certification Authorities' folder; delete or renew expired certificates.,Security,Cryptography,CORE 2,,SECURITY,6/7/2026 0:00:00
"Certificates, troubleshooting","The process of identifying and fixing issues related to digital certificates that verify the identity of a website, person, or device.","Web browsers displaying certificate warnings, or VPN (Virtual Private Network) connections failing to authenticate.",Verify the system date and time are accurate (crucial for certificate validity); check if the certificate has expired; ensure the certificate chain of trust is correctly installed.,Security,Cryptography,CORE 2,,SECURITY,6/7/2026 0:00:00
Chains of custody,"A chronological documentation or paper trail that records the sequence of custody, control, transfer, analysis, and disposition of physical or electronic evidence.",Evidence being ruled inadmissible in a court of law due to gaps in documentation or unknown handlers of the data.,"Maintain rigorous logs from the moment evidence is collected; document every person who touches the evidence, the time of transfer, and the physical location where it is stored.",Operational Procedures,Forensics & Documentation,CORE 2,,OPERATIONAL PROCEDURES,6/7/2026 0:00:00
Change management,"A structured approach to transitioning individuals, teams, and organizations from a current state to a desired future state to ensure changes are implemented safely.","System outages following an update, or confusion among users when business processes change without warning.","Follow the formal change process: document the requested change, perform risk analysis, create a ""Rollback plan"", obtain approval from the change board, and communicate with stakeholders.",Operational Procedures,Professional Best Practices,CORE 2,,OPERATIONAL PROCEDURES,6/7/2026 0:00:00
Changing: Default passwords,"Replacing the factory-set credentials (e.g., admin/password) on network or IoT (Internet of Things) devices with strong, unique passwords.",Unauthorized access to network devices or the device being compromised by automated botnets scanning for known default credentials.,"Immediately access the device configuration interface after installation; navigate to the security or account settings; assign a complex, unique password; document it in a secure password manager.",Security,Access Control,CORE 2,,SECURITY,6/7/2026 0:00:00
Changing: SSID,"Modifying the Service Set Identifier (the broadcasted name of a wireless network) to something other than the manufacturer default (e.g., ""Linksys"" or ""Netgear"").",Network being easily targeted by attackers who know the default security vulnerabilities of common router brands.,"Access the wireless router's administrative page; find the Wireless/WLAN (Wireless Local Area Network) settings; update the SSID to a unique, non-identifying name.",Networking,Wireless Security,CORE 2,,SECURITY,6/7/2026 0:00:00
Channel bonding,"A technique used in 802.11 standards to increase data throughput by combining multiple wireless channels into a single, wider channel.","Intermittent performance degradation in congested environments, as bonded channels are more susceptible to radio frequency interference.","Check the router/AP (Access Point) settings; if interference is high, switch from bonded channels to a single channel to increase stability.",Networking,Wireless Networking,CORE 1,NETWORKING,,6/7/2026 0:00:00
"Cheat sheets, exam preparation","Concise study aids containing high-density information like ports, cable standards, and command-line syntax for quick review.",Overwhelmed during study sessions; difficulty memorizing broad tables of specifications.,Create custom cheat sheets by summarizing the most difficult topics; use these as the final review tool to consolidate memory before the exam.,Professional Best Practices,Certification Preparation,CORE 1 & 2,ALL,ALL,6/7/2026 0:00:00
"Checklists, user",Standardized lists of tasks and verification steps that end-users follow to complete processes or troubleshoot minor issues.,"High help-desk ticket volume for simple, repetitive problems that could be resolved by the user.","Develop clear, visual checklists for common tasks; distribute them via email, internal intranet pages, or physical laminated cards near the hardware.",Operational Procedures,Documentation,CORE 2,,OPERATIONAL PROCEDURES,6/7/2026 0:00:00
Chipsets,"A set of electronic components on the motherboard that manages data flow between the CPU, RAM, storage, and other peripherals.","System instability, inability to use high-speed I/O (Input/Output) ports, or failure to recognize hardware components.",Check the manufacturer website for the latest chipset drivers; ensure the motherboard firmware (BIOS/UEFI) is current.,Hardware,Motherboard Components,CORE 1,HARDWARE,,6/7/2026 0:00:00
Chkdsk command,"The ""Check Disk"" command is a Windows utility used to verify the file system integrity of a volume and fix logical file system errors.","Windows reporting disk corruption, slow file access, or ""Bad sectors"" warnings.",Run “chkdsk C: /f /r” from an elevated Command Prompt to fix file system errors and attempt to recover data from bad sectors.,Operating Systems,System Maintenance,CORE 2,,OPERATING SYSTEMS TROUBLESHOOTING,6/7/2026 0:00:00
Chmod command,Change Mode is a Linux command used to change the file system mode (permissions) of a file or directory.,Permission denied when trying to execute or modify a file.,Use “chmod +x filename” to make a script executable or “chmod 755 filename” to set appropriate read/write/execute permissions.,Operating Systems,Linux CLI,CORE 2,,OPERATING SYSTEMS,6/7/2026 0:00:00
Chown command,Change Owner is a Linux command used to change the user and/or group ownership of a file or directory.,Inability to manage or edit files even if permissions seem correct; files owned by the wrong user account.,Use “chown username:groupname filename” to assign the correct owner and group to the file.,Operating Systems,Linux CLI,CORE 2,,OPERATING SYSTEMS,6/7/2026 0:00:00
Cd command: Linux,"A shell command used to change the current working directory in a Linux environment, which is the base Operating System (OS) for many servers and embedded devices.",Receiving 'bash: cd: [directory]: No such file or directory' or 'Permission denied' when attempting to navigate to a specific file path.,"Verify the directory name exists using the 'ls' (list) command, ensure the user has execute permissions for the target directory, or provide the full path starting from the root directory ('/').",Operating Systems,Command Line Interface (CLI),CORE 2,,OPERATING SYSTEMS,6/7/2026 0:00:00
Cd command: Windows 10,A built-in command prompt utility that allows users to navigate between folders and drives within the Windows file system.,Encountering 'The system cannot find the path specified' or being unable to switch drives without using the '/d' switch.,Use the 'cd /d [drive:][path]' command to switch both the drive and the folder simultaneously; ensure the path is correctly typed and does not exceed maximum character limits.,Operating Systems,Command Line Interface (CLI),CORE 2,,OPERATING SYSTEMS,6/7/2026 0:00:00
Chrome OS,"A lightweight, cloud-centric Operating System (OS) based on the Linux kernel, designed primarily for web-based applications and thin-client computing.","Browser freezing, inability to connect to Google services, or failure to update the firmware/OS version.","Perform a Powerwash (factory reset) via settings, check network connectivity, or verify updates by navigating to 'Settings > About ChromeOS > Check for updates.'",Operating Systems,Specialized Operating Systems,CORE 2,,OPERATING SYSTEMS,6/7/2026 0:00:00
Chrome OS: Downloading,"The process of retrieving files or applications from the internet onto a Chrome OS device, often managed through the Chrome Web Store or Google Play Store.","Download failures, corrupted file errors, or 'insufficient storage' warnings.","Clear the browser cache, ensure adequate local storage space, or check for restricted network settings or firewall rules preventing external downloads.",Operating Systems,Application Management,CORE 2,,OPERATING SYSTEMS,6/7/2026 0:00:00
Chrome OS: Settings,"The centralized control panel in Chrome OS for configuring network connections, display, privacy, and account preferences.",Inability to change system configurations or the settings menu failing to launch when requested.,"Attempt a hard restart of the hardware, clear the browser cache, or perform a factory reset if the settings interface remains unresponsive.",Operating Systems,System Configuration,CORE 2,,OPERATING SYSTEMS,6/7/2026 0:00:00
Chromium: Downloading,The process of downloading the open-source browser project that serves as the foundation for Google Chrome and other web browsers.,"Software incompatibility, installation errors, or incomplete file downloads.","Verify the source URL is legitimate, ensure the local system meets all dependencies, and use the 'sudo apt install' command on Linux-based distributions to resolve package requirements.",Operating Systems,Software Installation,CORE 2,,OPERATING SYSTEMS,6/7/2026 0:00:00
CIA triad,"A foundational model for Information Security (InfoSec) consisting of three pillars: Confidentiality (data is private), Integrity (data is accurate/unaltered), and Availability (systems are accessible).","Data breaches (Confidentiality loss), unauthorized data modification (Integrity loss), or system downtime (Availability loss).","Conduct a risk assessment: use encryption for confidentiality, implement hashing/checksums for integrity, and establish redundant hardware/failover systems for availability.",Network Security & Access Control,Security Principles,CORE 2,,SECURITY,6/7/2026 0:00:00
CIDR (Classless Inter-Domain Routing),An IP (Internet Protocol) addressing scheme that improves the efficiency of address distribution by replacing fixed-length classful network architecture with Variable-Length Subnet Masks (VLSM).,"IP address conflicts, inability to communicate between subnets, or gateway routing errors.","Audit the network configuration to ensure the correct subnet mask is applied, and verify that the router is correctly configured to interpret CIDR notation (e.g., '/24').",Network & Hardware,Networking,CORE 1,NETWORKING,,6/7/2026 0:00:00
CIFS (Common Internet File System) protocol,"A dialect of the Server Message Block (SMB) protocol used for file sharing between networked computers, primarily in Windows environments.","Inability to map network drives, 'Access Denied' errors when opening shared files, or slow file transfer speeds.","Verify the service is running, ensure the firewall allows traffic on port 445, and check user permissions on the shared folder.",Network & Hardware,Networking Protocols,CORE 1,NETWORKING,,6/7/2026 0:00:00
Classful IP addresses,"A historical method of IP (Internet Protocol) addressing that divides the IP address space into five distinct classes (A, B, C, D, and E) based on the first octet.",Address exhaustion or inefficient use of IP address ranges in modern networks.,Transition the network to CIDR (Classless Inter-Domain Routing)-based addressing to improve scalability and IP allocation efficiency.,Network & Hardware,Networking,CORE 1,NETWORKING,,6/7/2026 0:00:00
Classless IP addresses,"IP (Internet Protocol) addresses that do not follow traditional classful boundaries, allowing for flexible subnet masking.",Routing loops or network configuration errors caused by mismatched subnet masks.,Standardize the subnet mask across all devices in the network segment and confirm the router configuration matches the intended network topology.,Network & Hardware,Networking,CORE 1,NETWORKING,,6/7/2026 0:00:00
Clean OS installations,"An installation of an Operating System (OS) performed on a formatted drive, removing all previous data and settings to ensure a fresh, error-free environment.","Persistent system instability, malware infections that cannot be removed, or OS corruption.","Back up critical data, boot from installation media (USB/DVD), reformat the target partition, and proceed with the OS installation.",Operating Systems,System Recovery,CORE 2,,OPERATING SYSTEMS,6/7/2026 0:00:00
Cleaning up disks,"The process of removing temporary, redundant, or unnecessary files to regain storage space and improve system performance.","Disk full' errors, slow system response, or inability to install updates.","Run the 'cleanmgr' (Disk Cleanup) tool in Windows, empty the Recycle Bin, uninstall unused applications, and clear temporary system/browser files.",Operating Systems,Disk Management,CORE 2,,OPERATING SYSTEMS,6/7/2026 0:00:00
Clearing: Browsing data,"The action of deleting cached web pages, cookies, history, and stored form information from a web browser.","Web pages loading old content, login errors, or browser performance degradation.","Access browser settings (usually by pressing 'Ctrl + Shift + Delete'), select the desired time range, check 'Cookies and other site data' and 'Cached images and files,' then click 'Clear data.'",Operating Systems,Web Browsers,CORE 2,,OPERATING SYSTEMS,6/7/2026 0:00:00
Clearing: Drives,The secure deletion of all data on a storage drive (Hard Disk Drive or Solid State Drive) to prepare it for reuse or disposal.,Data privacy risks or 'file system error' messages after a failed wipe.,"Use specialized disk-wiping software (such as 'diskpart' with the 'clean all' command) to overwrite drive sectors, ensuring data is irrecoverable.",Network Security & Access Control,Data Sanitization,CORE 2,,SECURITY,6/7/2026 0:00:00
Clock rates,The frequency (measured in Megahertz [MHz] or Gigahertz [GHz]) at which a processor or component executes internal operations.,"System instability, random reboots, or 'CPU overheat' warnings if the clock rate exceeds Thermal Design Power (TDP).",Enter the BIOS (Basic Input/Output System) or UEFI (Unified Extensible Firmware Interface) and reset the frequency to factory defaults; ensure adequate cooling.,Hardware,Motherboard & CPU,CORE 1,HARDWARE,,6/7/2026 0:00:00
Clock rates: Internal clock speeds,"The frequency at which the CPU's (Central Processing Unit) internal components operate, independent of the external system bus.",System hanging or BSOD (Blue Screen of Death) when under high load.,Adjust the CPU multiplier in the BIOS/UEFI to lower the internal clock speed to stable levels.,Hardware,Motherboard & CPU,CORE 1,HARDWARE,,6/7/2026 0:00:00
Clock rates: Motherboard bus speeds,"The speed at which the motherboard transfers data between the CPU (Central Processing Unit), RAM (Random Access Memory), and other components.",Memory errors or peripheral connection failures.,Verify RAM compatibility with the motherboard bus speed; update BIOS to resolve synchronization issues.,Hardware,Motherboard & CPU,CORE 1,HARDWARE,,6/7/2026 0:00:00
Closed source software,Software where the source code is proprietary and not accessible to the public or the user.,Inability to customize features or difficulty in troubleshooting deep-level bugs.,"Rely on official patches and support documentation from the vendor, or contact the manufacturer's technical support.",Operating Systems,Software Licensing,CORE 2,,OPERATING SYSTEMS,6/7/2026 0:00:00
Cloud computing,"The on-demand delivery of IT (Information Technology) resources (servers, storage, databases, networking, software) over the internet.","Service timeouts, connection latency, or inability to access hosted resources.","Verify local internet connectivity, check the cloud provider's status dashboard, and confirm authentication credentials.",Cloud & Virtualization,Cloud Services,CORE 1,CLOUD & VIRTUALIZATION,,6/7/2026 0:00:00
Cloud computing: Benefits of,"The advantages of using cloud infrastructure, including scalability, cost-efficiency, and accessibility.",Underutilization of on-premises hardware or high maintenance overhead.,Analyze current workloads to determine if moving to a cloud service model (like IaaS or SaaS) will resolve performance bottlenecks.,Cloud & Virtualization,Cloud Services,CORE 1,CLOUD & VIRTUALIZATION,,6/7/2026 0:00:00
Cloud computing: Characteristics of,"The defining traits of cloud computing, typically including on-demand self-service, broad network access, and resource pooling.",Incompatibility with traditional localized workflows.,Audit the organizational requirements against the NIST (National Institute of Standards and Technology) cloud characteristics to ensure the chosen cloud model is appropriate.,Cloud & Virtualization,Cloud Services,CORE 1,CLOUD & VIRTUALIZATION,,6/7/2026 0:00:00
Cloud computing: Community clouds,"A cloud infrastructure shared by several organizations with common concerns (e.g., security, compliance, jurisdiction).",Difficulty in managing access permissions across the member organizations.,Review the inter-organizational Service-Level Agreement (SLA) and ensure identity management is correctly synchronized.,Cloud & Virtualization,Cloud Models,CORE 1,CLOUD & VIRTUALIZATION,,6/7/2026 0:00:00
Cloud computing: Desktop virtualization,"A technology that separates the desktop environment from the physical device, allowing access via a Virtual Machine (VM).","Latency in input/output, poor display quality, or 'server unreachable' messages.","Check network bandwidth, ensure the thin-client software is updated, and verify the health of the host virtualization server.",Cloud & Virtualization,Virtualization,CORE 1,CLOUD & VIRTUALIZATION,,6/7/2026 0:00:00
"Cloud computing: Files, synchronization",The process of ensuring that files stored in the cloud are consistent with local copies on user devices.,"File version conflicts or sync errors (e.g., 'cannot sync').","Pause and resume the synchronization agent, check for file permission locks, or clear the local sync cache.",Cloud & Virtualization,Cloud Services,CORE 1,CLOUD & VIRTUALIZATION,,6/7/2026 0:00:00
Cloud computing: HA (High Availability),Systems designed to ensure operational continuity by eliminating single points of failure.,Periodic service interruptions or failover failures.,"Verify load balancer configuration, check the health of redundant nodes, and ensure failover protocols are active.",Cloud & Virtualization,Cloud Infrastructure,CORE 1,CLOUD & VIRTUALIZATION,,6/7/2026 0:00:00
Cloud computing: Hybrid clouds,A computing environment that combines public cloud and private cloud/on-premises infrastructure.,Communication failures between private and public components.,Check VPN (Virtual Private Network) or direct connection tunnels and ensure hybrid orchestration settings are properly configured.,Cloud & Virtualization,Cloud Models,CORE 1,CLOUD & VIRTUALIZATION,,6/7/2026 0:00:00
Cloud computing: IaaS (Infrastructure as a Service),"A cloud model that provides virtualized computing resources (servers, network, storage) over the internet.",Inability to access virtual machine instances or storage volume mounting failures.,"Check the provider's API (Application Programming Interface) status, verify security group rules, and ensure the VM is in an 'active' state.",Cloud & Virtualization,Cloud Service Models,CORE 1,CLOUD & VIRTUALIZATION,,6/7/2026 0:00:00
Cloud computing: iCloud,"Apple's proprietary cloud storage and synchronization service for iOS, iPadOS, and macOS devices.","Failed backups, inability to sync data across devices, or 'iCloud storage full' alerts.","Sign out and back into the Apple ID, check internet connectivity, or clear old backups/data to free up space.",Cloud & Virtualization,Cloud Services,CORE 1,CLOUD & VIRTUALIZATION,,6/7/2026 0:00:00
Cloud computing: Measured services,"Cloud services that are monitored and metered, with usage automatically controlled and optimized for transparency.",Unexpected billing spikes or usage reporting discrepancies.,Review usage logs in the cloud provider's portal to identify high-consumption resources or rogue processes.,Cloud & Virtualization,Cloud Characteristics,CORE 1,CLOUD & VIRTUALIZATION,,6/7/2026 0:00:00
Cloud computing: Metered services,"A billing model where the provider charges customers based on their usage of computing resources (e.g., storage capacity or processing time).",Budget overruns or billing alerts.,Implement resource throttling or usage quotas to keep consumption within budget.,Cloud & Virtualization,Cloud Characteristics,CORE 1,CLOUD & VIRTUALIZATION,,6/7/2026 0:00:00
Cloud computing: Metered utilization,The act of tracking the specific amount of cloud resources consumed by a user over a period of time.,Discrepancies between expected usage and actual usage reporting.,Audit the resource tagging and monitoring tools to ensure all instances are being tracked correctly.,Cloud & Virtualization,Cloud Characteristics,CORE 1,CLOUD & VIRTUALIZATION,,6/7/2026 0:00:00
Cloud computing: PaaS (Platform as a Service),"A cloud model providing a platform that allows customers to develop, run, and manage applications without the complexity of building the underlying infrastructure.",Application deployment failures or runtime errors.,"Check application logs, verify environment variable configurations, and ensure the code is compatible with the platform's supported frameworks.",Cloud & Virtualization,Cloud Service Models,CORE 1,CLOUD & VIRTUALIZATION,,6/7/2026 0:00:00
Cloud computing: Private clouds,Cloud infrastructure provisioned for exclusive use by a single organization.,Resource scarcity or hardware failures within the internal data center.,Perform hardware maintenance on the host physical servers and optimize the hypervisor resource allocation.,Cloud & Virtualization,Cloud Models,CORE 1,CLOUD & VIRTUALIZATION,,6/7/2026 0:00:00
Cloud computing: Public clouds,Cloud services offered over the public internet and available to anyone who wants to purchase them.,Network congestion or service provider outages.,Monitor the service provider’s public status page and consider multi-region or multi-provider failover strategies.,Cloud & Virtualization,Cloud Models,CORE 1,CLOUD & VIRTUALIZATION,,6/7/2026 0:00:00
Cloud computing: Rapid elasticity,"The ability to quickly scale cloud computing resources up or down, often automatically, to meet fluctuating demand.",Performance degradation during traffic spikes or wasted costs during low-demand periods.,"Configure auto-scaling rules and thresholds (e.g., CPU utilization targets) to ensure resources are deployed or decommissioned appropriately.",Cloud & Virtualization,Cloud Characteristics,CORE 1,CLOUD & VIRTUALIZATION,,6/7/2026 0:00:00
Cloud computing: SaaS (Software as a Service),A cloud delivery model where software is centrally hosted and accessed via a web browser.,Service login failures or inability to access specific features.,"Clear browser cache, check for service maintenance announcements, or verify the user's subscription permissions.",Cloud & Virtualization,Cloud Service Models,CORE 1,CLOUD & VIRTUALIZATION,,6/7/2026 0:00:00
Cloud computing: Synchronization,The process of keeping data updated and consistent across multiple cloud-connected devices.,Sync conflict' errors or outdated files on one device.,"Check the internet connection on the local device, verify there is enough storage on the destination, and restart the sync client service.",Cloud & Virtualization,Cloud Services,CORE 1,CLOUD & VIRTUALIZATION,,6/7/2026 0:00:00
Cloud computing: VDI (Virtual Desktop Infrastructure),A virtualization technique that hosts desktop Operating Systems (OS) on a centralized server in a data center.,"Slow application performance, pixelated screen, or failed authentication to the virtual desktop.","Ensure the client device has enough processing power to handle the display stream, verify server-side resource availability, and check network latency.",Cloud & Virtualization,Virtualization,CORE 1,CLOUD & VIRTUALIZATION,,6/7/2026 0:00:00
Cmdlets,"Lightweight commands used in the Windows PowerShell environment to perform specific administrative tasks, such as managing system services or manipulating objects.","Receiving 'The term '[cmdlet]' is not recognized as the name of a cmdlet, function, script file, or operable program' when executing a command.","Verify the correct module is imported using the 'Get-Module' command, check the spelling, or ensure the execution policy allows the script to run using 'Set-ExecutionPolicy'.",Operating Systems,Command Line Interface (CLI),CORE 2,,OPERATING SYSTEMS,6/7/2026 0:00:00
Coaxial cabling,"A type of copper transmission cable featuring a central conductor shielded by an insulator, a metallic shield, and an outer jacket, primarily used for cable internet and television signals.","Intermittent connectivity, signal degradation, or 'No Signal' errors on broadband modems or cable boxes.","Inspect the F-connector for physical damage, ensure the connector is fully tightened, and test the cable with a continuity tester to check for breaks in the center conductor.",Network & Hardware,Cabling & Connectors,CORE 1,HARDWARE,,6/7/2026 0:00:00
Collating,"The process of arranging printed pages in a specific sequence (e.g., 1, 2, 3) rather than grouped by page number (e.g., 1, 1, 1) when producing multiple copies of a document.","Pages coming out of the printer in incorrect groupings or incorrect order, particularly when printing large reports.","Access the 'Printer Properties' or 'Printing Preferences' in the OS, ensure the 'Collate' box is checked, and verify that the printer firmware supports the requested job format.",Hardware,Printers,CORE 1,HARDWARE,,6/7/2026 0:00:00
"Collecting data, disabling",A privacy setting within an OS or application that stops the system from harvesting telemetry or usage statistics from the user's device.,"Excessive bandwidth usage, sluggish performance, or concerns regarding data privacy and security logs being sent to the manufacturer.",Navigate to 'Settings > Privacy > Diagnostics & feedback' (or equivalent) and toggle off the 'Send optional diagnostic data' or 'Telemetry' options.,Operating Systems,Security Configuration,CORE 2,,SECURITY,6/7/2026 0:00:00
Color depth,"The number of bits used to represent the color of a single pixel in an image or on a display device, determining the total range of available colors.","Banding in gradients, 'posterized' looking images, or colors appearing pixelated or incorrect on high-resolution displays.","Update the GPU (Graphics Processing Unit) drivers, check the display cable (e.g., HDMI or DisplayPort) for signal limitations, and adjust the bit-depth setting in the OS display properties.",Hardware,Display Devices,CORE 1,HARDWARE,,6/7/2026 0:00:00
Color space,"A specific range of colors (gamut) that can be represented or reproduced by a device, such as sRGB or Adobe RGB, ensuring color consistency across different hardware.","Colors appearing washed out, overly saturated, or mismatched when transferring images between devices (e.g., monitor to printer).","Use a color calibration tool (colorimeter), install the appropriate ICC (International Color Consortium) profiles for the display, or set the monitor to a standard color gamut like sRGB.",Hardware,Display Devices,CORE 1,HARDWARE,,6/7/2026 0:00:00
Command line,A text-based interface used to interact with the OS by typing specific instructions instead of using a Graphical User Interface (GUI).,"Inability to execute scripts, 'Command not found' errors, or the CLI window failing to launch.","Verify system path variables, check for syntax errors, or launch the terminal with administrative privileges ('Run as Administrator').",Operating Systems,Command Line Interface (CLI),CORE 2,,OPERATING SYSTEMS,6/7/2026 0:00:00
Command line: Bash,A Unix shell and command language that is the default command-line interface for most Linux and macOS distributions.,Syntax errors in shell scripts or failure to recognize standard Linux utilities.,"Verify the script starts with the correct shebang line (e.g., '#!/bin/bash'), check file permissions with 'chmod +x', and debug using the 'bash -x' command.",Operating Systems,Command Line Interface (CLI),CORE 2,,OPERATING SYSTEMS,6/7/2026 0:00:00
Command line: Dd command,"A command-line utility used for low-level copying and converting of raw data, often used to create disk images or bootable USB drives.","Data loss, corruption of the target drive, or the operation hanging indefinitely.","Double-check the 'if' (input file) and 'of' (output file) paths before executing, ensure the drive is unmounted, and monitor progress using the 'status=progress' flag.",Operating Systems,Command Line Interface (CLI),CORE 2,,OPERATING SYSTEMS,6/7/2026 0:00:00
Command line: Diskpart command,"A powerful command-line tool in Windows used for advanced disk management, including partitioning, formatting, and volume manipulation.","Inability to create partitions, 'Access Denied' errors, or failure to recognize a new hard drive.","Run the command prompt as an administrator, select the correct disk using 'select disk [number]', and verify that the drive is not write-protected.",Operating Systems,Disk Management,CORE 2,,OPERATING SYSTEMS,6/7/2026 0:00:00
Command line: Format command,"A command-line utility used to initialize a storage volume with a file system, effectively erasing all existing data on that volume.","Drive is not formatted' errors, file system corruption, or inability to access a partition.","Use the 'format' command with caution, ensuring the correct drive letter is specified, and use the '/fs' switch to define the file system (e.g., NTFS or FAT32).",Operating Systems,Disk Management,CORE 2,,OPERATING SYSTEMS,6/7/2026 0:00:00
Command line: JavaScript,"A high-level, interpreted scripting language primarily used for client-side web development, which can also be executed in command-line environments using runtimes like Node.js.","Scripts failing to execute in the CLI or runtime-specific errors (e.g., 'ReferenceError').","Ensure the correct runtime environment is installed, verify the syntax using a linter, and check for missing dependencies in the 'package.json' file.",Operating Systems,Software Development,CORE 2,,OPERATING SYSTEMS,6/7/2026 0:00:00
Command line: Linux,"The command-line environment in Linux, providing direct access to the kernel and administrative tools.","System boot failure to a black screen, unrecognized commands, or shell environment crashes.","Access a TTY (Teletype) session by pressing 'Ctrl + Alt + F3', review system logs in '/var/log', and check for correct shell configuration in '~/.bashrc'.",Operating Systems,Command Line Interface (CLI),CORE 2,,OPERATING SYSTEMS,6/7/2026 0:00:00
"Command line: Nano command, Bash","A basic, terminal-based text editor for Unix-like systems, commonly used to modify configuration files from within the Bash shell.",Failure to save changes to system files or lack of basic editing functionality.,"Ensure you have write permissions (use 'sudo nano [filename]'), and use the correct shortcut keys listed at the bottom of the editor (e.g., 'Ctrl + O' to save, 'Ctrl + X' to exit).",Operating Systems,Command Line Interface (CLI),CORE 2,,OPERATING SYSTEMS,6/7/2026 0:00:00
Command line: Ping command,A network utility used to test the reachability of a host on an IP (Internet Protocol) network by sending ICMP (Internet Control Message Protocol) echo requests.,Request timed out' messages or 'Destination host unreachable' errors.,"Verify physical network connectivity, check local IP settings, and ensure that the firewall is not blocking ICMP traffic.",Network & Hardware,Networking Tools,CORE 1,NETWORKING,,6/7/2026 0:00:00
Command line: PowerShell,"A task-based command-line shell and scripting language built on the .NET framework, designed specifically for system administration and automation.","Scripts failing to execute, unauthorized access errors, or cmdlet errors.","Check the execution policy status with 'Get-ExecutionPolicy', ensure scripts are signed if required, and run the session as an administrator.",Operating Systems,Command Line Interface (CLI),CORE 2,,OPERATING SYSTEMS,6/7/2026 0:00:00
Command line: Python,"An interpreted, high-level programming language widely used for automation, data analysis, and general-purpose scripting.","Command not found' when trying to run a script, or syntax-related runtime errors.","Verify Python is in the system PATH, ensure indentation is correct, and check that necessary libraries are installed using 'pip'.",Operating Systems,Software Development,CORE 2,,OPERATING SYSTEMS,6/7/2026 0:00:00
Command line: Test-connection command,"A PowerShell cmdlet used to test connectivity to a remote computer, similar to the ping command but providing more detailed output.",Connectivity reports failing to return or connection errors being reported.,"Ensure the target device is powered on, verify network routing, and check that the target device permits WMI (Windows Management Instrumentation) or ICMP traffic.",Operating Systems,Command Line Interface (CLI),CORE 2,,OPERATING SYSTEMS,6/7/2026 0:00:00
Command line: Visual Basic Script,"A proprietary scripting language from Microsoft, primarily used for system administration tasks within legacy Windows environments.",Scripts failing to execute or 'Windows Script Host' error dialogs.,"Verify that the script extension is '.vbs', check for syntax errors using a text editor, and ensure the Windows Script Host is enabled in system settings.",Operating Systems,Software Development,CORE 2,,OPERATING SYSTEMS,6/7/2026 0:00:00
Command line: Windows 10,"The native command-line environments available in Windows 10, including the legacy Command Prompt ('cmd') and the more modern PowerShell.","Commands failing to execute, environment variables missing, or CLI windows closing unexpectedly.","Use the Windows search bar to find 'cmd' or 'powershell', right-click, and select 'Run as administrator' to troubleshoot permission-related issues.",Operating Systems,Command Line Interface (CLI),CORE 2,,OPERATING SYSTEMS,6/7/2026 0:00:00
Command line: Windows Terminal,"A modern, multi-tabbed terminal emulator for Windows that supports Command Prompt, PowerShell, and WSL (Windows Subsystem for Linux).","Terminal failing to open, tabs crashing, or missing shell profiles.","Reinstall the application via the Microsoft Store, check the settings file for syntax errors, or reset the application defaults.",Operating Systems,Command Line Interface (CLI),CORE 2,,OPERATING SYSTEMS,6/7/2026 0:00:00
"Command Prompt, Windows RE","The CLI environment available within the Windows RE (Recovery Environment), used to perform emergency troubleshooting when the main OS fails to boot.","System boot loop, BSOD (Blue Screen of Death), or inability to access the desktop environment.","Boot from installation media or trigger recovery by interrupting the boot process three times, then navigate to 'Troubleshoot > Advanced Options > Command Prompt'.",Operating Systems,System Recovery,CORE 2,,OPERATING SYSTEMS,6/7/2026 0:00:00
"Comments, syntax","Lines in a script or code that are ignored by the interpreter or compiler, used for documentation and explaining code logic.",Syntax errors occurring if the comment characters are used incorrectly.,Ensure the syntax for comments matches the language and that they are placed where the parser expects them.,Operating Systems,Software Development,CORE 2,,OPERATING SYSTEMS,6/7/2026 0:00:00
Commercial licenses,"A legal agreement between a software vendor and the end-user, granting the right to use software under specific terms, typically for business or for-profit purposes.","Software locking features, recurring activation prompts, or legal compliance warnings.","Verify the license key, check if the maximum number of activations has been reached, or contact the vendor to renew or purchase additional licenses.",Operating Systems,Software Licensing,CORE 2,,OPERATING SYSTEMS,6/7/2026 0:00:00
Communications,"The exchange of information between devices or individuals, including network protocols, physical medium usage, and professional conduct.","Communication breakdown, lost packets, or professional misconduct.","Follow established protocols for networking issues, and adhere to professional standards when interacting with end-users.",Professionalism,Communication,CORE 1,PROFESSIONALISM,,6/7/2026 0:00:00
Communications: Bluetooth networks,A short-range wireless technology standard used for exchanging data between fixed and mobile devices over short distances.,"Device pairing failure, intermittent connection, or high latency.","Turn Bluetooth off and on, clear pairing history on both devices, and ensure both are within the effective range.",Network & Hardware,Wireless Networking,CORE 1,NETWORKING,,6/7/2026 0:00:00
Communications: NFC,A set of communication protocols that enables two electronic devices to establish communication by bringing them within 4 cm of each other.,Payment failures at terminals or file transfer initiation errors.,"Ensure the NFC antenna is positioned correctly over the reader, verify NFC is enabled in device settings, and check for protective cases that might block the signal.",Network & Hardware,Wireless Networking,CORE 1,NETWORKING,,6/7/2026 0:00:00
Communications: Proper techniques/professionalism,"Adhering to standards of conduct, such as active listening, clarity, and empathy, when performing technical support.","Misunderstanding requirements, user frustration, or escalations due to poor interaction.","Use clear language, avoid technical jargon, document all communications, and follow professional technician behavior.",Professionalism,Soft Skills,CORE 2,,PROFESSIONALISM,6/7/2026 0:00:00
Communications: Wired networks,"Networks that use physical cables, such as Ethernet (twisted pair) or fiber optics, to transfer data.","Link lights off, 'No Network Access' warnings, or slow transfer speeds.","Test the physical cable, check port connectivity on the switch, and verify NIC (Network Interface Card) drivers.",Network & Hardware,Networking,CORE 1,NETWORKING,,6/7/2026 0:00:00
Communications: Wireless networks,Networks that use radio waves (typically 2.4GHz or 5GHz) to transmit data without physical cables.,"Intermittent connectivity, weak signal strength, or inability to associate with an AP (Access Point).","Check for signal interference, update wireless drivers, and verify the correct SSID (Service Set Identifier) and security credentials.",Network & Hardware,Networking,CORE 1,NETWORKING,,6/7/2026 0:00:00
Community clouds,"A cloud infrastructure shared by several organizations with common concerns (e.g., security, compliance, jurisdiction).",Difficulty in managing access permissions or cross-organization communication errors.,Review the SLA (Service Level Agreement) shared between organizations and ensure identity management is correctly synchronized across tenants.,Cloud & Virtualization,Cloud Models,CORE 1,CLOUD & VIRTUALIZATION,,6/7/2026 0:00:00
Compatibility,The ability of different software or hardware components to function together as an integrated system.,"Application crashes, blue screens, or hardware devices not appearing in Device Manager.","Consult the manufacturer’s hardware compatibility list, check for updated drivers, or use compatibility modes.",Operating Systems,Troubleshooting,CORE 1,HARDWARE,,6/7/2026 0:00:00
Compatibility: CPU,"Matching a processor to the appropriate motherboard socket and chipset, ensuring the OS and software support the processor architecture (e.g., x86 vs. x64).","System failing to POST (Power-On Self-Test), or software failing to launch due to unsupported instruction sets.","Check the motherboard’s support list for the specific CPU model, and ensure the BIOS/UEFI firmware is updated.",Hardware,Motherboard & CPU,CORE 1,HARDWARE,,6/7/2026 0:00:00
Compatibility: OS,"The degree to which an OS supports specific software or hardware drivers, often requiring specific versions or architectures.",This application is not compatible with your version of Windows' or missing system components.,"Check the vendor's system requirements, run the application in 'Compatibility Mode,' or upgrade the OS to a supported version.",Operating Systems,System Configuration,CORE 2,,OPERATING SYSTEMS,6/7/2026 0:00:00
Compatibility: Power supplies/PSU,"Ensuring a PSU provides the correct wattage and connectors (e.g., 24-pin ATX, 8-pin EPS) for the motherboard and components.","Sudden system shutdowns, failure to turn on, or components failing to initialize.","Calculate total component wattage, ensure all cables are securely seated, and test voltages with a multimeter.",Hardware,Power,CORE 1,HARDWARE,,6/7/2026 0:00:00
"Compatibility: Program Compatibility, Control Panel",A Windows feature that allows users to run older applications by simulating an older version of the Windows environment.,Legacy software failing to start or displaying error messages during launch.,"Right-click the application icon, select 'Properties > Compatibility,' check 'Run this program in compatibility mode for,' and select the target OS version.",Operating Systems,System Configuration,CORE 2,,OPERATING SYSTEMS,6/7/2026 0:00:00
Compatibility: RAM,"Matching memory modules to the motherboard's supported speed, capacity, and form factor (e.g., DIMM or SODIMM).","System beeping on startup, BSOD, or the OS failing to recognize the full amount of installed memory.",Verify the motherboard manual for memory slot compatibility and ensure modules are seated correctly.,Hardware,RAM,CORE 1,HARDWARE,,6/7/2026 0:00:00
Complexity of passwords,"A security standard requiring passwords to include a mix of uppercase, lowercase, numbers, and symbols to resist brute-force attacks.","Users being unable to log in due to weak passwords, or administrative alerts about policy non-compliance.","Enforce password policies via Group Policy Objects (GPO), and educate users on using passphrases or MFA (Multi-Factor Authentication).",Network Security & Access Control,Security Configuration,CORE 2,,SECURITY,6/7/2026 0:00:00
Compliance policies,"Rules and guidelines set by an organization or regulatory body to ensure systems follow specific security and operational standards (e.g., HIPAA or PCI DSS).","Audit failures, system access being blocked, or security alerts triggered by non-compliant configuration changes.","Review the organization's security policy documentation, use automated configuration management tools to audit settings, and remediate discrepancies.",Network Security & Access Control,Security Configuration,CORE 2,,SECURITY,6/7/2026 0:00:00
Compromised/damaged mobile devices,"Mobile devices that have been physically damaged or infected with malicious software, leading to security and operational risks.","Unexplained reboots, battery drainage, or unauthorized data access.","Back up data, perform a factory reset, and assess physical integrity; replace the device if damage (such as a swollen battery) poses a risk.",Hardware,Mobile Devices,CORE 1,HARDWARE,,6/7/2026 0:00:00
CompTIA A+ certification exams,"A series of exams (Core 1 and Core 2) that validate foundational knowledge in hardware, networking, security, and OS support.",Feeling unprepared or lacking specific knowledge in a tested area.,"Use official exam objectives, practice exams, and hands-on labs to bridge knowledge gaps before sitting for the exam.",Professionalism,Certification,CORE 1 & 2,PROFESSIONALISM,PROFESSIONALISM,6/7/2026 0:00:00
CompTIA A+ certification exams: Cheat sheets,"Summarized study aids containing key facts, acronyms, and procedures used for exam review.",Inability to recall complex protocols or configuration steps during practice.,Create your own personalized study summaries; note that using actual cheat sheets during the official exam is a violation of testing policy.,Professionalism,Certification,CORE 1 & 2,PROFESSIONALISM,PROFESSIONALISM,6/7/2026 0:00:00
CompTIA A+ certification exams: Exam preparation,The structured study process to master the domains covered in the A+ curriculum.,Low scores on practice tests or difficulty applying concepts to scenario-based questions.,"Identify your weakest domain, allocate more study time to it, and utilize hands-on practice (e.g., virtual machines or spare hardware).",Professionalism,Certification,CORE 1 & 2,PROFESSIONALISM,PROFESSIONALISM,6/7/2026 0:00:00
CompTIA A+ certification exams: Post exam/furthering education,"Career development steps taken after earning the A+ certification, such as pursuing Network+ or Security+.",Stagnation in professional growth or lack of direction for the next career step.,"Assess your interests, look at CompTIA’s certification roadmap, and set a goal for your next credential.",Professionalism,Certification,CORE 1 & 2,PROFESSIONALISM,PROFESSIONALISM,6/7/2026 0:00:00
CompTIA A+ certification exams: Taking exams,The logistical and technical process of registering for and sitting for the CompTIA exams.,Technical issues with the online testing platform or inability to manage time during the exam.,"Test your testing environment (if remote), arrive early, read every question carefully, and flag difficult questions to review later.",Professionalism,Certification,CORE 1 & 2,PROFESSIONALISM,PROFESSIONALISM,6/7/2026 0:00:00
CompTIA A+ malware removal procedure,"A standardized seven-step process to identify, isolate, remediate, and prevent malware infections.","Pop-up windows, hijacked browser, system slowdowns, or unexplained network traffic.",Follow the official CompTIA malware removal sequence to ensure the threat is completely eradicated and the system is secured.,Network Security & Access Control,Malware Removal,CORE 2,,SECURITY,6/7/2026 0:00:00
CompTIA A+ malware removal procedure: Disabling System Restore,Turning off the feature that saves restore points to prevent the malware from hiding in them.,Malware reappearing after a reboot.,Navigate to 'System Protection' in the Control Panel and select 'Configure' to turn off System Protection for the infected drives.,Network Security & Access Control,Malware Removal,CORE 2,,SECURITY,6/7/2026 0:00:00
CompTIA A+ malware removal procedure: Educating end users,The step of informing the user about safe browsing habits and security hygiene after the threat is removed.,"Re-infection due to risky behavior (e.g., clicking untrusted links).","Provide training on identifying phishing attempts, using strong passwords, and avoiding suspicious downloads.",Network Security & Access Control,Malware Removal,CORE 2,,SECURITY,6/7/2026 0:00:00
CompTIA A+ malware removal procedure: Enabling System Restore,Re-enabling the system snapshot feature after the threat has been thoroughly removed.,Inability to recover the system to a clean state if a future problem occurs.,"Once the system is clean and scanned, return to 'System Protection' and toggle it back to 'On'.",Network Security & Access Control,Malware Removal,CORE 2,,SECURITY,6/7/2026 0:00:00
CompTIA A+ malware removal procedure: Investigating/verifying malware symptoms,The initial observation phase to confirm the presence and behavior of the malicious software.,"System crashes, redirected searches, or unusual files appearing.","Check task manager for suspicious processes, review browser extensions, and confirm symptoms with the end-user.",Network Security & Access Control,Malware Removal,CORE 2,,SECURITY,6/7/2026 0:00:00
CompTIA A+ malware removal procedure: Overview,"The high-level summary of the malware removal process, which includes identification, containment, eradication, and post-remediation verification.",Ineffective or incomplete cleanups.,Always follow the structured CompTIA methodology to ensure every step is completed accurately.,Network Security & Access Control,Malware Removal,CORE 2,,SECURITY,6/7/2026 0:00:00
CompTIA A+ malware removal procedure: Quarantining infected systems,Isolating the compromised machine from the network to prevent malware from spreading to other nodes.,Malware spreading across the network.,Physically disconnect the network cable or disable the wireless adapter immediately upon identifying the infection.,Network Security & Access Control,Malware Removal,CORE 2,,SECURITY,6/7/2026 0:00:00
CompTIA A+ malware removal procedure: Remediating infected systems,"The act of removing the malicious files, registry keys, and configurations using antivirus or anti-malware software.",Stubborn malware that resists standard removal.,Boot into 'Safe Mode' and use multiple scanning tools to ensure the most thorough cleanup possible.,Network Security & Access Control,Malware Removal,CORE 2,,SECURITY,6/7/2026 0:00:00
CompTIA A+ malware removal procedure: Scheduling system scans,"Configuring the antivirus software to run automated, periodic scans to maintain system health.",New threats being missed because the system hasn't been scanned recently.,Use the antivirus software’s 'Task Scheduler' or built-in scheduling feature to set up daily or weekly full system scans.,Network Security & Access Control,Malware Removal,CORE 2,,SECURITY,6/7/2026 0:00:00