node_id,word,definition,pos_group,cluster,x,y,z,ERROR SYMPTOMS,TROUBLESHOOTING,PRIMARY CATEGORY,SUB CATEGORY,CORE,CORE 1: DOMAIN,CORE 2: DOMAIN
W27,"AC adapters, troubleshooting",,other,0,0.1083929716395576,0.5508744854274558,-0.8275193441873018,"Laptop charging indicator LED remains unlit when plugged in, the battery percentage continuously drains while connected to power, or the physical adapter brick emits an unusual high-pitched buzzing or humming noise.",Inspect the physical cabling for frayed wires or deep cuts; use a digital multimeter to test the DC barrel connector tip for appropriate voltage output against the printed specs on the brick label; swap with a known-good adapter matching identical voltage and equal/higher amperage specifications.,Mobile Devices and Mobile Hardware,Laptop Power Systems,CORE 1,HARDWARE & NETWORK TROUBLESHOOTING,
W77,Adapters: USB-to-Ethernet adapters,,other,0,0.0887351150648348,0.5463972980621028,-0.8328121469004063,"Laptop fails to establish a wired network link when an Ethernet cable is plugged into the adapter, showing a ""Network cable unplugged"" status or an unrecognized device error in Device Manager.",Unplug the adapter and try a different physical USB (Univer port on the machine; check Device Manager to see if the device shows up with a yellow warning triangle; download and install the official hardware drivers from the adapter manufacturer's website.,Mobile Devices and Mobile Hardware,Laptop Accessories and Ports,CORE 1,MOBILE DEVICES,
W117,Antistatic mats,,other,0,0.10461800460540248,0.5667378477072257,-0.8172290285400816,"Mysterious hardware component failures, fried random-access memory (RAM) chips, or system logic boards suffering damage during bench assembly routines without the technician physically feeling any static spark.",Lay out the antistatic workspace surface on the repair bench; attach the ground wire clip firmly to a verified physical grounding point (like a clean metal chassis or outlet ground plug screw); place all components on the mat surface during servicing.,Network Infrastructure and Operational Procedures,Physical Environmental Safety,CORE 2,,OPERATIONAL PROCEDURES
W294,Cable locks,,other,0,0.11072607431873552,0.535960401072033,-0.8369505271810678,"The physical locking mechanism becomes jammed or the key is lost, preventing the user from detaching the device from its secure location.","Apply a small amount of graphite lubricant to the lock cylinder; if the key is lost, use the manufacturer’s lock ID code to order a replacement key or use heavy-duty bolt cutters as a last resort for emergency removal.",Physical Security,Hardware Security,CORE 2,,SECURITY
W305,Cabling: Lightning ports/connectors,,other,0,0.07732547888608023,0.559947203917905,-0.8249120553971547,Device fails to charge or does not connect to the computer for data synchronization.,Check the port on the mobile device for lint or debris and carefully remove it with a non-conductive toothpick; test with an Apple-certified MFi (Made for iPhone/iPad) cable.,Peripherals,Mobile Interfaces,CORE 1,HARDWARE,
W308,Cabling: Patch panels,,other,0,0.12490349687130488,0.5598718305569775,-0.8191108898177945,"Connectivity issues originating at the wall jack, where testing the wall jack reveals no signal but the switch port is active.","Use a ""Punch-down tool"" to reseat wires on the back of the panel; test the connection between the panel and the switch with a known-good patch cable; replace the individual RJ45 (Registered Jack 45) jack insert if faulty.",Networking,Infrastructure,CORE 1,NETWORKING,
W313,Cabling: SCSI cabling,,other,0,0.08865306831336386,0.5303988854445588,-0.8431000271603577,Peripheral devices (like tape drives) not recognized; termination errors (if the chain is not properly terminated).,"Ensure the ""Terminator"" is installed at the end of the daisy-chain; verify the ""SCSI ID"" is unique for every device on the bus; replace the specialized high-density cable.",Hardware,Storage Interfaces,CORE 1,HARDWARE,
W170,Attended installations,,other,1,-0.8754526991935637,0.38180302361600793,0.2963258723641556,"Deploying operating systems across hundreds of enterprise workstations scales poorly, taking up excessive technician hours and resulting in non-uniform system configurations.","For large-scale enterprise deployments, replace manual setup procedures with automated unattended installations by configuring custom Extensible Markup Language (XML) reply files (such as “unattend.xml”) paired with a Windows Deployment Services (WDS) server network environment.",Operating Systems Management,Operating System Installation Configurations,CORE 2,,OPERATING SYSTEMS
W252,"Boot Camp, macOS (OS X)",,other,1,-0.8848093435048363,0.36657719837207914,0.2876344612180846,"The system installer partition sequence fails due to file structural fragmentation, or the newly installed Windows environment lacks basic trackpad or network hardware drivers.","Launch the utility application inside the macOS utility folder, download the latest official windows support software compilation onto an external storage stick, and run the specialized installation wizard tool to repair missing driver frameworks.",Operating Systems & Environments,Alternative & Non-Windows Operating Systems,CORE 2,,OPERATING SYSTEMS
W254,Boot sectors: Troubleshooting,,other,1,-0.8730841724544173,0.37400344936621505,0.3128025697972419,"Machine stops at startup with fatal errors displaying messaging like ""Missing Operating System"" or ""Invalid Partition Table"".","Boot into the Windows Recovery Environment using installation media, launch the command prompt window, and execute the utility command “bootrec /fixmbr” followed by “bootrec /fixboot” to overwrite corrupted master records.",Operating Systems & Environments,System Maintenance & Recovery,CORE 2,,OPERATING SYSTEMS TROUBLESHOOTING
W259,"Bootups, OS: Internal drive installations",,other,1,-0.8778798415825004,0.3879816014987701,0.2807084976297185,Setup wizard states it cannot find any target volume targets or complains about incompatible partition maps during structural layout stages.,"Enter local firmware setups to ensure storage controller modes are set properly to AHCI (Advanced Host Controller Interface) or NVMe (Non-Volatile Memory Express) standards, format target volumes, and restart the wizard.",Operating Systems & Environments,Installation & Configurations,CORE 2,,OPERATING SYSTEMS
W346,Chkdsk command,,other,1,-0.8861745734737898,0.3530128018425861,0.3001276179624153,"Windows reporting disk corruption, slow file access, or ""Bad sectors"" warnings.",Run “chkdsk C: /f /r” from an elevated Command Prompt to fix file system errors and attempt to recover data from bad sectors.,Operating Systems,System Maintenance,CORE 2,,OPERATING SYSTEMS TROUBLESHOOTING
W360,Clean OS installations,,other,1,-0.865948735141016,0.3929194755492421,0.30943024067111297,"Persistent system instability, malware infections that cannot be removed, or OS corruption.","Back up critical data, boot from installation media (USB/DVD), reformat the target partition, and proceed with the OS installation.",Operating Systems,System Recovery,CORE 2,,OPERATING SYSTEMS
W397,Command line: Diskpart command,,other,1,-0.8883945577177864,0.3709873339126626,0.2704135867403728,"Inability to create partitions, 'Access Denied' errors, or failure to recognize a new hard drive.","Run the command prompt as an administrator, select the correct disk using 'select disk [number]', and verify that the drive is not write-protected.",Operating Systems,Disk Management,CORE 2,,OPERATING SYSTEMS
W409,"Command Prompt, Windows RE",,other,1,-0.8762917357347241,0.35866393321907636,0.3216721574691324,"System boot loop, BSOD (Blue Screen of Death), or inability to access the desktop environment.","Boot from installation media or trigger recovery by interrupting the boot process three times, then navigate to 'Troubleshoot > Advanced Options > Command Prompt'.",Operating Systems,System Recovery,CORE 2,,OPERATING SYSTEMS
W97,"Advanced tab, Internet Options",,other,2,0.48927961386444074,-0.2843240242472157,0.8244788103356765,"Workstations fail to connect to modern secure enterprise websites because legacy encryption protocols (like SSL 3.0) are active while newer, secure protocols (like TLS 1.3) are disabled inside the operating system.","Open Internet Options via the Control Panel or type ""inetcpl.cpl"" in the Run prompt; navigate to the Advanced tab; scroll down to the Security section to check the boxes for Use TLS 1.2 and Use TLS 1.3; if settings are corrupted, click the Reset button to restore browser configurations to default values.",Operating Systems Management,Windows Control Panel Applets,CORE 2,,OPERATING SYSTEMS
W248,Blocking pop-ups,,other,2,0.5021543029733858,-0.27439981033132904,0.820088897678443,"Users are continually bombarded with intrusive advertisement windows, or valid corporate login screens fail to display because they are falsely classified as unwanted elements.","Open the web browser configuration menu, go to the “Privacy and Security” area, select “Site Settings”, navigate to “Pop-ups and redirects”, and manually append the specific trusted business URLs (Uniform Resource Locators) to the exceptions allowance list.",Software Applications & Browsers,Browser Configurations & Security,CORE 2,,SECURITY
W271,Browsers: Configuring,,other,2,0.48132931420503544,-0.27374741996887925,0.8326970885906186,"Web links fail to open in intended application targets, or internal applications break because security settings are set too restrictively.","Access the software preferences dashboard, adjust privacy sliders, configure cookie management preferences, and verify default application handlers.",Software Applications & Browsers,Browser Configurations & Security,CORE 2,,OPERATING SYSTEMS
W277,Browsers: Malicious code,,other,2,0.4971509643912381,-0.2933827690303059,0.8165583074349142,"Workstations suffer unauthorized file changes, unexpected outbound connections are made, or browser sessions are hijacked.","Close out active application instances immediately, clear localized app-data cache directories, run a full system anti-malware scan, and apply the latest security patches to the browser.",Security Threats & Vulnerabilities,Malware & Malicious Code,CORE 2,,SECURITY
W278,Browsers: Password managers,,other,2,0.4995313348938054,-0.26024743161817687,0.8262806543755913,"Login credentials fail to auto-fill on known login pages, or saved credential sets fail to sync across separate user devices.","Verify the auto-fill setting is enabled in the privacy preferences, sign out and back into the primary user profile sync account, and verify the master password isn't locked out.",Identity and Access Management,Browser Configurations & Security,CORE 2,,SECURITY
W280,Browsers: Pop-up blockers,,other,2,0.47495089181520006,-0.2898039848846607,0.8309243652155817,Crucial secondary business utility tools fail to open when an inline web link option is clicked.,"Look for a blocked notification icon within the address location bar area, click it, and select the option to ""Always allow pop-ups from this site"".",Software Applications & Browsers,Browser Configurations & Security,CORE 2,,SECURITY
W281,Browsers: Proxies,,other,2,0.5118509383476917,-0.2824641125561032,0.8113092148068334,"Browser displays ""Unable to connect to proxy server"" errors or fails to load any external web pages.","Access network settings within browser preferences, verify the proxy IP address configuration and port entries match corporate network specifications, or temporarily toggle off the proxy for direct internet access testing.",Network Infrastructure & Protocols,Browser Configurations & Security,CORE 1,NETWORKING,
W282,Browsers: Redirection,,other,2,0.4819294998536472,-0.25912491068387106,0.837017465668363,Typing a familiar web address automatically lands the user on sketchy advertising portals or fake tech support warnings.,"Inspect the system's local hosts file for unauthorized entries, check for rogue DNS (Domain Name System) configurations on the network adapter, and clear out malicious extensions from the browser.",Security Threats & Vulnerabilities,Malware & Malicious Code,CORE 2,,OPERATING SYSTEMS TROUBLESHOOTING
W284,Browsers: Security,,other,2,0.4864839149894486,-0.3044417145283242,0.8189314030561982,"Browsers allow cross-site scripting attacks to execute, or run unsafe downloads without warning.","Enable advanced safe browsing options, restrict third-party tracking cookies, and verify the application is updated to the latest minor version patch.",Software Applications & Browsers,Browser Configurations & Security,CORE 2,,SECURITY
W287,Browsers: Trusted/untrusted web sites,,other,2,0.5132157052273119,-0.25987300888898773,0.8179704512749938,"Web apps fail to run active scripts because they are flagged as untrusted, or corporate sites are blocked from downloading intranet files.","Open the Internet Properties control panel utility via the command “inetcpl.cpl”, navigate to the “Security” tab, click “Trusted sites”, choose “Sites”, and add the explicit corporate domain address.",Software Applications & Browsers,Browser Configurations & Security,CORE 2,,SECURITY
W353,Chrome OS: Settings,,other,2,0.4664355320306357,-0.2785161619068474,0.8395633639076782,Inability to change system configurations or the settings menu failing to launch when requested.,"Attempt a hard restart of the hardware, clear the browser cache, or perform a factory reset if the settings interface remains unresponsive.",Operating Systems,System Configuration,CORE 2,,OPERATING SYSTEMS
W362,Clearing: Browsing data,,other,2,0.5092265618055593,-0.29889158258062865,0.8070638950009698,"Web pages loading old content, login errors, or browser performance degradation.","Access browser settings (usually by pressing 'Ctrl + Shift + Delete'), select the desired time range, check 'Cookies and other site data' and 'Cached images and files,' then click 'Clear data.'",Operating Systems,Web Browsers,CORE 2,,OPERATING SYSTEMS
W435,CompTIA A+ malware removal procedure: Educating end users,,other,2,0.4944369518329639,-0.24701193563198526,0.833376988113703,"Re-infection due to risky behavior (e.g., clicking untrusted links).","Provide training on identifying phishing attempts, using strong passwords, and avoiding suspicious downloads.",Network Security & Access Control,Malware Removal,CORE 2,,SECURITY
W55,Accounts: Lockout thresholds,,other,3,0.1448869987053286,-0.870581279055681,0.47020845820118623,"A legitimate employee is locked out of their workstation after mistyping their password a few times, displaying an error stating: ""The referenced account is currently locked out and may not be logged on to.""","An administrator must log in and open ""secpol.msc"" (Local Security Policy); navigate to ""Account Policies > Account Lockout Policy"" to adjust the Account lockout threshold value (e.g., setting it to 5 or 10 attempts); manually unlock the user's account properties within active management tools.",Network Security & Access Control,Logical Security Controls,CORE 2,,SECURITY
W105,Alphanumeric strings,,other,3,0.16229081572361073,-0.8716436204777187,0.4624922594079384,Input verification systems reject an authentication entry or software registration setup because the string lacks characters from one of the required letter or number groups.,"Check the password complexity rules defined by your security team; ensure character input strings include a combination of capital letters, lowercase letters, and numbers to satisfy compliance checks.",Network Security & Access Control,User Account Management,CORE 2,,SECURITY
W160,Attacks: Brute-force attacks,,other,3,0.14942699537283452,-0.8617678880652471,0.4847965347993023,"Security event logs fill with thousands of failed login attempts for a single user account occurring within a short timeframe, causing severe local server processor overhead.","Open the Local Security Policy window using the command “secpol.msc”, navigate to “Account Lockout Policy”, and configure the “Account lockout threshold” to lock profiles automatically after 3 or 5 consecutive failed login attempts.",Network Security & Access Control,Social Engineering and Security Threats,CORE 2,,SECURITY
W161,Attacks: Cryptanalysis attacks,,other,3,0.14165825334541027,-0.8784617225577387,0.45633095584237776,Sensitive company data transmitted across Wide Area Networks (WAN) is captured and read by unauthorized third parties despite being processed through legacy encryption wrappers.,"Deprecate legacy, broken cryptographic protocols across all endpoints; mandate the use of the Advanced Encryption Standard (AES) with 256-bit key structures and ensure data in transit utilizes secure Transport Layer Security (TLS 1.3) protocols.",Network Security & Access Control,Social Engineering and Security Threats,CORE 2,,SECURITY
W163,Attacks: Dictionary attacks,,other,3,0.17354180710209652,-0.8635072759626956,0.47353819861466684,User accounts are compromised unexpectedly fast by attackers without triggering complex mathematical calculations on authentication servers.,"Use Group Policy Objects (GPOs) to activate password complexity parameters that block standard vocabulary terms; instruct users to create long passphrases instead of individual words, and mandate Multi-Factor Authentication (MFA) across all profiles.",Network Security & Access Control,Social Engineering and Security Threats,CORE 2,,SECURITY
W166,Attacks: Password cracking,,other,3,0.1305816004073516,-0.8665104423360968,0.4817759842058927,"Security audits discover weak or stale user credentials being used across multiple separate endpoints, allowing attackers to escalate privileges across internal network domains.","Enforce secure password hashing algorithms (like “bcrypt” or “Argon2”) across internal databases; require users to create long, complex passwords; implement Multi-Factor Authentication (MFA) to protect accounts even if the password hash is leaked and cracked.",Network Security & Access Control,Social Engineering and Security Threats,CORE 2,,SECURITY
W228,Best practices: Lockout thresholds,,other,3,0.16114005192101521,-0.879813012274348,0.44717216717907476,Automated malicious script applications successfully guess a user's password using a brute-force attack tool because the login form allows unlimited consecutive password attempts without blocking access.,"Open the Local Security Policy utility screen by executing the command “secpol.msc”, navigate to “Account Policies > Account Lockout Policy”, double-click the item labeled “Account lockout threshold”, and configure the value parameter to limit attempts to exactly “3 failed logon attempts”.",Network Security & Access Control,Operational Security Best Practices,CORE 2,,SECURITY
W288,Brute-force attacks,,other,3,0.1631797421720884,-0.8548145721985444,0.49260980390332304,"System logs fill up with thousands of failed authentication attempts originating from a single IP address over a very brief window of time, accompanied by accounts getting locked out.","Implement stringent account lockout policies after a fixed number of failed attempts, enforce complex multi-character password requirements, and deploy multi-factor authentication across all access gateways.",Security Threats & Vulnerabilities,Security Attacks,CORE 2,,SECURITY
W425,Complexity of passwords,,other,3,0.12460935305753344,-0.8787613789777226,0.4607070087894845,"Users being unable to log in due to weak passwords, or administrative alerts about policy non-compliance.","Enforce password policies via Group Policy Objects (GPO), and educate users on using passphrases or MFA (Multi-Factor Authentication).",Network Security & Access Control,Security Configuration,CORE 2,,SECURITY
W1,3–2-1 backup rule,,other,4,-0.8054207002995893,-0.12531087678777977,0.579305342360656,"Complete data loss following a catastrophic event (e.g., local fire, severe ransomware infection, or total hardware failure) where local backup drives are destroyed or encrypted simultaneously with the primary system.","Audit the current backup plan. Configure a local automated backup routine to a separate physical drive or NAS device, and set up a secondary automated synchronization task that replicates that data to an off-site cloud service provider.",Data Retention and Operational Procedures,Backups / Recovery,CORE 2,,OPERATIONAL PROCEDURES
W51,7-Zip,,other,4,-0.8076792584996627,-0.1436002277416898,0.5718681578668022,"- ""Cannot open file as archive"": The archive file is corrupted, truncated, or saved in an unsupported format.
- ""Data Error in encrypted file. Wrong password?"": Data corruption within the archive or an invalid decryption key entered by the user.
- ""CRC Failed"": Cyclic Redundancy Check error indicating the extracted file does not match the original file due to a storage or download transmission failure.
- Extremely slow extraction: High compression ratios causing maximum CPU utilization or disk bottlenecks on slower storage media.","- Test Archive Integrity: Right-click the archive file, select ""7-Zip -> Test archive"" to identify exact corrupted blocks or files.
- Re-download the Source: If a download failed a Cyclic Redundancy Check (CRC) check, download the archive file again using a stable connection.
- Verify Password Accuracy: Re-enter the exact casing and symbols for encrypted "".7z"" or "".zip"" files, or use the command line tool to check for headers.
- Update the Software: Ensure the latest version of 7-Zip is installed to support newer compression algorithms or fixes for file handling bugs.
",Software Utilities,File Compression and Archiving,CORE 2,,OPERATING SYSTEMS
W202,Backups: Incremental backups,,other,4,-0.7944232752812301,-0.12982241887212886,0.5933277334236384,Disaster recovery processes become time-consuming and fragile because technicians must sequentially mount and process multiple separate storage tape media volumes to piece back a system state.,"To rebuild a crashed file system, restore the original baseline full backup image first, and then sequentially apply every single subsequent incremental backup volume in the exact chronological order they were recorded to avoid data corruption.",Network Infrastructure and Operational Procedures,Redundancy and Backup Procedures,CORE 2,,OPERATIONAL PROCEDURES
W203,Backups: Linux,,other,4,-0.8153612361990261,-0.12215918504755448,0.5659180046725085,"Cron automation tasks return terminal errors indicating that root file directories cannot be parsed, or backup archive images fail to generate due to missing administrative execution privileges.",Open an interactive shell terminal console window and configure administrative privileges by running the instruction “sudo tar -cvzf backup.tar.gz /home/user” to bundle and compress the target home directory files safely into an archive folder container.,Operating Systems Management,Linux Command-Line Utilities,CORE 2,,OPERATING SYSTEMS
W204,Backups: Malware prevention,,other,4,-0.7979026398431068,-0.1551729705709966,0.5824712237832644,"A ransomware attack encrypts local desktop computers, and when technicians attempt to connect to network backup drives, they find that the backup archives have also been encrypted and compromised.","Implement a strict 3-2-1 backup layout scheme by keeping three copies of all critical data across two different media types, and ensure that at least one copy is kept completely offline in an air-gapped network zone or disconnected cloud container to block lateral malware encryption paths.",Network Security & Access Control,Malware Detection and Removal,CORE 2,,SECURITY
W246,BitLocker encryption,,other,4,-0.7995593116989991,-0.1101985009449771,0.5903907159372535,"The system prompts the user for a lengthy 48-digit recovery key upon bootup after a minor hardware change, or access to the drive is completely denied.","Retrieve the backup key from the associated Active Directory account or cloud-linked profile, input the sequence into the BitLocker recovery interface screen, or suspend encryption via the command “Manage-bde -protectors -disable C:” before upgrading hardware.",Data Protection & Privacy,Logical Security Controls,CORE 2,,SECURITY
W275,Browsers: Hashing,,other,4,-0.8181217635339562,-0.1426407836152682,0.5570730534514404,Browsers generate security alerts or block background script components because sub-resource integrity hashes do not match the source files.,"Re-upload clean production script copies to the web server, re-calculate file hash strings using terminal utilities like “certutil -hashfile”, and update corresponding HTML (Hypertext Markup Language) tags.",Software Applications & Browsers,Browser Configurations & Security,CORE 2,,SECURITY
W363,Clearing: Drives,,other,4,-0.7863127465488006,-0.14405820249478718,0.6007990503561508,Data privacy risks or 'file system error' messages after a failed wipe.,"Use specialized disk-wiping software (such as 'diskpart' with the 'clean all' command) to overwrite drive sectors, ensuring data is irrecoverable.",Network Security & Access Control,Data Sanitization,CORE 2,,SECURITY
W8,32-bit CPU,,other,5,-0.7410146121383878,0.5571941747307627,-0.37474257329999083,"System reports ""3.2GB RAM usable"" despite having 8GB or 16GB physically installed in the motherboard slots, or modern 64-bit software applications fail to execute with an architecture incompatibility error.","To use more than 4GB of RAM, the physical 32-bit (x86) processor hardware must be upgraded to a modern 64-bit (x64) processor model, and a complete clean installation of a 64-bit operating system must be performed.","Motherboards, RAM, and CPU Diagnostics",CPU Architecture,CORE 1,HARDWARE,
W9,64-bit CPU,,other,5,-0.7471642912438428,0.5443149544571346,-0.38140103859902325,"Operating system fails to utilize 64-bit execution features because a legacy 32-bit operating system was installed over the 64-bit hardware, restricting system capabilities.","Verify processor compatibility inside UEFI/BIOS or Device Manager; back up all critical user data; wipe the drive and install a clean, native 64-bit version of the operating system to unlock full architectural performance and extended memory addressing.","Motherboards, RAM, and CPU Diagnostics",CPU Architecture,CORE 1,HARDWARE,
W26,"About section, Settings",,other,5,-0.7480307715686261,0.5562357000343734,-0.36201078822835686,Inability to readily verify if a machine meets the hardware requirements for an enterprise software deployment or difficulty identifying the exact Windows feature update version during asset management auditing.,"Navigate directly to the window using the shortcut “Windows Key + Pause/Break”, or use the search bar to locate ""About your PC""; if the UI is completely unresponsive, fall back to running the “winver” or “systeminfo” utilities via the Command Prompt.",Operating Systems Management,Windows Settings and Utilities,CORE 2,,OPERATING SYSTEMS
W106,AMD CPU,,other,5,-0.7348087143500939,0.5572606217034972,-0.3866739619030401,"A computer completely fails to post after a hardware upgrade, the motherboard status lights show a CPU error, or the processor cannot be physically seated into the motherboard socket.","Verify that the motherboard socket matches the explicit AMD socket generation (Intel motherboards are completely incompatible); lift the socket retention lever, align the gold triangle on the corner of the AMD CPU with the matching triangle on the socket, and gently drop the chip into place without applying force; inspect the underside of the processor to ensure no pins are bent.","Motherboards, RAM, and CPU Diagnostics",CPU Architecture and Hardware,CORE 1,HARDWARE,
W135,Applications: Impact on devices/computers,,other,5,-0.7563573103714973,0.5382919807160181,-0.3717060162876305,"System performance drops sharply, cooling fans spin loudly, hard drive read/write activity runs continuously, or mobile devices overheat and lose battery charge quickly.","Launch Task Manager (""Ctrl + Shift + Esc"") or macOS Activity Monitor; sort the active process list by CPU, Memory, or Disk consumption columns to identify resource-heavy programs; modify startup options to prevent unneeded applications from launching in the background.",Operating Systems Management,Windows Administrative Utilities,CORE 2,,OPERATING SYSTEMS
W155,ARM (Advanced RISC  (Reduced Instruction Set Computer) Machine) CPU,,other,5,-0.7375812211180568,0.5684175553955064,-0.3645208155540541,"Desktop Operating System (OS) setup files throw compilation execution errors stating “Incompatible processor architecture,” or desktop software binaries fail to execute natively without emulation.","Verify that the software packages being deployed are compiled explicitly for ARM architectures; if running legacy applications, configure an OS-level translation environment (such as “Rosetta” or “Windows on ARM” emulation layers) to bridge the instruction sets.","Motherboards, RAM, and CPU Diagnostics",CPU Architecture and Hardware,CORE 1,HARDWARE,
W172,ATX: Motherboards,,other,5,-0.7414930397593422,0.5427231509388378,-0.3945119179739317,"A replacement motherboard cannot be physically mounted into a compact computer case because the mounting screw holes do not align, or the Power Supply Unit (PSU) cabling layout lacks the necessary 24-pin power connector block.","Check case specifications before assembly to ensure compatibility with full-size ATX components; place the motherboard gently over the matching computer case standoffs, screw down all mounting points uniformly, and insert the standard 24-pin primary power cable block firmly into the motherboard port slot.","Motherboards, RAM, and CPU Diagnostics",Motherboard Form Factors,CORE 1,HARDWARE,
W237,BIOS firmware: Fan settings,,other,5,-0.7573841888180357,0.548007201093334,-0.35504548733689895,"Fans run constantly at maximum speed causing excessive noise, or fans spin too slowly resulting in thermal throttling and unexpected system shutdowns.","Boot into the configuration interface, navigate to the “Hardware Monitor” or “Smart Fan Configuration” screen, select an appropriate profile like “Standard” or “Silent”, or manually adjust the pulse-width modulation curves.",Hardware & System Components,Cooling Systems & Management,CORE 1,HARDWARE,
W238,BIOS firmware: “flashing the BIOS”,,other,5,-0.7276477577348357,0.5692753182980603,-0.3826935492533261,"Motherboard experiences instability with newer central processing units, or the system experiences a total bricked/non-functional state due to a corrupted or interrupted update.","Download the official verified firmware file from the manufacturer's website onto a FAT32 (File Allocation Table 32) formatted USB flash drive, boot into the firmware utility, select the “M-Flash” or “EZ Flash” tool, and execute the update while ensuring uninterrupted power supply.",Hardware & System Components,System Firmware & Interfaces,CORE 1,HARDWARE,
W267,"Bottlenecks, storage drives",,other,5,-0.7561061772644216,0.5298797622247196,-0.3840974958096679,Task Manager displays constant 100% disk active times while CPU or GPU (Graphics Processing Unit) utilization values hover in single digits.,"Move core software applications onto faster solid-state technologies, replace legacy mechanical connections with NVMe configurations, and verify interface ports align with full structural link speeds.",Hardware & System Components,Storage Media & Devices,CORE 1,HARDWARE AND NETWORK TROUBLESHOOTING,
W290,Bus speeds,,other,5,-0.7449655018635548,0.5673354043587753,-0.35093723084655337,"Unstable system performance, random lockups under high processing loads, or peripheral expansion cards falling back to lower performance modes.","Enter the motherboard configuration interface, verify the system clock multipliers match the factory ratings of installed hardware components, or update motherboard chipset drivers to the latest release.",Hardware & System Components,Motherboards & Expansion Slots,CORE 1,HARDWARE,
W327,Cache memory,,other,5,-0.7306418542487856,0.5528311436395557,-0.40067469029385583,"System performance degrades significantly; application crashes or ""blue screen"" errors occurring during high CPU usage.","Run a CPU diagnostic utility to test for cache errors; ensure the CPU cooling system is functioning correctly, as excessive heat can lead to cache corruption.",Hardware,CPU Components,CORE 1,HARDWARE,
W331,Case fans,,other,5,-0.7648265309189974,0.5340772071354873,-0.36028032755171296,"Loud grinding noise, fans not spinning, or system shutting down due to thermal protection.",Clean dust from fan blades; verify the fan header is plugged into the motherboard; replace the fan if it is making grinding noises due to bearing failure.,Hardware,Cooling Systems,CORE 1,HARDWARE,
W345,Chipsets,,other,5,-0.7277903550948714,0.5785770149255617,-0.3681980945506202,"System instability, inability to use high-speed I/O (Input/Output) ports, or failure to recognize hardware components.",Check the manufacturer website for the latest chipset drivers; ensure the motherboard firmware (BIOS/UEFI) is current.,Hardware,Motherboard Components,CORE 1,HARDWARE,
W366,Clock rates: Motherboard bus speeds,,other,5,-0.7474747981454598,0.5306184533429578,-0.3996567065736935,Memory errors or peripheral connection failures.,Verify RAM compatibility with the motherboard bus speed; update BIOS to resolve synchronization issues.,Hardware,Motherboard & CPU,CORE 1,HARDWARE,
W424,Compatibility: RAM,,other,5,-0.7570957799471649,0.5559843508241363,-0.34305594532795647,"System beeping on startup, BSOD, or the OS failing to recognize the full amount of installed memory.",Verify the motherboard manual for memory slot compatibility and ensure modules are seated correctly.,Hardware,RAM,CORE 1,HARDWARE,
W21,802.11 wireless protocol: Wi-Fi analyzers,,other,6,0.5119038778173578,-0.07555752705467882,-0.8557134333297176,"Inability to pinpoint the physical root cause of mysterious Wi-Fi slow-downs, blind spots, or frequent network disconnects within an office space.",Deploy a Wi-Fi analyzer application on a mobile device or laptop; walk through the physical space to map out signal drops; identify overlapping channels from rogue access points and reconfigure your own channels based on the collected visual data graph.,Wireless Networks,802.11 wireless protocol,CORE 1,HARDWARE & NETWORK TROUBLESHOOTING,
W100,Air filtration,,other,6,0.5058559313472735,-0.05498784013536185,-0.8608635862655768,"Internal server hardware components overheat, cooling fans experience mechanical failures due to heavy dust accumulation, and server heat sinks become covered in thick lint blankets, leading to thermal hardware shutdowns.","Establish a preventative maintenance schedule to inspect and replace HVAC (Heating, Ventilation, and Air Conditioning) pre-filters and server rack air filtration units quarterly; use low-pressure compressed air and anti-static vacuums to clean dust accumulations out of clogged server chassis enclosures.",Network Infrastructure and Operational Procedures,Physical Environmental Safety,CORE 2,,OPERATIONAL PROCEDURES
W112,Antennas: SOHO networks,,other,6,0.5290030894349621,-0.07080263864566833,-0.8456611128159294,"Unexplained wireless ""dead zones"" inside an office building, rapid drops in signal strength just a few feet away from the wireless router, or extremely low data transmission speeds.","Ensure all external omnidirectional antennas are physically securely screwed into their reverse polarity subminiature version A (RP-SMA) connectors; orient external antennas perpendicularly (one vertical, one horizontal) to maximize wave polarization alignment; swap low-gain factory antennas with aftermarket high-gain antennas to expand the wireless coverage radius.",Wireless Networks,802.11 Wireless Protocol,CORE 1,NETWORKING,
W113,Antennas: Wi-Fi,,other,6,0.4957674236080785,-0.07874328646628352,-0.8648781165722123,"Laptop displays low signal or can no longer discover nearby wireless networks even when sitting next to the router, or experiencing intermittent dropping of local area network (LAN) associations.",Open the laptop chassis or display bezel; check the delicate main and auxiliary micro-coaxial cable connections mating to the internal wireless network interface card (NIC); re-seat the tiny gold connectors if they have vibrated loose.,Mobile Devices and Mobile Hardware,Laptop Hardware Components,CORE 1,MOBILE DEVICES,
W120,"AP (Access Points), SOHO networks",,other,6,0.5199803095368717,-0.042272711414103215,-0.8531315816236317,"Users can connect locally to the router using an Ethernet cable but wireless devices are completely unable to find the service set identifier (SSID) name, or the system fails to assign local network configurations to wireless devices.",Power-cycle the integrated network hardware assembly; access the web configuration interface using the default gateway internet protocol (IP) address; navigate to wireless configurations to verify that the wireless radio broadcast flag is enabled; update the system firmware.,Network Infrastructure Services,Network Hardware Components,CORE 1,NETWORKING,
W209,Badge readers,,other,6,0.522713891127835,-0.09258254406074957,-0.8474660232465,"Authorized enterprise employees are locked out of server room facilities, or door locks remain unsecured because the card scanner fails to transmit identity verification logs to the central security terminal database.",Inspect the low-voltage power wiring layout connected to the door access controller interface panel; test the reader device using a known functional test token asset; update the user access permission credentials inside the centralized physical access security software console.,Network Security & Access Control,Physical Security Controls,CORE 2,,SECURITY
W102,Airplane mode,,other,7,0.9579545551438221,0.2861418439059605,0.021116710096487582,"A smartphone, tablet, or slim laptop suddenly shows an airplane icon in the status bar and is completely unable to make phone calls, browse the web, or connect to nearby wireless accessories.",Swipe down to open the mobile device notification pane or quick settings menu; look for the illuminated airplane icon and tap it once to turn off Airplane Mode; wait a few seconds for the device radios to reconnect to local cellular towers and Wi-Fi networks.,Mobile Devices and Mobile Hardware,Mobile Device Configuration,CORE 1,MOBILE DEVICES,
W138,Applications: MAM,,other,7,0.9518974656528594,0.306242502066154,0.010331738088307282,"Users are unable to copy data out of a corporate Outlook email and paste it into a personal text messaging app, or corporate data files remain accessible after an employee leaves the company.",Log into the organization's Mobile Device Management (MDM) portal (such as Microsoft Intune); adjust the MAM security policy definitions to configure application sandboxing rules; issue a selective remote wipe command to delete only the corporate data container while leaving the user's personal photos and apps intact.,Network Security & Access Control,Mobile Device Protection,CORE 2,,SECURITY
W205,Backups: Mobile devices,,other,7,0.9551895702751093,0.2930510066228097,0.04164123383150055,"A user drops their tablet device, causing complete hardware destruction, and realizes that all critical business contacts and local media files are permanently gone because sync routines were disabled.","Navigate into the mobile device system configuration pane, click on the user account cloud profile settings (such as iCloud or Google One), enable the toggle switch option labeled “Back Up Now”, and ensure the device is connected to an unmetered internet connection to upload local configuration logs.",Mobile Devices and Mobile Hardware,Mobile Device Synchronization,CORE 1,MOBILE DEVICES,
W372,Cloud computing: Desktop virtualization,,other,7,0.9597590320858036,0.28081932322507713,0.0017629614661682903,"Latency in input/output, poor display quality, or 'server unreachable' messages.","Check network bandwidth, ensure the thin-client software is updated, and verify the health of the host virtualization server.",Cloud & Virtualization,Virtualization,CORE 1,CLOUD & VIRTUALIZATION,
W391,"Collecting data, disabling",,other,7,0.9467803276335105,0.3208347529114753,0.02592436171663396,"Excessive bandwidth usage, sluggish performance, or concerns regarding data privacy and security logs being sent to the manufacturer.",Navigate to 'Settings > Privacy > Diagnostics & feedback' (or equivalent) and toggle off the 'Send optional diagnostic data' or 'Telemetry' options.,Operating Systems,Security Configuration,CORE 2,,SECURITY
W54,"Accounts: Guest accounts, disabling",,other,8,0.7233430127369301,-0.6234779368684171,0.2967324521567589,"Audit logs reveal anonymous network users successfully mapping shared network folders, or untrusted physical walk-ups logging into a workstation without needing a unique password.","Open the Command Prompt as an Administrator and execute the command ""net user guest /active:no"" to strictly disable the account; alternatively, open ""lusrmgr.msc"", double-click the Guest user profile, check the box for Account is disabled, and click Apply.",Network Security & Access Control,Account Security Best Practices,CORE 2,,SECURITY
W57,Accounts: User accounts,,other,8,0.7392771945644041,-0.6094587693297677,0.28640746862473565,"A standard user accounts folder throws permissions errors when they try to save a personal file outside of their own user directory path (e.g., attempting to write files inside ""C:\Windows\System32"").",Educate users to operate within their designated profile directories (such as Documents or Desktop); use explicit permissions mapping or folder redirection configurations if a specific standard user requires routine access to a shared data partition.,Network Security & Access Control,User Account Management,CORE 2,,OPERATING SYSTEMS
W186,Authentication: Location-based factors,,other,8,0.723353919287717,-0.6137750683658277,0.3162898558342051,Security teams fail to notice suspicious account logins where a user profile authenticates from New York and then connects from a different continent just ten minutes later.,"Access your organization's cloud identity provider management portal, configure conditional access rules, and set up impossible travel block constraints to automatically drop and flag out-of-region connection requests.",Network Security & Access Control,Identity and Access Management,CORE 2,,SECURITY
W193,Authentication: User accounts,,other,8,0.7239164256964115,-0.6313186275317966,0.2781758421184355,"Users log into workstations but are blocked from opening standard department folders, or standard users accidentally modify critical system directories because their profiles have too many privileges.","Open the Local Users and Groups console panel by running “lusrmgr.msc” on local machines or open “dsa.msc” for Active Directory; audit the user profile's group properties, and apply the principle of least privilege by stripping standard users out of administrative groups.",Operating Systems Management,Active Directory and Domain Services,CORE 2,,OPERATING SYSTEMS
W227,Best practices: Guest accounts,,other,8,0.7455307215753465,-0.5945116239782008,0.30123059629152155,External visitors or malicious actors sit down at an unattended desktop computer console and easily log into the corporate network environment using a blank password under an active guest profile slot.,"Open the Windows Computer Management interface by executing the command “compmgmt.msc”, navigate to “Local Users and Groups”, double-click the profile labeled `Guest`, check the box option for `Account is disabled`, and click `Apply` to block unauthenticated access.",Network Security & Access Control,Operational Security Best Practices,CORE 2,,SECURITY
W59,"Acknowledgement phase, DORA process",,other,9,0.2911710251407909,-0.7910817550447259,-0.537967555670244,"Client machines get stuck forever in a ""Configuring network interface"" loop, fail to receive a valid IP address configuration, or fall back to an APIPA auto-assigned address (169.254.x.x) despite a DHCP server being online on the broadcast domain.",Verify that the DHCP server's address pool has not run out of assignable IPv4 scopes; check for severe local network latency or packet drops that might cause the client to drop the packet before completing the handshake; review the server logs for lease conflicts.,Network Infrastructure Services,IP (Internet Protocol) Addressing Services (DHCP),CORE 1,NETWORKING,
W63,DHCPACK (DHCP (Dynamic Host Configuration Protocol) Acknowledgment),,other,9,0.3066713617093406,-0.779665727224052,-0.5459615643060679,"- Stuck on ""Obtaining IP (Internet Protocol) Address"": The client device broadcasts requests but never receives the final confirmation, remaining offline.
- Frequent Disconnections: The network connection drops and reconnects constantly as the client fails to renew its lease when it reaches the T1 (renewal) timer.
- APIPA  (Automatic Private Internet Protocol Addressing) Failback: The device times out waiting for the server's final confirmation and falls back to a self-assigned ""169.254.x.x"" address.
- Log Errors: Event Viewer logs show DHCP (Dynamic Host Configuration Protocol) Client event warnings such as ID 1001: ""Your computer was not assigned an address from the network..."" ","- Check Server Lease Pool: Open the router or DHCP server management console to ensure the scope has available addresses and that the server is not crashing or locked up.
- Run a Network Trace: Open Wireshark on the client machine and use the filter ""bootp"" (Bootstrap Protocol) or ""dhcp"" to see if the server's DHCP-ACK unicast or broadcast packet is actually reaching the client network card.
- Verify UDP (User Datagram Protocol) Port Availability: Ensure network firewalls and endpoint security software are allowing inbound traffic on UDP port 68 (DHCP client port).
- Reset the TCP/IP (Transmission Control Protocol/ Internet Protocol) Stack: Run ""netsh int ip reset"" followed by ""ipconfig /flushdns"" in an elevated Command Prompt to clear any corrupt local network configuration caching that may be blocking the packet. ",Networking,Network Services / IP Addressing,CORE 1,NETWORKING,
W64,DHCP (Dynamic Host Configuration Protocol) Lease Cycle Works,,other,9,0.30071493816459005,-0.7977779055980843,-0.5226097390062693,"- Intermittent Drops at Midpoints: Active remote desktop, VoIP (Voice Over IP), or streaming sessions drop predictably at exact intervals (e.g., exactly every 4 or 12 hours).
- System Event Log Warning 1003: Windows logs an error stating that the computer failed to renew its IP address lease with the network card.
- Sudden APIPA Failback (Automatic Private IP Adressing): A working computer suddenly loses internet connectivity mid-day and shows an IP address of ""169.254.x.x"".","- Query Current Lease Details: Open Command Prompt and type ""ipconfig /all"" to inspect the exact Lease Obtained and Lease Expires timestamps.
- Isolate Network Outages: Verify if network switches or routers were offline or rebooting during the renewal windows, preventing client check-ins.
- Adjust Lease Duration: Modify the lease time settings on the DHCP server—increase short leases (e.g., 2 hours) to 8 days for stable office environments to reduce network traffic.
- Flush Cache & Re-request: Run ""ipconfig /release"" and ""ipconfig /renew"" to wipe out a problematic lease state and start a fresh initialization cycle.
",Networking,Network Services / IP Addressing,CORE 1,NETWORKING,
W65,DHCP T1 Timer (Renewal),,other,9,0.28321201285658765,-0.7840855005330063,-0.5522688508576459,"- Quiet Failures: No immediate connectivity drop is visible to the user, but background network logs show repeated, unanswered unicast requests.
- Unicast Timed Out Logs: Event logs showing that the network card is failing to reach the local DHCP server address, despite the client still having internet access.","- Check Unicast Routing: Ensure that internal firewalls or routing tables have not blocked direct unicast communication between the client's subnet and the DHCP server over UDP port 67.
- Verify Server State: Check if the original DHCP server daemon has frozen, crashed, or had its network interface changed since the initial lease was granted.
- Monitor with Wireshark: Apply the filter ""dhcp.option.dhcp == 3"" to verify if the client is actively originating the unicast renewal request when the T1 timer hits.
",Networking,Network Services / Connection Timers,CORE 1,NETWORKING,
W66,DHCP T2 Timer (Rebinding),,other,9,0.3220020434275408,-0.7816028062996196,-0.5342394006557802,"- Network Warning Pop-ups: Brief desktop alerts indicating the local area network connection is searching or re-identifying.
- IP (Internet Protocol) Address Shifting: The client suddenly binds to a completely different IP pool or subnet if a secondary, unauthorized (rogue) DHCP server answers the broadcast first.
","- Audit Broadcast Domains: Check that routers and switches are properly configured to forward network broadcasts or that IP Helper/DHCP Relay agents are running correctly to pass the broadcast to other subnets.
- Identify Rogue Servers: Run tools like ""dhcploc.exe"" or look at Wireshark captures to see if an unexpected server IP address is responding to the client's broadcast rebind request.
- Fix Server High Availability (HA): If utilizing a split-scope or failover cluster, verify that the secondary DHCP partner server is online and has available leases to fulfill the rebind request.
",Networking,Network Services / Connection Timers,CORE 1,NETWORKING,
W67,DHCP Expiration,,other,9,0.28014978138070906,-0.8032973000161906,-0.525575444421673,"- Instant Disconnection: The system completely drops all active local and internet data paths the exact second the lease timer counts down to zero.
- Symptom Shift to APIPA: ""ipconfig"" immediately drops the corporate IP settings and flips to a ""169.254.x.x"" configuration.
- Application Crashes: Enterprise software solutions lose their sockets, resulting in errors like ""Network connection lost"" or ""Session expired.""","- Perform Physical Loop Diagnostics: Unplug the physical RJ-45 Ethernet cable or disconnect from the Wi-Fi SSID for 10 seconds, then reconnect to force a hard hardware renegotiation.
- Clear Stale Server Bindings: On the DHCP Server console, locate the client's MAC address under active leases, delete the expired or corrupted entry manually, and clear any bad reservations.
- Reinitialize Network Stack: Execute ""netsh int ip reset"" and restart the workstation to fix deep OS-level registry corruption within the DHCP client service files.
",Networking,Network Services / IP Addressing,CORE 1,NETWORKING,
W159,"Assigning, static IP addresses",,other,9,0.3003851945413988,-0.7709256893396886,-0.5616425165676577,"Critical network infrastructure resources (like Network Attached Storage (NAS) units, network printers, or servers) lose network connections because their dynamically leased IP addresses expired and changed automatically.","Access the host device's Network Interface Controller (NIC) configuration properties, select “Internet Protocol Version 4 (TCP/IPv4)”, change the configuration toggle to “Use the following IP address”, and manually type in the designated static IP address, subnet mask, default gateway, and Domain Name System (DNS) servers.",Network Infrastructure Services,IP Addressing Services (DHCP),CORE 1,NETWORKING,
W78,Adapters: video adapters,,other,10,-0.49327125606135186,0.5393437337794805,-0.6824894173366097,"Workstation screen flickers constantly, artifacts or weird lines appear across the display, games and applications crash due to driver errors, or the monitor remains completely black while the PC power lights turn on.","Ensure the video cable is firmly connected to the correct graphics card port rather than the motherboard's integrated port; boot into Safe Mode, open Device Manager, right-click the video adapter, and choose Update driver or perform a clean install of the latest vendor software.",Peripherals and Hardware,Internal Expansion Cards,CORE 1,HARDWARE,
W148,"Applications: Video editing applications, OS/system requirements",,other,10,-0.5010425793354502,0.5244610070643213,-0.6884017618817933,"The system completely freezes up during video rendering processes, video preview windows frames stutter or drop during playback, or the application crashes due to running out of video memory.

",Open your graphics configuration tool and configure the operating system to run the video software exclusively on the high-performance dedicated graphics card rather than integrated graphics; install a fast solid-state drive (SSD) to hold working scratch video folders; expand the system's physical random-access memory (RAM) capacity.,Operating Systems Management,System Requirements and Planning,CORE 2,,OPERATING SYSTEMS
W198,Backlights,,other,10,-0.5045219157240098,0.543208983074214,-0.6711047885849523,"The laptop screen remains completely black or dark even though the power light indicator is on, but a faint, ghostly image of the desktop can be seen if a bright flashlight is shined directly onto the monitor surface.","Connect an external monitor to the video port to verify whether the graphics processing hardware is functional; if external video works, inspect the internal display panel assembly to replace a faulty high-voltage inverter board or a blown Light-Emitting Diode (LED) backlight harness strip.",Peripherals and Hardware,Laptop Display Components,CORE 1,MOBILE DEVICES,
W299,Cabling: DisplayPort cabling,,other,10,-0.4833057674168561,0.5348688957197321,-0.693059015938151,"Screen flickering, failure to detect an external monitor, or no audio output when using the cable for monitor connectivity.","Ensure the cable is plugged firmly into the ""DP"" (DisplayPort) connector on both devices; swap the cable with a known-good spare to rule out internal wire fatigue; verify that the graphics driver is updated.",Peripherals,Video Interfaces,CORE 1,HARDWARE,
W300,Cabling: DVI cabling,,other,10,-0.5149728696878801,0.522309708163217,-0.6797025174617823,"Monitor displays a ""No Signal"" message or color tinting (e.g., image appears blue) due to a bent pin in the connector.","Inspect the connector for bent or broken pins; ensure the thumbscrews are tightened securely; if the issue persists, test the monitor with an HDMI (High-Definition Multimedia Interface) or DisplayPort cable.",Peripherals,Video Interfaces,CORE 1,HARDWARE,
W303,Cabling: HDMI cabling,,other,10,-0.4897664655115464,0.5539153809307136,-0.6732804467892333,"Image cutting out (black screen), lack of high-resolution support, or handshake failure between the computer and the display.","Try a different HDMI port on the monitor; update the system firmware; test with a ""Certified Premium"" HDMI cable if high-bandwidth features like 4K resolution at high refresh rates are failing.",Peripherals,Video Interfaces,CORE 1,HARDWARE,
W320,Cabling: SVGA cabling,,other,10,-0.4917081376496819,0.5179284044260682,-0.6999809106381034,"Blurry images or incorrect colors (like a missing red, green, or blue channel).","Ensure the 15-pin connector is fully seated; replace the cable if pins are bent; if the color is missing, inspect the cable for damage.",Peripherals,Video Interfaces,CORE 1,HARDWARE,
W325,Cabling: VGA cabling,,other,10,-0.5183822177528065,0.5378880451184126,-0.6647979597113507,"Distorted image, lack of signal, or color inaccuracies.","Ensure the pins are not bent; tighten the mounting screws; if the image quality is poor, use a shorter cable or an active VGA signal booster.",Peripherals,Video Interfaces,CORE 1,HARDWARE,
W326,Cabling: Video cabling,,other,10,-0.4738999661379958,0.5478430808874226,-0.6894104588836636,"No video, incorrect resolution, or image tearing.",Test with a different cable; confirm the display resolution settings match the monitor capabilities; update graphics card drivers.,Peripherals,Video Interfaces,CORE 1,HARDWARE,
W392,Color depth,,other,10,-0.5132439071095225,0.5095055313239528,-0.6906408656930518,"Banding in gradients, 'posterized' looking images, or colors appearing pixelated or incorrect on high-resolution displays.","Update the GPU (Graphics Processing Unit) drivers, check the display cable (e.g., HDMI or DisplayPort) for signal limitations, and adjust the bit-depth setting in the OS display properties.",Hardware,Display Devices,CORE 1,HARDWARE,
W393,Color space,,other,10,-0.5016668620172027,0.5579489513094549,-0.6610773988622609,"Colors appearing washed out, overly saturated, or mismatched when transferring images between devices (e.g., monitor to printer).","Use a color calibration tool (colorimeter), install the appropriate ICC (International Color Consortium) profiles for the display, or set the monitor to a standard color gamut like sRGB.",Hardware,Display Devices,CORE 1,HARDWARE,
W129,Apple: Online resources,,other,11,0.024194857996601878,0.4180984334095214,0.9080794617361568,"Mobile Device Management (MDM) platforms fail to enroll corporate Apple devices, or technicians are unable to download diagnostic image utilities or look up hardware support articles.",Check local network firewall configurations to ensure required Apple push notification and sync ports are open; verify certificate validation states inside the enterprise deployment dashboard portal; clear web cache configurations.,Operating Systems Management,External Technical Resources,CORE 2,,OPERATING SYSTEMS
W145,Applications: Troubleshooting,,other,11,0.008679083226650893,0.4261110226272572,0.9046292444476346,"Applications throwing random runtime errors during execution, crashing back to the desktop under specific workloads, or losing access to network data files.",Isolate recent system configuration changes; check application error logs for explicit error details; reset application data back to default settings via the Windows Settings interface; reinstall the application package files to replace corrupted software binaries.,"Motherboards, RAM, and CPU Diagnostics",Operating System and Application Troubleshooting,CORE 2,,SOFTWARE TROUBLESHOOTING
W150,Apt command,,other,11,0.018024799008735336,0.4042371731747585,0.9144765794947266,"Attempts to manage software packages return syntax errors, or terminal outputs flag missing package dependencies or broken repository listings.","Open the terminal application and run the core command using administrative privileges by prefixing it with “sudo”, formatting the instruction as “sudo apt ” to safely modify software repositories.",Operating Systems Management,Linux Command-Line Utilities,CORE 2,,OPERATING SYSTEMS
W151,Apt install <program> command,,other,11,0.0289729039197374,0.4311073866767086,0.9018353463860443,Running the command returns a terminal error stating “E: Unable to locate package ” or “Permission denied” when an unprivileged account executes the script.,"Elevate your execution privileges and refresh repository trees by executing “sudo apt update”, then run the installation string using the format “sudo apt install ” to safely pull down and deploy the application.",Operating Systems Management,Linux Command-Line Utilities,CORE 2,,OPERATING SYSTEMS
W152,Apt update command,,other,11,-0.0034101478360977827,0.41585389166783315,0.9094250445619221,"Software installation commands pull outdated versions of application packages, or the terminal displays “Failed to fetch” mirror errors due to broken repository paths or internet disconnects.","Ensure the Network Interface Controller (NIC) has valid Wide Area Network (WAN) connectivity, open an elevated terminal console shell, and execute “sudo apt update” to download fresh repository listings.",Operating Systems Management,Linux Command-Line Utilities,CORE 2,,OPERATING SYSTEMS
W153,Apt upgrade command,,other,11,0.03621692503327134,0.4062549841295444,0.9130417417681613,"Security definitions remain obsolete, applications exhibit legacy software bugs, or running the update string fails because the local repository index has not been refreshed first.",Open the command line and run the combined sequence “sudo apt update && sudo apt upgrade” to download package metadata logs before authorizing the installation of system software upgrades.,Operating Systems Management,Linux Command-Line Utilities,CORE 2,,OPERATING SYSTEMS
W154,Apt-get command,,other,11,0.011647355389745847,0.4404914893418713,0.8976812279032046,"Enterprise system automation deployment scripts fail to execute software deployments on legacy servers, throwing unrecognized command behaviors.",Open the command shell window and format your management strings using the syntax “sudo apt-get install ” or “sudo apt-get update” to safely manipulate software libraries on older distributions.,Operating Systems Management,Linux Command-Line Utilities,CORE 2,,OPERATING SYSTEMS
W157,Articles/KB,,other,11,0.003951398483412206,0.3970783764123873,0.9177761979021507,Helpdesk technicians waste time resolving unique hardware issues or specialized application errors from scratch without utilizing existing company solutions.,"Isolate the exact error code or system behavior flag, navigate to the vendor's documentation portal (such as “Microsoft Learn”), and input the explicit code to pull up the step-by-step resolution instruction document.",Network Infrastructure and Operational Procedures,Operational Documentation,CORE 2,,OPERATIONAL PROCEDURES
W180,Authentication: Applications,,other,11,0.044503928837001425,0.4260337887796458,0.9036119804075924,"Software applications get stuck in continuous login prompt loops, return database connection errors, or reject valid user passwords due to broken communication links with identity providers.",Check application configurations to ensure the authentication server address is entered correctly; verify that local system security certificates are valid and updated; use application-specific passwords or Open Authorization (OAuth) tokens if required.,Network Security & Access Control,Identity and Access Management,CORE 2,,SECURITY
W367,Closed source software,,other,11,-0.010305921022930426,0.42984409914161376,0.9028443046422808,Inability to customize features or difficulty in troubleshooting deep-level bugs.,"Rely on official patches and support documentation from the vendor, or contact the manufacturer's technical support.",Operating Systems,Software Licensing,CORE 2,,OPERATING SYSTEMS
W411,Commercial licenses,,other,11,0.02964735948733869,0.3914546622109272,0.9197196755037687,"Software locking features, recurring activation prompts, or legal compliance warnings.","Verify the license key, check if the maximum number of activations has been reached, or contact the vendor to renew or purchase additional licenses.",Operating Systems,Software Licensing,CORE 2,,OPERATING SYSTEMS
W48,Microsoft Azure,,other,12,0.5176309239541742,0.6902592352283526,0.5055693965701621,"- HTTP 503 (Service Unavailable) or timeout errors when accessing hosted web apps or APIs (Application Programming Interface).
- VM (Virtual Machine) Unreachable: Inability to connect via RDP (Remote Desktop Protocol) or SSH (Secure Shell) to Azure Virtual Machines.
- Storage Access Denied: Applications fail to read/write data to Azure Blob or File storage containers.
- Resource Deployment Failures: Error codes like ""DeploymentFailed"" or ""QuotaExceeded"" when launching new infrastructure.","- Check Service Health: Review the Azure Status Dashboard and Azure Service Health in the portal for active regional outages.
- Verify Network Security Groups (NSGs): Inspect inbound/outbound security rules to ensure required traffic ports (e.g., 3389, 22, 443) are not blocked.
- Review Activity Logs: Drill into the specific resource's Azure Activity Log to inspect JSON error payloads for failed operations.
- Check Resource Quotas: Navigate to the ""Usage + quotas"" blade to verify if subscription limits have been hit, and request a quota increase if necessary.",Cloud Computing,Infrastructure as a Service (IaaS) / Platform as a Service (PaaS),CORE 2,,OPERATIONAL PROCEDURES
W73,Active Directory: online resources,,other,12,0.5069598736942732,0.7033454043265129,0.4982940183031104,"Internal corporate employees can access local office workstations but are completely blocked from logging into cloud-hosted platforms like Microsoft 365, throwing credential validation errors.",Open the directory synchronization tool (such as Azure AD Connect) on the local domain controller; check the active synchronization log files for replication conflicts; verify that the on-premise domain controller can communicate over the internet with cloud endpoint ports.,Operating Systems Management,Active Directory and Domain Services,CORE 2,,OPERATING SYSTEMS
W368,Cloud computing,,other,12,0.5081287834988466,0.6871052411129434,0.5193183291730674,"Service timeouts, connection latency, or inability to access hosted resources.","Verify local internet connectivity, check the cloud provider's status dashboard, and confirm authentication credentials.",Cloud & Virtualization,Cloud Services,CORE 1,CLOUD & VIRTUALIZATION,
W369,Cloud computing: Benefits of,,other,12,0.525598106406246,0.6936910748345609,0.4924828151692605,Underutilization of on-premises hardware or high maintenance overhead.,Analyze current workloads to determine if moving to a cloud service model (like IaaS or SaaS) will resolve performance bottlenecks.,Cloud & Virtualization,Cloud Services,CORE 1,CLOUD & VIRTUALIZATION,
W375,Cloud computing: Hybrid clouds,,other,12,0.4935427889775008,0.7054342158860633,0.5087023515824606,Communication failures between private and public components.,Check VPN (Virtual Private Network) or direct connection tunnels and ensure hybrid orchestration settings are properly configured.,Cloud & Virtualization,Cloud Models,CORE 1,CLOUD & VIRTUALIZATION,
W376,Cloud computing: IaaS (Infrastructure as a Service),,other,12,0.5240585084120544,0.6772185447823736,0.5164665742947716,Inability to access virtual machine instances or storage volume mounting failures.,"Check the provider's API (Application Programming Interface) status, verify security group rules, and ensure the VM is in an 'active' state.",Cloud & Virtualization,Cloud Service Models,CORE 1,CLOUD & VIRTUALIZATION,
W379,Cloud computing: Metered services,,other,12,0.513779752077431,0.7084667351704163,0.48384424302891593,Budget overruns or billing alerts.,Implement resource throttling or usage quotas to keep consumption within budget.,Cloud & Virtualization,Cloud Characteristics,CORE 1,CLOUD & VIRTUALIZATION,
W381,Cloud computing: PaaS (Platform as a Service),,other,12,0.49394665114828046,0.6918297009870089,0.5266767230964595,Application deployment failures or runtime errors.,"Check application logs, verify environment variable configurations, and ensure the code is compatible with the platform's supported frameworks.",Cloud & Virtualization,Cloud Service Models,CORE 1,CLOUD & VIRTUALIZATION,
W382,Cloud computing: Private clouds,,other,12,0.5370658598852524,0.6818711492385159,0.49660044098033185,Resource scarcity or hardware failures within the internal data center.,Perform hardware maintenance on the host physical servers and optimize the hypervisor resource allocation.,Cloud & Virtualization,Cloud Models,CORE 1,CLOUD & VIRTUALIZATION,
W383,Cloud computing: Public clouds,,other,12,0.4919097769054431,0.7162165122601204,0.4950340179732963,Network congestion or service provider outages.,Monitor the service provider’s public status page and consider multi-region or multi-provider failover strategies.,Cloud & Virtualization,Cloud Models,CORE 1,CLOUD & VIRTUALIZATION,
W30,"Access: Command-line tools, Windows 10",,other,13,-0.8327476695936908,0.15211957371803664,0.5323447699359128,"Administrative scripts or permission-modifying utilities fail to run, throwing ""Access Denied"" errors, or network configurations fail to apply when typing tools like ""ipconfig"" or ""netstat"".","Right-click the Command Prompt shortcut and select ""Run as Administrator"" to elevate the process token; use the ""runas"" command directly inside the CLI to execute utilities under an explicit user profile holding structural administrative rights.",Operating Systems Management,Command-Line Utilities,CORE 2,,OPERATING SYSTEMS
W107,"Ampersand (&&), double",,other,13,-0.838205640575651,0.1405067917899906,0.5269432090539236,"Multi-step command scripts or automated deployment routines halt abruptly midway, and the secondary commands fail to run because the initial command returned an unexpected error code.","Check the syntax of your combined command string (e.g., ""mkdir BackupFolder && copy c:\data\*.* c:\BackupFolder""); verify that the first command runs cleanly on its own before using the ""&&"" operator to link it to additional tasks.",Operating Systems Management,Command-Line Utilities,CORE 2,,OPERATING SYSTEMS
W108,"&& (double ampersand), Linux",,other,13,-0.8271063386386004,0.14668413217902918,0.5425669267018901,"Scripted automation sequences fail to finish, or a combined command pipeline silently stops midway. For example, a target directory remains completely empty after running a build chain because the compilation stage failed, preventing the deployment stage from firing.","Manually run the first command alone, and immediately check its exit status by executing ""echo $""?. If the returned value is anything other than ""0"" (e.g., ""1"" or ""127""), troubleshoot the root error of that specific command before re-chaining it with the ""&&"" operator.",Operating Systems Management,Linux Command-Line Utilities,CORE 2,,OPERATING SYSTEMS
W165,Attacks: Injection attacks,,other,13,-0.8380848533518178,0.15642536574234128,0.5226326468320139,"Web server database contents are leaked publicly online, or backend database tables are dropped or modified without standard user authentication.","Inform your software application developers to implement strict input validation parameters and parameterized database query engines, ensuring all user inputs are stripped of malicious execution commands before processing.",Network Security & Access Control,Social Engineering and Security Threats,CORE 2,,SECURITY
W211,Bash: Comment syntax,,other,13,-0.8348871448964486,0.13066452371163018,0.5346870463456816,Executing a custom Linux automation script returns unexpected syntax errors because the shell interpreter tries to parse standard English text descriptions as operational system commands.,"Open the automation document script inside a text editor utility, locate the explanatory plain text notes, and insert the explicit pound symbol character “#” at the very beginning of every descriptive line to convert the text into an unexecuted comment string.",Operating Systems Management,Scripting Basics and Syntax,CORE 2,,OPERATIONAL PROCEDURES
W212,Bash: Nano command,,other,13,-0.8258545770124073,0.1608341727197734,0.5404596067359744,A system administrator cannot edit system configuration parameters because they are stuck inside a complex command shell interface without a graphical user interface installed.,"Launch the text utility tool from an open terminal prompt by running the command “nano filename.sh”, make your required script text adjustments, and save your modifications by pressing the keyboard shortcut sequence “Ctrl + O” followed by “Ctrl + X” to exit.",Operating Systems Management,Linux Command-Line Utilities,CORE 2,,OPERATING SYSTEMS
W213,Bash: Scripting,,other,13,-0.8443506768106652,0.143472975932006,0.5162242146069723,"Helpdesk technicians waste time manually performing identical system configuration routines on multiple distinct servers, resulting in non-uniform system setups.","Create a text file with a specialized file extension structure by executing “nano script.sh”, declare the interpreter path on line one by inserting the sh-bang string “#!/bin/bash”, define your programmatic logic commands, and authorize file execution by running the string “chmod +x script.sh”.",Operating Systems Management,Scripting Basics and Syntax,CORE 2,,OPERATIONAL PROCEDURES
W214,Bash: Use cases,,other,13,-0.8254031101253159,0.1354502371816804,0.5480537738606336,"System log files fill up server storage drives because nobody is running cleanup tasks, or deployment teams take too long provisioning user profiles on new server instances.","Write custom script files to automate repetitive administrative workflows, then map the file path locations into the system crontab scheduler utility by configuring a cron configuration rule line to run the scripts automatically during off-peak hours.",Operating Systems Management,Scripting Basics and Syntax,CORE 2,,OPERATIONAL PROCEDURES
W215,Bash: VIM,,other,13,-0.833874344719691,0.16817629210770357,0.5257093417385791,"A technician launches an internal configuration editor from a remote command console terminal screen and becomes trapped inside the application, unable to figure out how to save data or exit the program interface.","Press the keyboard escape key “Esc” to clear current text input arrays and enter command mode, then type the explicit file instruction sequence “:wq” and press Enter to save your modifications and quit the utility workspace.",Operating Systems Management,Linux Command-Line Utilities,CORE 2,,OPERATING SYSTEMS
W218,Batch files,,other,13,-0.8420071214010749,0.12598614865128033,0.5245488517363212,Automated corporate user environment drive mappings or desktop printer deployment operations fail to launch automatically when users log into their network workstations.,"Open a text file editor workspace and write the necessary command lines using command prompt syntax; save the text file using the explicit file extension name string “logon.bat”, and assign the script path location to a Group Policy Object (GPO) login rule container.",Operating Systems Management,Scripting Basics and Syntax,CORE 2,,OPERATIONAL PROCEDURES
W332,Cat command,,other,13,-0.8197829150261592,0.15503721503217072,0.5512888845118155,"Command returns ""Permission denied"" or ""No such file or directory"".",Ensure you have read permissions on the file; double-check the file path and file name; use the “sudo” prefix if elevated access is required to view the file.,Operating Systems,Linux CLI (Command Line Interface),CORE 2,,OPERATING SYSTEMS
W349,Cd command: Linux,,other,13,-0.8451092109853097,0.15669681982734518,0.5111130287556596,Receiving 'bash: cd: [directory]: No such file or directory' or 'Permission denied' when attempting to navigate to a specific file path.,"Verify the directory name exists using the 'ls' (list) command, ensure the user has execute permissions for the target directory, or provide the full path starting from the root directory ('/').",Operating Systems,Command Line Interface (CLI),CORE 2,,OPERATING SYSTEMS
W388,Cmdlets,,other,13,-0.8303267108079339,0.12229292347093351,0.5436929226942449,"Receiving 'The term '[cmdlet]' is not recognized as the name of a cmdlet, function, script file, or operable program' when executing a command.","Verify the correct module is imported using the 'Get-Module' command, check the spelling, or ensure the execution policy allows the script to run using 'Set-ExecutionPolicy'.",Operating Systems,Command Line Interface (CLI),CORE 2,,OPERATING SYSTEMS
W394,Command line,,other,13,-0.8254073596011045,0.17331733443150246,0.5372744106151826,"Inability to execute scripts, 'Command not found' errors, or the CLI window failing to launch.","Verify system path variables, check for syntax errors, or launch the terminal with administrative privileges ('Run as Administrator').",Operating Systems,Command Line Interface (CLI),CORE 2,,OPERATING SYSTEMS
W395,Command line: Bash,,other,13,-0.8488196521846958,0.13233261552813802,0.5118527883410755,Syntax errors in shell scripts or failure to recognize standard Linux utilities.,"Verify the script starts with the correct shebang line (e.g., '#!/bin/bash'), check file permissions with 'chmod +x', and debug using the 'bash -x' command.",Operating Systems,Command Line Interface (CLI),CORE 2,,OPERATING SYSTEMS
W399,Command line: JavaScript,,other,13,-0.8182593788091248,0.14009820180174792,0.5575159933516005,"Scripts failing to execute in the CLI or runtime-specific errors (e.g., 'ReferenceError').","Ensure the correct runtime environment is installed, verify the syntax using a linter, and check for missing dependencies in the 'package.json' file.",Operating Systems,Software Development,CORE 2,,OPERATING SYSTEMS
W400,Command line: Linux,,other,13,-0.8397069282027655,0.17206602982620114,0.5150587889825048,"System boot failure to a black screen, unrecognized commands, or shell environment crashes.","Access a TTY (Teletype) session by pressing 'Ctrl + Alt + F3', review system logs in '/var/log', and check for correct shell configuration in '~/.bashrc'.",Operating Systems,Command Line Interface (CLI),CORE 2,,OPERATING SYSTEMS
W401,"Command line: Nano command, Bash",,other,13,-0.839538559159772,0.11517075854918657,0.5309526382448241,Failure to save changes to system files or lack of basic editing functionality.,"Ensure you have write permissions (use 'sudo nano [filename]'), and use the correct shortcut keys listed at the bottom of the editor (e.g., 'Ctrl + O' to save, 'Ctrl + X' to exit).",Operating Systems,Command Line Interface (CLI),CORE 2,,OPERATING SYSTEMS
W403,Command line: PowerShell,,other,13,-0.8169573359314601,0.16761308174103107,0.5518030138528112,"Scripts failing to execute, unauthorized access errors, or cmdlet errors.","Check the execution policy status with 'Get-ExecutionPolicy', ensure scripts are signed if required, and run the session as an administrator.",Operating Systems,Command Line Interface (CLI),CORE 2,,OPERATING SYSTEMS
W404,Command line: Python,,other,13,-0.851270641011718,0.14826674116039842,0.5033440863039659,"Command not found' when trying to run a script, or syntax-related runtime errors.","Verify Python is in the system PATH, ensure indentation is correct, and check that necessary libraries are installed using 'pip'.",Operating Systems,Software Development,CORE 2,,OPERATING SYSTEMS
W406,Command line: Visual Basic Script,,other,13,-0.8230550297498622,0.12225191155959822,0.5546484365104416,Scripts failing to execute or 'Windows Script Host' error dialogs.,"Verify that the script extension is '.vbs', check for syntax errors using a text editor, and ensure the Windows Script Host is enabled in system settings.",Operating Systems,Software Development,CORE 2,,OPERATING SYSTEMS
W407,Command line: Windows 10,,other,13,-0.8295412351527444,0.1818960444492724,0.5279916364820257,"Commands failing to execute, environment variables missing, or CLI windows closing unexpectedly.","Use the Windows search bar to find 'cmd' or 'powershell', right-click, and select 'Run as administrator' to troubleshoot permission-related issues.",Operating Systems,Command Line Interface (CLI),CORE 2,,OPERATING SYSTEMS
W408,Command line: Windows Terminal,,other,13,-0.8492533072557401,0.11911808694722616,0.5143731150412322,"Terminal failing to open, tabs crashing, or missing shell profiles.","Reinstall the application via the Microsoft Store, check the settings file for syntax errors, or reset the application defaults.",Operating Systems,Command Line Interface (CLI),CORE 2,,OPERATING SYSTEMS
W410,"Comments, syntax",,other,13,-0.8126494648479907,0.1513625600984612,0.562752363551424,Syntax errors occurring if the comment characters are used incorrectly.,Ensure the syntax for comments matches the language and that they are placed where the parser expects them.,Operating Systems,Software Development,CORE 2,,OPERATING SYSTEMS
W104,"Alerts, ransomware hoaxes",,other,14,-0.5437756827798189,0.04024540301936486,0.8382650621093249,"A user's web browser window locks up, displaying a flashing full-screen message stating ""WARNING: Ransomware Detected! Call 1-800-XXX-XXXX immediately to save your files,"" blocking standard access to the browser interface.","Do not call the listed phone number or click any links; open Task Manager (""Ctrl + Shift + Esc""); select the web browser process from the list and click End Task to force close the window; relaunch the browser and choose not to restore the previous session tabs; clear the browser cache and run a standard scan with your legitimate local antivirus software.",Network Security & Access Control,Social Engineering and Security Threats,CORE 2,,SOFTWARE TROUBLESHOOTING
W114,Antimalware: Linux,,other,14,-0.5511154567671522,0.025694149723182857,0.834033311074765,"Linux servers showing high central processing unit (CPU) utilization from unrecognized hidden scripts, modified root system configuration files, or suspicious outbound socket connections on non-standard ports.","Install or update the local antimalware scanning definition library using package managers (""sudo apt update && sudo apt install clamav""); execute a deep root file system scan; isolate or terminate flagged malicious execution process IDs (PIDs).",Network Security & Access Control,Host-Based Security Software,CORE 2,,SECURITY
W196,"AutoPlay, disabling",,other,14,-0.5317986068417039,0.03420248721071968,0.8461799050023721,"Inserting an external flash drive triggers automatic system modifications or opens unauthorized windows, risking user exposure to malicious drive items.","Open Windows Control Panel, click on the “AutoPlay” applet, clear the check box for “Use AutoPlay for all media and devices”, select an instruction to set all individual drive dropdown listings to “Take no action”, and click “Save” to lock down the system configuration.",Network Security & Access Control,Operational Security Best Practices,CORE 2,,SECURITY
W197,"AutoRun, disabling",,other,14,-0.5550103677087225,0.04495764779711889,0.8306276552345094,Plugging a found or untrusted Universal Serial Bus (USB) flash drive into a workstation instantly installs malware or launches background terminal scripts without the user clicking a single file icon.,"Open the “Local Group Policy Editor” by executing the command “gpedit.msc”, navigate to “Computer Configuration > Administrative Templates > Windows Components > AutoRun Policies”, double-click “Turn off AutoPlay”, change the setting toggle to “Enabled”, and click “Apply” to block automated script execution across all drives.",Network Security & Access Control,Logical Security Controls,CORE 2,,SECURITY
W224,Best practices: AutoPlay,,other,14,-0.5424128353477273,0.014107663091874934,0.8399936249115975,Inserting a diagnostic disc into a multimedia computer instantly triggers an unexpected application installer or changes local display properties without user confirmation.,"Open Windows Control Panel, access the “AutoPlay” utility, choose to display a prompt asking the user for confirmation for every media class variation, and clear the master check box labeled “Use AutoPlay for all media and devices” to prevent automated software behavior.",Network Security & Access Control,Operational Security Best Practices,CORE 2,,SECURITY
W225,Best practices: AutoRun,,other,14,-0.5331336746412896,0.0514338730204586,0.8444661281955546,Plugging a found or untrusted USB (Universal Serial Bus) flash drive into a corporate computer instantly runs background terminal scripts or installs malware without the user clicking any file icons.,"Open the “Local Group Policy Editor” console by running the command “gpedit.msc”, navigate to “Computer Configuration > Administrative Templates > Windows Components > AutoRun Policies”, double-click “Turn off AutoPlay”, set the status to “Enabled”, and click “Apply” to protect all workstations across the domain workspace.",Network Security & Access Control,Logical Security Controls,CORE 2,,SECURITY
W235,BIOS (Basic Input/Output System) firmware,,other,14,-0.563577073488076,0.028714715690763105,0.8255642599709694,"System fails to recognize newly installed hardware components, fails to initiate the operating system boot process, or hangs indefinitely during power-on routines.","Restart the system and press the manufacturer-specified key (such as “F2” or “Del”) to enter setup, verify that hardware settings match the physical layout, or select “Load Setup Defaults” to clear misconfigurations.",Hardware & System Components,System Firmware & Interfaces,CORE 1,HARDWARE,
W240,BIOS firmware: Passwords,,other,14,-0.5258338845695613,0.020785512350212747,0.8503332807286943,"Administrators are locked out from changing crucial hardware settings, or users are completely blocked from starting up the computer workspace.","Disconnect the power source, locate the physical “CLR_CMOS” (Clear Complementary Metal-Oxide-Semiconductor) jumper pins on the motherboard, bridge them with a jumper cap for ten seconds, or remove the coin-cell CR2032 battery for several minutes to wipe the volatile memory storage.",Identity and Access Management,Firmware & Hardware Security,CORE 2,,SECURITY
W242,BIOS firmware: Secure Boot,,other,14,-0.5502013816005671,0.0595660800466443,0.832904749531844,"The machine throws a ""Signature Verification Failed"" or ""Unauthorized Boot Device"" error when trying to boot certain Linux distributions or custom recovery media.","Enter the firmware environment, navigate to the “Security” or “Boot” settings panel, locate the “Secure Boot” entry, switch its toggle option to “Disabled”, or install the requisite database keys for the alternative OS.",Identity and Access Management,Firmware & Hardware Security,CORE 2,,SECURITY
W255,Boot sectors: Viruses,,other,14,-0.5547554551971257,0.007794648611293268,0.8319769398138729,System exhibits severe security baseline failures immediately upon cold boot before anti-malware defensive suites can even initialize.,Deploy an isolated offline bootable virus scanning media tool from a clean thumb drive to bypass the main disk environment and strip malicious modifications out of the boot partition records.,Security Threats & Vulnerabilities,Malware & Malicious Code,CORE 2,,SECURITY
W427,Compromised/damaged mobile devices,,other,14,-0.520327105406999,0.044998131407895624,0.8527806702479669,"Unexplained reboots, battery drainage, or unauthorized data access.","Back up data, perform a factory reset, and assess physical integrity; replace the device if damage (such as a swollen battery) poses a risk.",Hardware,Mobile Devices,CORE 1,HARDWARE,
W440,CompTIA A+ malware removal procedure: Remediating infected systems,,other,14,-0.5685100845374568,0.04464039325915246,0.8214642530681916,Stubborn malware that resists standard removal.,Boot into 'Safe Mode' and use multiple scanning tools to ensure the most thorough cleanup possible.,Network Security & Access Control,Malware Removal,CORE 2,,SECURITY
W441,CompTIA A+ malware removal procedure: Scheduling system scans,,other,14,-0.531867431742959,0.004425833525263028,0.8468160644725368,New threats being missed because the system hasn't been scanned recently.,Use the antivirus software’s 'Task Scheduler' or built-in scheduling feature to set up daily or weekly full system scans.,Network Security & Access Control,Malware Removal,CORE 2,,SECURITY
W96,ADSL (Asymmetrical DSL (Digital Subscriber Line)) connectivity,,other,15,-0.04417388892319249,-0.19482432231882818,-0.9798429215799902,"Slow internet performance, frequent dropouts when a landline phone rings, or the DSL modem fails to establish a stable digital link with the telephone company's central switch.",Install physical inline DSL filters on all standard analog telephone lines sharing the premises to isolate high-frequency data signals from low-frequency voice lines; move the DSL modem closer to the primary phone line entry wall jack; contact the telecom provider to test the copper wire line for signal degradation.,Network Infrastructure and Media,Internet Connection Types,CORE 1,NETWORKING,
W210,"Bandwidth, UTP cabling",,other,15,-0.061017925077091535,-0.20336007552416335,-0.9772008455287445,"Network infrastructure computers communicate at degraded speeds (like 100 Mbps instead of 1 Gbps), or packet sniffer utilities log high rates of data frame corruption and signal attenuation.",Check the text markings stamped along the outer plastic jacket insulation of the copper cord to verify its classification; replace legacy Cat 5 wiring cables with modern Cat 6a structures to support stable 10 Gbps (Gigabits per second) speeds up to a maximum run distance of 100 meters.,Network Infrastructure and Media,Network Cabling and Connector Types,CORE 1,NETWORKING,
W250,Bluetooth networks: Troubleshooting,,other,15,-0.050322072698713124,-0.17853200441692257,-0.9826464330562552,"Connected audio gear stutters heavily, files fail to transfer completely, or the system manager shows a yellow warning triangle icon over the controller device.","Open the Device Manager configuration utility, right-click the wireless controller to select “Uninstall device”, restart the computer to trigger an automated driver reload, and toggle off nearby conflicting devices operating on the same 2.4 GHz (Gigahertz) frequency.",Network Infrastructure & Protocols,Wireless Networking Technologies,CORE 1,HARDWARE AND NETWORK TROUBLESHOOTING,
W293,Cable internet connectivity,,other,15,-0.03947166886315827,-0.2101279932786922,-0.9768767648981251,"Extremely slow data throughput, intermittent connection drops, or a complete loss of internet access indicated by a flashing or offline light on the cable modem.",Ensure the coaxial cable is securely tightened to both the wall outlet and the modem; inspect the cable for physical damage or sharp bends; power cycle the cable modem by unplugging it for 30 seconds to force a re-handshake with the service provider's headend.,Networking Infrastructure,Internet Service Technologies,CORE 1,NETWORKING,
W295,Cable modems,,other,15,-0.07360703587042962,-0.19096462056653454,-0.978833243184072,"The modem fails to synchronize with the provider's signal (indicated by a non-solid status light), or the device remains completely unresponsive even after receiving power.","Verify the coaxial cable connection; check the status lights for a ""DS"" (Downstream) or ""US"" (Upstream) connection fault; perform a factory reset by holding the recessed reset button for 10 seconds.",Networking Hardware,Access Devices,CORE 1,NETWORKING,
W297,Cabling: Crossover cabling,,other,15,-0.03092519420585482,-0.18176963308746744,-0.9828547363932157,"Network interfaces on both connected devices fail to establish a ""Link"" status light, or data transmission does not occur despite the cable being plugged in.","Replace the cable with a standard ""Straight-through"" cable if the connected network interface cards support ""Auto-MDIX"" (Automatic Medium-Dependent Interface Crossover), which detects and corrects the signal automatically.",Physical Infrastructure,Copper Cabling,CORE 1,NETWORKING,
W310,Cabling: RG-6 cabling,,other,15,-0.05828806286836554,-0.22018749064087811,-0.9737145221738899,"Weak internet signal, pixelation in video streams, or intermittent internet dropouts.","Inspect the entire run for tight kinks; ensure the connectors are ""Compression"" style rather than ""Crimp"" style for a secure, moisture-resistant connection.",Physical Infrastructure,Copper Cabling,CORE 1,HARDWARE,
W314,Cabling: Serial cabling,,other,15,-0.065125588546376,-0.16964974690724322,-0.9833502026698304,"Failure to connect to a switch or router console; scrambled or ""garbage"" text in the terminal window.","Verify the ""Baud rate"" settings (usually 9600) match the device configuration; test the cable with a null-modem adapter if the connection is failing.",Hardware,Legacy Interfaces,CORE 1,HARDWARE,
W412,Communications,,other,15,-0.022687995682052913,-0.20506578506927242,-0.9784851959257505,"Communication breakdown, lost packets, or professional misconduct.","Follow established protocols for networking issues, and adhere to professional standards when interacting with end-users.",Professionalism,Communication,CORE 1,PROFESSIONALISM,
W162,Attacks: DDoS attacks,,other,16,-0.17472514191232127,-0.4620995443835026,0.869445303549498,"External corporate web platforms become completely unreachable, local edge routers experience resource exhaustion, and network log analyzers show millions of incomplete connection requests originating from thousands of global IP addresses.",Coordinate with your Internet Service Provider (ISP) to reroute or block malicious connection traffic; configure an external cloud-based DDoS mitigation and scrubbing service (such as “Cloudflare”) to filter out malicious web payloads before they reach local firewalls.,Network Security & Access Control,Social Engineering and Security Threats,CORE 2,,SECURITY
W164,Attacks: DoS attacks,,other,16,-0.16006734170180623,-0.47613350878324734,0.8646822121070091,"A local network host suddenly stops responding to legitimate traffic, local switch ports lock down, or web services experience severe response delays from a single source IP address.",Isolate the source IP address by reviewing active firewall connection tables; create a temporary packet filter rule line inside your network security equipment to explicitly set an instruction to “deny” or drop all incoming traffic packets from that specific host.,Network Security & Access Control,Social Engineering and Security Threats,CORE 2,,SECURITY
W167,Attacks: Spoofing attacks,,other,16,-0.16320561933138727,-0.4494151698918213,0.8782880682838426,"Local routers forward traffic to rogue network nodes, or workstations establish unauthenticated connections with external servers masquerading as internal corporate assets.",Turn on security verification protocols like “Dynamic ARP Inspection (DAI)” and “IP Source Guard” on all network switches to block modified packets from moving across local network segments.,Network Security & Access Control,Social Engineering and Security Threats,CORE 2,,SECURITY
W168,Attacks: Zero-day attacks,,other,16,-0.18438815794066207,-0.4743145809840402,0.8608290686757644,Fully updated enterprise computer systems suffer data breaches or system file modifications without generating alerts in standard signature-based antivirus software.,Implement advanced heuristic or behavioral-based Endpoint Detection and Response (EDR) agents to detect abnormal program activity; use strict network segmentation controls to isolate critical data assets from standard user zones.,Network Security & Access Control,Social Engineering and Security Threats,CORE 2,,SECURITY
W169,Attacks: Zombies,,other,16,-0.14313781327561786,-0.469382571360128,0.8713159978526899,"Workstations slow down significantly during idle hours, network usage indicators spike abnormally without user action, and corporate IP addresses are added to global email spam blocklists.",Disconnect the suspicious computer from the Local Area Network (LAN); run an advanced offline malware scanner to locate and delete any Remote Access Trojans (RATs); patch the operating system vulnerabilities to prevent future automated network reinfections.,Network Security & Access Control,Social Engineering and Security Threats,CORE 2,,SECURITY
W266,Botnets,,other,16,-0.18418209772101032,-0.44513990369510403,0.8763146815028275,"Local network infrastructure utilization spikes heavily, system operational responsiveness plummets, and external security companies report outbound DDoS (Distributed Denial of Service) activity.","Disconnect infected equipment from physical networks, execute updated deep anti-malware suite passes, patch application vulnerabilities, and reset user authentication strings.",Security Threats & Vulnerabilities,Malware & Malicious Code,CORE 2,,SECURITY
W439,CompTIA A+ malware removal procedure: Quarantining infected systems,,other,16,-0.1681606509392674,-0.4904334261878977,0.8551006080884761,Malware spreading across the network.,Physically disconnect the network cable or disable the wireless adapter immediately upon identifying the infection.,Network Security & Access Control,Malware Removal,CORE 2,,SECURITY
W84,Administrative Tools: Computer Management,,other,17,0.95016269180042,0.191644555972149,0.24589270683942185,"A technician is forced to open multiple individual windows to troubleshoot a system, resulting in slow diagnostic workflows and inefficient local system auditing.","Right-click the Windows Start menu button and select Computer Management, or type ""compmgmt.msc"" into the Run dialog box (""Win + R"") to pull up the consolidated console interface.",Operating Systems Management,Windows Administrative Utilities,CORE 2,,OPERATING SYSTEMS
W85,Administrative Tools: Device Manager,,other,17,0.9487262754886573,0.20867196192316478,0.23743307794946722,"An external peripheral device (like a webcam or network card) completely fails to function, displaying a generic yellow exclamation point triangle, a red ""X"", or an ""Unknown Device"" listing in the operating system interface.","Open Device Manager; locate the malfunctioning hardware listing; right-click the item and select Update Driver to point the system to the vendor's software files; if it still fails, select Uninstall Device, unplug the peripheral, restart the computer, and plug it back in to force a hardware rescan.",Operating Systems Management,Windows Administrative Utilities,CORE 2,,OPERATING SYSTEMS
W90,Administrative Tools: Performance Monitor,,other,17,0.9448353400360998,0.1966498597500509,0.261944675225806,"A computer becomes painfully sluggish or freezes up during heavy workloads, but Task Manager fails to provide enough historical context or granularity to determine if the bottleneck is caused by the storage disk, RAM capacity, or processing power.","Open Performance Monitor; click the green plus sign (""+"") to add performance counters like ""% Processor Time"" or ""Avg. Disk Queue Length""; run a Data Collector Set over a few hours to log system performance data into a report for deep bottleneck analysis.",Operating Systems Management,Windows Administrative Utilities,CORE 2,,OPERATING SYSTEMS
W91,Administrative Tools: Services,,other,17,0.954699543148108,0.18795759338469523,0.2306961755249262,"A feature like printing fails completely, or a laptop is unable to discover any local Wi-Fi networks because the background service responsible for that task has stalled or failed to start up during system boot.","Open the Services console; locate the relevant background process (e.g., ""Print Spooler"" or ""WLAN AutoConfig""); right-click the service name and select Restart to clear out the software stall; double-click the service and verify that its Startup type is configured to Automatic.",Operating Systems Management,Windows Administrative Utilities,CORE 2,,OPERATING SYSTEMS
W92,Administrative Tools: Task Scheduler,,other,17,0.9429723968810227,0.22022269651967027,0.24960974071150402,"Daily automated data backup scripts, disk cleanup routines, or antivirus updates fail to run consistently overnight, leaving a corporate computer out of compliance.","Launch Task Scheduler; review the Task Scheduler Library to check the status of active automation routines; examine the ""Last Run Result"" column to find error codes; double-click a task to modify the active system trigger conditions or update the administrative credentials used to run the script.",Operating Systems Management,Windows Administrative Utilities,CORE 2,,OPERATING SYSTEMS
W124,"App History tab, Task Manager",,other,17,0.9494576951567992,0.17781666051234116,0.25867222570615767,Difficulty identifying which background application or process consumed excessive network data limits or triggered data overage charges on a corporate network plan.,"Launch Task Manager (""Ctrl + Shift + Esc""), click the App History tab, click on individual column headers to sort by resource usage metrics (such as sorting by Network to find data-heavy applications), and clear history logs to start tracking fresh performance baselines.",Operating Systems Management,Windows Administrative Utilities,CORE 2,,OPERATING SYSTEMS
W140,"Applications: Pinned applications, Windows Desktop",,other,17,0.9531273017677737,0.20699695107596738,0.220682144429804,"Shortcut icons turning blank or throwing a ""File path not found"" error when clicked, which usually happens if the underlying software program was uninstalled or moved to a different folder.","Right-click the broken shortcut icon and select Unpin from taskbar to clear the old reference; open the Start Menu or search for the application executable file; right-click the program icon and select ""Pin to taskbar"" to rebuild a fresh, working shortcut path.",Operating Systems Management,Operating System Features,CORE 2,,OPERATING SYSTEMS
W143,Applications: Stopping,,other,17,0.9393797776551421,0.2105725187983679,0.2706009010692435,"A program window freezes up, locking system memory resources and blocking users from reopening a fresh instance of the application because the original process is stuck in the background.","Open Task Manager (""Ctrl + Shift + Esc""); click on the Processes tab; locate the broken or hanging application process name; right-click it and select ""End Task"" to clear it from system memory.","Motherboards, RAM, and CPU Diagnostics",Operating System and Application Troubleshooting,CORE 2,,SOFTWARE TROUBLESHOOTING
W175,"Audio devices, Sound (Control Panel)",,other,17,0.9566651209149788,0.17115832105295442,0.2355773239491932,"Sound outputs play through a laptop's built-in internal speakers instead of a newly connected desktop speaker system, or a communication app fails to capture microphone audio inputs.","Press the keyboard shortcut “Win + R” to open the Run window, type the explicit control command “mmsys.cpl” to launch the Sound settings panel, right-click the target audio device hardware listing, and select an instruction to “Set as Default Device” to reroute the audio stream.",Operating Systems Management,Windows Control Panel Applets,CORE 2,,OPERATING SYSTEMS
W302,Cabling: Fiber optic cabling/connectivity,,other,18,-0.07001717561572239,0.21235571276924134,-0.9746807920406888,Total loss of connectivity over long distances or significantly degraded performance due to physical cracks in the glass or dirty connectors.,"Use a fiber optic inspection scope to check the connector tips for dust or oils; clean them with a lint-free wipe and specialized fiber-cleaning solvent; use a ""Visual Fault Locator"" to check for light leakage indicating a break.",Networking,Fiber Optic Cabling,CORE 1,NETWORKING,
W307,Cabling: Multimode cabling,,other,18,-0.08973291441970195,0.20249315925988823,-0.9751638449628329,Signal loss over long distances (beyond the typical 500-meter range) or excessive dispersion causing bit errors.,"Verify that the cable type (e.g., OM3 or OM4) matches the transceivers being used; if the distance is too long, convert to ""Single-mode"" cabling or use a signal repeater.",Networking,Fiber Optic Cabling,CORE 1,NETWORKING,
W312,Cabling: SC,,other,18,-0.07658507598684929,0.23106993076655696,-0.9699182507982965,"Loose connection or difficulty in properly seating the connector, resulting in intermittent link loss.",Ensure the connector clicks into place; inspect the connector for damaged latches; clean the fiber face with a specialized wipe.,Networking,Fiber Optic Cabling,CORE 1,NETWORKING,
W315,Cabling: Signal attenuation,,other,18,-0.0650764678542533,0.19463986761162247,-0.9787136329221865,"Slower network speeds as cable length increases, or total loss of signal on cable runs exceeding the maximum specified length.",Use a signal repeater or switch to boost the signal; ensure cable runs do not exceed the standard 100-meter limit for UTP (Unshielded Twisted Pair) copper cabling.,Networking,Copper Cabling,CORE 1,NETWORKING,
W316,Cabling: Single-mode cabling,,other,18,-0.10385720484630331,0.21668958906521416,-0.9707004187658836,Link failure on very long-range connections; mismatched transceiver types.,Ensure the fiber type is compatible with the transceiver; check for signal loss using a power meter; re-terminate the fiber if light intensity is too low.,Networking,Fiber Optic Cabling,CORE 1,NETWORKING,
W416,Communications: Wired networks,,other,18,-0.05429503091093264,0.22725441253508602,-0.9723206680934606,"Link lights off, 'No Network Access' warnings, or slow transfer speeds.","Test the physical cable, check port connectivity on the switch, and verify NIC (Network Interface Card) drivers.",Network & Hardware,Networking,CORE 1,NETWORKING,
W123,.app files,,other,19,0.3503291506664018,0.8014969175500539,0.4846361288132775,"Double-clicking an application icon throws a ""Package corrupted"" notification prompt, or software programs fail to launch due to missing internal assets within the bundle directory.","Right-click the app file icon and select ""Show Package Contents"" to verify that internal resource assets exist; check file permission parameters inside the Terminal console application; download and replace the bundle directory file from an authenticated source.",Operating Systems Management,Operating System Features,CORE 2,,OPERATING SYSTEMS
W136,"Applications: Installing, macOS (OS X)",,other,19,0.33301979323042785,0.8144446480580928,0.4751607439238774,"The system throws an explicit security warning popup stating the application ""cannot be opened because it is from an unidentified developer,"" blocking the installation process.","Open System Settings > Privacy & Security; locate the security section that flags the blocked installation; click the ""Open Anyway"" button to bypass the warning; use an administrative account profile to confirm the execution override.",Operating Systems Management,Operating System Features,CORE 2,,OPERATING SYSTEMS
W137,Applications: macOS (OS X),,other,19,0.3395543905410371,0.7950991724525996,0.5025138026258542,"Finder windows freezing up completely, native file indexing tools failing to search local directories, or Safari web extensions causing system resource issues.",Relaunch the Finder utility by choosing it from the Force Quit window layout; clear system cache files from the user library path folder; run built-in system diagnosis tools.,Operating Systems Management,Operating System Features,CORE 2,,OPERATING SYSTEMS
W141,"Applications: Quitting, Force Quit, macOS (OS X)",,other,19,0.3590788881627892,0.8077294602791733,0.46758472074362134,"An active application window locks up completely, showing a spinning color wheel icon, and clicking the window's standard red close button (""X"") fails to shut down the program.","Press the keyboard shortcut combination ""Cmd + Option + Esc"" to open the dedicated Force Quit Applications manager window; select the non-responding application name from the list box; click the ""Force Quit"" button to instantly kill the underlying process.",Operating Systems Management,Operating System Features,CORE 2,,OPERATING SYSTEMS
W146,"Applications: Uninstalling, macOS (OS X)",,other,19,0.315754089179663,0.8133187371197135,0.4886839336588791,"Stale application configuration files and plist properties files remaining behind on the storage drive after deleting an application icon, taking up valuable disk space and causing performance conflicts with newer versions.","Drag the target application package out of the ""/Applications"" directory path and drop it onto the Trash icon; open the hidden user ""~/Library/Preferences"" and ""~/Library/Application Support"" directories to delete any remaining folders labeled with the vendor's name.",Operating Systems Management,Operating System Features,CORE 2,,OPERATING SYSTEMS
W23,A Records,,other,20,-0.19091668615936944,-0.8000128262501169,-0.5687972369669397,"""Server not found"" or ""Site cannot be reached"" errors in web browsers, even though the target server can be successfully reached using its raw numerical IPv4 address.",Run nslookup or dig followed by the domain name to query the DNS server; log into the authoritative DNS zone management panel and verify that the host record is correctly spelled and pointing to the valid public IPv4 address. ,Network Infrastructure Services,DNS (Domain Name System) Records,CORE 1,NETWORKING,
W25,AAAA Records (Quad-A Records),,other,20,-0.17533166851306048,-0.7990727079599873,-0.5751013940253656,"Client machines configured exclusively for IPv6 networks fail to connect to a website or network resource, while IPv4 clients connect without issue.",Execute “nslookup -type=aaaa [domain_name]” to verify if the record exists; check the authoritative DNS host configuration to ensure the exact 8-part hexadecimal IPv6 address is entered correctly without typos.,Network Infrastructure Services,DNS (Domain Name System) Records,CORE 1,NETWORKING,
W80,"Addressing: IPv4 (Internet Protocol version 4), loopback addresses",,other,20,-0.18761344321379628,-0.8092508976641849,-0.556699362811899,"Running a ping command to ""127.0.0.1"" returns an error message like ""Ping request could not find host"" or ""General failure,"" indicating the operating system's software network stack is broken.","Open the Command Prompt and type ping ""127.0.0.1""; if the ping fails, reset the network configurations by running the command ""netsh int ip reset"" followed by a complete reboot of the operating system.",Network Infrastructure and Media,IP Addressing (IPv4),CORE 1,NETWORKING,
W81,Addressing: IPv6 (Internet Protocol version 6),,other,20,-0.19303779950728506,-0.7913554419518124,-0.580080143130789,"Workstation cannot connect to modern IPv6-only web services, or local area network configurations show a ""Link-local IPv6 Address"" beginning with ""fe80::"" but lack a global routing address.","Check your network adapter properties to ensure the Internet Protocol Version 6 (TCP/IPv6) checkbox is enabled; run ""ipconfig /all"" to review active configurations; verify that your internet service provider (ISP) and local edge router have IPv6 routing protocols turned on.",Network Infrastructure and Media,IP Addressing (IPv6),CORE 1,NETWORKING,
W121,APIPA (Automatic Private IP Addressing): IPv4 configurations,,other,20,-0.16598241965042593,-0.8076125443549127,-0.5658726133747539,"Running the ""ipconfig"" command reveals a local network adapter IP address starting with ""169.254.x.x"", resulting in the workstation losing local routing access past its immediate local network layer.","Verify physical network cable connectivity or wireless radio associations; check that the local area network (LAN) dynamic host configuration protocol (DHCP) server daemon is running and has available address leases left in its scope allocation; run the command sequences ""ipconfig /release"" followed by ""ipconfig /renew"" in the command prompt.",Network Infrastructure Services,IP Addressing Services (DHCP),CORE 1,NETWORKING,
W122,"APIPA (Automatic Private IP Addressing): Messages, troubleshooting",,other,20,-0.20389361025777625,-0.803675401777811,-0.5590467281661916,"Network status icons showing active connectivity warnings, browser windows immediately failing to navigate out to local or wide area network (WAN) resources, or internal network connection diagnostics pointing to missing default gateway values.","Check if other local area network (LAN) client endpoints are also experiencing identical ""169.254.x.x"" configurations to isolate a server failure; check for local network switch connection or virtual local area network (VLAN) assignment mistakes; configure a temporary static IP address profile to bypass automated dynamic allocation bugs.",Network Infrastructure and Media,Troubleshooting Methodologies,CORE 1,HARDWARE & NETWORK TROUBLESHOOTING,
W156,Arp command,,other,20,-0.17553988234522006,-0.7899700071999607,-0.5874803293989681,"Workstations map local communication packets to incorrect network hardware paths, or technicians suspect localized address interception attacks but cannot confirm local hardware configurations.","Open a command window or terminal session and input the command “arp -a” to view the complete local map of IP-to-MAC associations, allowing you to check for duplicate hardware addresses on the Local Area Network (LAN).",Network Infrastructure and Media,Protocols and Network Communication,CORE 1,NETWORKING,
W341,Changing: SSID,,other,20,-0.17589706608489836,-0.816405908065162,-0.5500378308980419,Network being easily targeted by attackers who know the default security vulnerabilities of common router brands.,"Access the wireless router's administrative page; find the Wireless/WLAN (Wireless Local Area Network) settings; update the SSID to a unique, non-identifying name.",Networking,Wireless Security,CORE 2,,SECURITY
W356,CIDR (Classless Inter-Domain Routing),,other,20,-0.2080716450925925,-0.7903437941203875,-0.5762489718896279,"IP address conflicts, inability to communicate between subnets, or gateway routing errors.","Audit the network configuration to ensure the correct subnet mask is applied, and verify that the router is correctly configured to interpret CIDR notation (e.g., '/24').",Network & Hardware,Networking,CORE 1,NETWORKING,
W358,Classful IP addresses,,other,20,-0.1572253575788945,-0.8010579650395662,-0.5775693236148004,Address exhaustion or inefficient use of IP address ranges in modern networks.,Transition the network to CIDR (Classless Inter-Domain Routing)-based addressing to improve scalability and IP allocation efficiency.,Network & Hardware,Networking,CORE 1,NETWORKING,
W359,Classless IP addresses,,other,20,-0.20035327853818355,-0.8134028616688478,-0.5461083669089225,Routing loops or network configuration errors caused by mismatched subnet masks.,Standardize the subnet mask across all devices in the network segment and confirm the router configuration matches the intended network topology.,Network & Hardware,Networking,CORE 1,NETWORKING,
W402,Command line: Ping command,,other,20,-0.1897759966645509,-0.7823151607445249,-0.5932689612302707,Request timed out' messages or 'Destination host unreachable' errors.,"Verify physical network connectivity, check local IP settings, and ensure that the firewall is not blocking ICMP traffic.",Network & Hardware,Networking Tools,CORE 1,NETWORKING,
W405,Command line: Test-connection command,,other,20,-0.15880096341171984,-0.8165878057773461,-0.5549473934304483,Connectivity reports failing to return or connection errors being reported.,"Ensure the target device is powered on, verify network routing, and check that the target device permits WMI (Windows Management Instrumentation) or ICMP traffic.",Operating Systems,Command Line Interface (CLI),CORE 2,,OPERATING SYSTEMS
W181,Authentication: Behavioral factors,,other,21,0.3268042054158221,-0.9361620257417811,0.12961355207530545,"Automated scripts use valid stolen passwords to log into user accounts, bypassing basic security checks because the system cannot differentiate between human and machine inputs.","Integrate user behavioral analytics software into the enterprise identity validation framework to continuously monitor active user sessions, flagging abnormal input patterns and prompting for secondary verification if anomalies are detected.",Network Security & Access Control,Identity and Access Management,CORE 2,,SECURITY
W183,Authentication: Inherence factors,,other,21,0.345680822014562,-0.9306974086596913,0.11961230206576581,"Users bypass computer locking mechanisms by stealing physical key tokens or shoulder-surfing numeric password strings, leaving endpoints vulnerable to unauthorized physical access.",Deploy peripheral biometric fingerprint readers or integrate infrared facial recognition cameras; activate biometric login platforms (such as “Windows Hello”) via group policy to require inherence factors for system access.,Network Security & Access Control,Identity and Access Management,CORE 2,,SECURITY
W185,Authentication: Knowledge factors,,other,21,0.33243708916544124,-0.9313425440723451,0.14861577085915423,Workstations are compromised because users choose weak passwords (like “password123”) or share their personal login credentials with coworkers.,"Use Group Policy Objects (GPOs) to enforce strict password complexity parameters, requiring a minimum character length, uppercase letters, lowercase letters, numbers, and special symbols.",Network Security & Access Control,Identity and Access Management,CORE 2,,SECURITY
W188,Authentication: Possession factors,,other,21,0.32258070884179985,-0.9399332805692204,0.11165623297203353,Remote attackers easily log into internal company networks from thousands of miles away using only stolen password strings.,Distribute physical hardware security keys or smart cards to all enterprise employees; configure endpoint smart card readers to require users to physically insert their card before unlocking workstation interfaces.,Network Security & Access Control,Identity and Access Management,CORE 2,,SECURITY
W221,"Behavioral factors, authentication",,other,21,0.35855718568038,-0.9238349001106657,0.13403664399887766,"Automated script bots use valid stolen password strings to log into secure remote user profiles, bypassing basic security checks because the system cannot differentiate between human inputs and programmatic commands.","Integrate user behavioral analytics software components into the corporate identity verification framework to continuously monitor active system sessions, flagging abnormal input speeds and prompting for multi-factor authentication if anomalies occur.",Network Security & Access Control,Identity and Access Management,CORE 2,,SECURITY
W234,Biometrics,,other,21,0.3114375289238895,-0.9391753157507272,0.14476322689931764,"Users experience ""False Rejection"" where legitimate users are locked out, or ""False Acceptance"" where unauthorized individuals gain access.","Clean the biometric scanner hardware surface, recalibrate the threshold sensitivity settings within the security management software, and re-enroll the user’s physical profile templates.",Identity and Access Management,Physical & Logical Authentication,CORE 2,,SECURITY
W195,Automobile synchronization,,other,22,0.8188723502512734,0.4085468171514511,-0.4031594872868237,"The vehicle's dashboard screen displays connection errors, contacts or media files fail to synchronize, or audio streams drop out intermittently while driving.","Access your smartphone settings menu, open the Bluetooth properties pane, locate the vehicle profile entry, and select an instruction to “Forget Device”; clear out old phone links inside the vehicle's media display options, and restart the pairing process from scratch to establish a clean data link.",Mobile Devices and Mobile Hardware,Mobile Device Connectivity,CORE 1,MOBILE DEVICES,
W329,Car synchronization,,other,22,0.799302994785071,0.4324211743191021,-0.4172848553783201,"Phone fails to pair with the car, media audio does not play, or navigation maps do not appear on the dashboard.","Delete the phone profile from the car's system and the car profile from the phone, then perform a fresh pairing; ensure the OS of the mobile device is updated.",Mobile Devices,Integration,CORE 2,,OPERATING SYSTEMS
W32,"Access: Ease of Access, Control Panel",,other,23,0.36861134419135916,0.7854346463674515,-0.497210310853542,"A user accidentally locks themselves into an unreadable inverted color scheme, or a keyboard continuously types duplicate letters or drops characters because a feature like Sticky Keys or Filter Keys was triggered by mistake.","Open Control Panel and click ""Ease of Access Center"" (or press Windows Key + U); turn off accessibility checkboxes that are conflicting with user input; adjust typing delay and feedback thresholds to standard default limits.",Operating Systems Management,Windows Control Panel Applets,CORE 2,,OPERATING SYSTEMS
W41,Accessories: Drawing pads,,other,23,0.3486642650373211,0.7889753552805194,-0.5059161185868295,"Cursor skips across the screen erratically, pen pressure levels fail to register inside design apps, or touch functions are completely unresponsive.",Disconnect and reconnect the interface cable; completely remove generic operating system HID (Human Interface Device) pointer drivers and install the vendor's proprietary device driver pack; run the integrated calibration utility to map the pad area to your monitor coordinates.,Peripherals and Hardware,Input Devices,CORE 1,HARDWARE,
W43,Acessories: Styluses,,other,23,0.36622216775966165,0.7968739069939081,-0.4804927680971674,"Digitizer screen ignores pen strokes completely, line rendering lags behind the physical pen movement, or pressure sensitivity features are missing.",Change the internal battery or charge the active stylus; inspect and replace the plastic pen tip nib if it is worn down or flat; re-pair the device via Bluetooth and verify app configuration support.,Peripherals and Hardware,Input Devices,CORE 1,HARDWARE,
W44,Accessories: Touchpads,,other,23,0.36956622822917173,0.7749001015042535,-0.5127871250735158,"The cursor jumps erratically while typing on the keyboard, mouse clicks fail to register, or multi-finger gestures like scrolling fail to work.","Clean the touchpad surface with a lightly damp microfiber cloth to remove skin oils; use the ""Fn"" key shortcut (e.g., Fn+F7) to verify the touchpad wasn't accidentally disabled; check Windows Settings to lower palm-rejection sensitivity settings so your palm doesn't trigger accidental inputs while typing.",Mobile Devices and Mobile Hardware,Laptop Hardware Components,CORE 1,MOBILE DEVICES,
W45,Accessories: Trackpads,,other,23,0.3384678340029621,0.8013948769438111,-0.49315897695728633,"The physical trackpad surface lifts or pops out of the laptop chassis enclosure, or clicking mechanisms become rigid and physically impossible to press down.","Safety Warning: If the surface is lifting, check for a internal swollen battery immediately; remove power, safely replace the expanding battery module, and inspect the trackpad structure for permanent structural damage before reassembling.",Mobile Devices and Mobile Hardware,Laptop Hardware Components,CORE 1,MOBILE DEVICES,
W127,Apple: iPadOS,,other,23,0.38572604594391857,0.7856352128070236,-0.48372795027590954,"Slide Over or Split View multi-tasking interfaces failing to display properly, external dock displays failing to scale resolution windows correctly, or file mapping tools dropping cloud share access paths.",Close running processes via the application switcher; update the system software layer; navigate to accessibility configurations to verify touch gesture parameters are matching operational intents; execute an all-settings reset routine.,Operating Systems Management,Mobile Operating Systems,CORE 2,,OPERATING SYSTEMS
W29,Access: ACL (Access Control List),,other,24,0.893867830364866,-0.4458436073844488,0.047156967600012666,"Authorized network traffic is blocked entirely when trying to reach a server segment, or insecure external traffic passes through a perimeter firewall unfiltered.","Review the sequential rule ordering on the router/firewall via CLI or management console; ensure that a broad ""deny all"" statement isn't placed ahead of specific ""permit"" lines, as ACL rules process sequentially from top to bottom.",Network Security & Access Control,Logical Security Controls,CORE 2,,SECURITY
W36,"Access: Windows networks, sharing access",,other,24,0.901136884391585,-0.43177428514077704,0.03902924903451737,"A user can view a shared folder across the network but receives an explicit ""You do not have permission to access this folder"" error when trying to write or save a new file inside it.","Right-click the folder and select Properties; check both the Share Permissions and NTFS (New Technology File System) Permissions tabs; remember that when these lists conflict, the system enforces the most restrictive cumulative permission match between the two lists.",Operating Systems Management,Windows File and Folder Sharing,CORE 2,,OPERATING SYSTEMS
W68,ACL (Access Control Lists),,other,24,0.895587213249217,-0.4404566837422095,0.06262150757780284,"Users are blocked from opening folders essential to their daily tasks, or network workstations are unable to connect to an external server resource due to an overly restrictive rule line."," To fix a network ACL issue, trace rule order from top-to-bottom and fix any conflicting ""deny"" strings; for file permissions issues, right-click the folder, go to ""Properties > Security"", and edit the user lists to ensure the necessary permissions (Read/Write) are selected.",Network Security & Access Control,Logical Security Controls,CORE 2,,SECURITY
W82,Administrative shares,,other,24,0.8924906732962358,-0.44988845902582025,0.032569502830170016,"An administrator receives an ""Access Denied"" or ""Network path not found"" error when trying to remotely connect to a workstation's root drive via a UNC path (e.g., trying to browse to ""\\ComputerName\C$"").","Verify that the ""File and Printer Sharing"" service is enabled on the remote computer's firewall; ensure you are authenticating with valid domain administrator credentials; check the Windows Registry to confirm that administrative shares haven't been disabled via the ""AutoShareWks"" or ""AutoShareServer"" registry keys.",Operating Systems Management,Windows File and Folder Sharing,CORE 2,,OPERATING SYSTEMS
W147,Applications: User permissions,,other,24,0.9056385893525954,-0.4209994138332566,0.05077636288171341,"An application crashes or displays an explicit ""Access Denied: Administrative Privileges Required"" error message when trying to save a configuration file or write data to a system directory.","Right-click the application shortcut icon and select ""Run as administrator"" to grant it elevated privileges for that session; open the folder's properties sheet, navigate to the Security tab, and adjust the NT File System (NTFS) access control list or permissions to grant the user profile explicit Read and Write access.",Network Security & Access Control,Access Control Management,CORE 2,,SECURITY
W171,Attrib command,,other,24,0.8876259913093522,-0.4567046469173241,0.05950600840429916,"A technician cannot view critical system configuration files inside a directory, or manual attempts to edit a specific text file return a prompt stating “Access Denied: File is Read-Only.”","Open an elevated command prompt interface and execute the clear attribute command line instruction “attrib -r -s -h ” to safely strip away restrictive flags, allowing you to edit or view the file.",Operating Systems Management,Windows Command-Line Utilities,CORE 2,,OPERATING SYSTEMS
W334,Cd command (Linux/Windows),,other,24,0.9005560659213753,-0.4341327808114108,0.022967384639253494,"Returns ""Path not found"" or ""Access denied"" errors.",Verify the folder name spelling and path structure; ensure you are not trying to navigate into a system-protected folder without necessary permissions.,Operating Systems,CLI Utilities,CORE 2,,OPERATING SYSTEMS
W347,Chmod command,,other,24,0.9010733785072047,-0.42781439664444754,0.07100428557037489,Permission denied when trying to execute or modify a file.,Use “chmod +x filename” to make a script executable or “chmod 755 filename” to set appropriate read/write/execute permissions.,Operating Systems,Linux CLI,CORE 2,,OPERATING SYSTEMS
W348,Chown command,,other,24,0.8851508200922196,-0.4638052362206416,0.037319278454783666,Inability to manage or edit files even if permissions seem correct; files owned by the wrong user account.,Use “chown username:groupname filename” to assign the correct owner and group to the file.,Operating Systems,Linux CLI,CORE 2,,OPERATING SYSTEMS
W350,Cd command: Windows 10,,other,24,0.9093511460888696,-0.41450430409237543,0.0355903778535014,Encountering 'The system cannot find the path specified' or being unable to switch drives without using the '/d' switch.,Use the 'cd /d [drive:][path]' command to switch both the drive and the folder simultaneously; ensure the path is correctly typed and does not exceed maximum character limits.,Operating Systems,Command Line Interface (CLI),CORE 2,,OPERATING SYSTEMS
W357,CIFS (Common Internet File System) protocol,,other,24,0.8893324723443882,-0.45090994273150237,0.0759471999463519,"Inability to map network drives, 'Access Denied' errors when opening shared files, or slow file transfer speeds.","Verify the service is running, ensure the firewall allows traffic on port 445, and check user permissions on the shared folder.",Network & Hardware,Networking Protocols,CORE 1,NETWORKING,
W86,Administrative Tools: Event Viewer,,other,25,-0.7634025624866841,-0.4872393667692862,0.42404519459490325,"The computer experiences mysterious application crashes or sudden Blue Screens of Death (BSOD) with generic stop codes, making it difficult to pinpoint the exact driver or application causing the system crash.","Launch Event Viewer; expand the Windows Logs directory tree; select the System log to look for red ""Error"" or ""Critical"" flags timestamped at the exact moment of the system crash; isolate the specific Event ID and source file listed in the details panel to target the fix.",Operating Systems Management,Windows Administrative Utilities,CORE 2,,OPERATING SYSTEMS
W109,"Analyzing: Detection/analysis phase, incident response",,other,25,-0.7562175906336799,-0.5059673005010729,0.41488799264361587,Security teams deploy incorrect containment methods or isolate the wrong systems because they rushed to respond without properly confirming the source or type of a malware infection or intrusion event.,"Isolate and review system logs from firewalls, SIEM (Security Information and Event Management) platforms, and endpoint protection software; capture network traffic samples to verify attack patterns; document all findings carefully before moving to Step 3 (Containment) of the incident response plan.",Network Infrastructure and Operational Procedures,Incident Response Procedures,CORE 2,,OPERATING SYSTEMS
W130,Application logs,,other,25,-0.7526911123380908,-0.4885300182785958,0.4413553111133502,"Database tools, office suites, or custom software suites crashing quietly back to the desktop without throwing an error window, leaving the user with no immediate explanation for the crash.","Open Event Viewer (""eventvwr.msc""); expand the Windows Logs hierarchy tree; click Application; filter the current view by selecting ""Error"" checkboxes; analyze the specific Event ID, faulting module path, and application return code to find the broken file.",Operating Systems Management,Windows Administrative Utilities,CORE 2,,OPERATING SYSTEMS
W132,"Applications: Crashes, troubleshooting",,other,25,-0.7725234431821247,-0.4869181383154473,0.40757607426522674,"Software programs instantly vanishing mid-use, frozen window borders that stop responding to inputs, or blue screen stop errors triggered by application memory access violations.",Check active application or system logs for explicit error dump summaries; end hanging processes using Task Manager; verify that the application has the latest software updates and patches installed; execute an application repair configuration inside the Windows Apps and Features Control Panel menu.,"Motherboards, RAM, and CPU Diagnostics",Operating System and Application Troubleshooting,CORE 2,,SOFTWARE TROUBLESHOOTING
W177,Audit logs,,other,25,-0.7429874490061229,-0.5145780043075521,0.4279943084928008,"Information security officers are unable to trace who accessed or deleted a sensitive folder on a network share, or they lack the visibility needed to investigate a suspected insider data breach.","Open the Local Security Policy tool by running “secpol.msc”, navigate to “Local Policies > Audit Policy”, and enable tracking for specific system events (such as “Audit account management” or “Audit object access”) to begin capturing logs in Event Viewer.",Operating Systems Management,Windows Administrative Utilities,CORE 2,,OPERATING SYSTEMS
W178,Audit success events,,other,25,-0.7661287904579112,-0.47053722453865393,0.4377686566612079,"Security log tables fill up with millions of routine informational entries, consuming large amounts of storage disk space and making it difficult to spot actual failed system attack logs.","Launch Event Viewer by running the instruction “eventvwr.msc”, open the “Security” log folder, select “Filter Current Log” from the actions menu, and adjust the filters to exclude success codes or limit tracking to critical security event groups.",Operating Systems Management,Windows Administrative Utilities,CORE 2,,OPERATING SYSTEMS
W35,Access: UAC (User Account Control),,other,26,0.033550905895668864,-0.19589407595680877,0.9800509413895832,Legitimate system installation tools crash out during automated deployments because the hidden background script cannot interactively click through a protective UAC confirmation prompt.,"Type ""User Account Control Settings"" in the Windows search bar; adjust the slider mechanism to alter notifications; for enterprise automated software packaging, use administrative bypass methods or adjust settings globally via Group Policy Objects (GPOs).",Operating Systems Management,Windows Security Features,CORE 2,,OPERATING SYSTEMS
W142,Applications: Security,,other,26,0.05900227425448925,-0.20876748467210637,0.9761838294995875,"Unauthorized database modifications, privilege escalation events where standard users gain system administrative controls, or arbitrary code execution bugs triggered by buffer overflows.",Enforce secure software configuration policies; implement user account control alerts; patch application software libraries regularly; strip unneeded application packages out of local endpoint environments.,Network Security & Access Control,Application Security,CORE 2,,SECURITY
W434,CompTIA A+ malware removal procedure: Disabling System Restore,,other,26,0.042800233258905,-0.17129112736934432,0.9842903482801821,Malware reappearing after a reboot.,Navigate to 'System Protection' in the Control Panel and select 'Configure' to turn off System Protection for the infected drives.,Network Security & Access Control,Malware Removal,CORE 2,,SECURITY
W22,802.1X wireless protocol,,other,27,0.4021746903641391,-0.9000592644962518,-0.16777615690250836,"Client devices receive an ""Authentication Failed"" or ""Network Rejected Connection"" message when trying to join the corporate network, despite entering valid user credentials.",Verify physical network connectivity between the wireless access point and the backend RADIUS server; ensure the client device has the correct security certificates installed; check the server's Active Directory logs to see if the user account is locked or disabled.,Network Security & Access Control,Wireless Security Standards,CORE 2,,SECURITY
W24,"AAA (Authentication, Authorization, Accounting) Servers",,other,27,0.4156038160908136,-0.8924421893002544,-0.17555741741015063,"ERROR SYMPTOMS: Users are entirely blocked from logging into switches, routers, or corporate VPNs, or network administrators lack historical visibility into who made specific configuration changes during a security incident.",Check physical network path and port connectivity (UDP 1812/1813 for RADIUS; TCP 49 for TACACS+) between the access device and the server; verify that the shared secret key matches identically on both sides; audit the server's authentication logs.,Network Security & Access Control,Security Servers,CORE 1,NETWORKING,
W34,Access: Remote access,,other,27,0.4081280176568669,-0.9000240023247879,-0.15293239173813486,"The remote session connection drops out or times out with a ""Remote Desktop can’t connect to the remote computer"" notice, or SSH terminals fail to open.",Confirm the remote host machine is powered on and has active remote connections enabled within its system properties; verify that local and network firewalls aren't blocking the appropriate port traffic (TCP 3389 for RDP; TCP 22 for SSH).,Network Infrastructure Services,Remote Access Protocols,CORE 2,,OPERATING SYSTEMS
W37,Access: WPA2 (Wi-Fi Protected Access 2),,other,27,0.3973867399870493,-0.8994765003273424,-0.1817300312038209,"Wireless devices repeatedly drop connections or fail to authenticate due to a pre-shared key mismatch, or networks are vulnerable to offline brute-force key cracks using captured handshake packets.",Access the wireless controller; verify the passphrase strength; upgrade routers to support longer keys; migrate highly sensitive enterprise traffic over to WPA2-Enterprise (Wi-Fi Protected Access) mode to replace shared passwords with unique per-user 802.1X network authentication tokens.,Wireless Networks,Wireless Security Standards,CORE 2,,SECURITY
W38,Access: WPA3 (Wi-Fi Protected Access 3),,other,27,0.4266472922861649,-0.8893752542058232,-0.16426729799692644,Legacy client devices cannot see the wireless SSID (Service Set Identifier) or fail to connect when the access point security is switched to WPA3-Only (Wi-Fi Protected Access 3) mode.,"If you have older client devices on the network, change the access point security configuration to ""WPA2/WPA3 (Wi-Fi Protected Access 2/3) Mixed Mode"" (Transition Mode); update the client network card drivers and operating system patches so they can recognize the newer WPA3 (Wi-Fi Protected Access 3) frames.",Wireless Networks,Wireless Security Standards,CORE 2,,SECURITY
W98,AES (Advanced Encryption Standard),,other,27,0.3918663211120816,-0.906718986988219,-0.15588927164221766,"Network data or hard drive partitions are vulnerable to offline dictionary cracking attacks due to the use of outdated encryption algorithms like TKIP (Temporal Key Integrity Protocol), WEP (Wire Equivalent Privacy), or DES (Data Encryption standard) instead of AES (American Encryption Standard).",Access the wireless access point or router management panel and switch the security configuration dropdown menu from legacy TKIP over to AES (or CCMP (Counter Cipher Mode with Block Chaining Message Authentication Code Protocol (CBA-MAC))/GCMP (Galois/Counter Mode Protocol)); ensure all corporate data encryption policies mandate the use of AES-256 bit lengths for data at rest and data in transit.,Network Security & Access Control,Wireless Security Standards,CORE 2,,SECURITY
W101,"AirDrop, troubleshooting",,other,27,0.41232797578047004,-0.8908090934148596,-0.19090521071509867,"A user trying to send a file receives a ""No Devices Found"" error, or a neighboring Apple laptop or smartphone fails to appear in the active share window despite being held right next to the machine.","Verify that both Bluetooth and Wi-Fi radios are enabled on both devices; turn off Airplane Mode; check the target device's AirDrop receiving settings inside the Control Center to ensure it is configured to ""Everyone"" or ""Contacts Only"" instead of ""Receiving Off""; disable Personal Hotspot connections.",Mobile Devices and Mobile Hardware,Mobile Device Connectivity,CORE 1,HARDWARE & NETWORK TROUBLESHOOTING,
W184,Authentication: Kerberos,,other,27,0.420772744095331,-0.8955275288197734,-0.14484730909628657,"Users can log into their local computers but are completely blocked from accessing network file shares or printers, throwing errors about missing security tickets or system clock mismatches.","Check the system clock time on the client workstation; ensure it is synchronized within exactly 5 minutes of the domain controller's clock time, as Kerberos security tokens will be rejected automatically if the time drifts too far apart.",Operating Systems Management,Active Directory and Domain Services,CORE 2,,OPERATING SYSTEMS
W189,Authentication: RADIUS servers,,other,27,0.3837117352692702,-0.9063062399824415,-0.17712792999844637,"Users are unable to connect to the corporate wireless network, or wireless access points fail to authenticate connecting clients, throwing continuous credential verification errors.",Verify that the wireless access point is configured with the correct IP address and shared secret string matching the RADIUS server profile; ensure the background RADIUS service port numbers (typically ports 1812 and 1813) are open on all network firewalls.,Network Infrastructure Services,Specialized Network Servers,CORE 1,NETWORKING,
W190,Authentication: Servers,,other,27,0.4321296847458203,-0.883913609899965,-0.17877546194903382,"Employees cannot log into any corporate computers across the entire office building, with machines showing errors stating “No authentication servers are currently available.”",Check that the centralized authentication server hardware is powered on and connected to the network; ensure the Domain Name System (DNS) configurations on all client workstations point to the authentication server's IP address so they can resolve its path.,Network Infrastructure Services,Specialized Network Servers,CORE 1,NETWORKING,
W283,Browsers: Secure connections,,other,27,0.3981489691595175,-0.9065622864058785,-0.14007933189360766,"Browser blocks access with prominent red warning screens stating ""Your connection is not private"" or displays expired certificate codes.","Check the workstation system clock to ensure the current date and time are accurate, check that the domain name matches the certificate name, or clear the system's SSL state cache.",Software Applications & Browsers,Browser Configurations & Security,CORE 2,,SECURITY
W336,Certificate Manager,,other,27,0.3971520989398007,-0.8961082367541262,-0.19814196508847343,"Browser showing ""Connection not secure"" or invalid certificate errors for trusted sites.",Use 'certmgr.msc' to verify that the root CA (Certificate Authority) certificate is listed in the 'Trusted Root Certification Authorities' folder; delete or renew expired certificates.,Security,Cryptography,CORE 2,,SECURITY
W33,"Access: Printers/multifunction devices, sharing",,other,28,-0.3469545985257458,0.9377816600369303,-0.013713666913632419,"Remote client computers receive ""Printer Offline"" or ""Connect to Printer Access Denied"" errors when attempting to connect to a shared network print queue.","Verify that the host computer remains powered on and connected to the network; open Printer Properties, navigate to the ""Sharing"" tab, and verify that sharing options are active; check the ""Security"" tab permissions to ensure the ""Everyone"" group or specific network users hold ""Print"" rights.",Peripherals and Hardware,Printer Sharing and Management,CORE 1,HARDWARE,
W296,Cabling: Coaxial cabling,,other,29,-0.27139605314578535,-0.025726929842585938,-0.9621238524315695,"Poor signal quality, intermittent packet loss, or ""ghosting"" effects on older analog displays due to a damaged shield or poor grounding.","Use a multimeter to check for continuity in the center conductor and ensure the ""F-connector"" or ""BNC"" (Bayonet Neill-Concelman) connector is crimped correctly without stray wire strands touching the center pin.",Physical Infrastructure,Copper Cabling,CORE 1,HARDWARE,
W298,Cabling: Direct burial cabling,,other,29,-0.2876061403120451,-0.03443615489860127,-0.9571294893015301,"Intermittent signal degradation or complete cable failure caused by moisture intrusion, mechanical damage from soil pressure, or rodent chewing.","Perform a ""TDR"" (Time Domain Reflectometer) test to locate a break in the cable length; if a break is detected, the segment must be excavated and replaced using a waterproof splice kit or an entirely new cable run.",Physical Infrastructure,Copper Cabling,CORE 1,HARDWARE,
W301,Cabling: EMI,,other,29,-0.2772388883043367,-0.00914097473864702,-0.9607575351734706,"Unexplained network latency, flickering video displays, or erratic mouse and keyboard behavior in close proximity to power cables or fluorescent lights.","Reroute data cables away from high-voltage power lines, electrical motors, or lights; use shielded cables like ""STP"" (Shielded Twisted Pair) to mitigate the noise.",Physical Infrastructure,Cable Management,CORE 1,HARDWARE,
W306,Cabling: Managing,,other,29,-0.26687779592143873,-0.04135318455698138,-0.9628427473742072,"Airflow blockage leading to overheating, cables getting snagged in case fans, or difficulty identifying which cable connects to which device.","Use cable ties, Velcro straps, or cable management sleeves to bundle cables together; route cables behind motherboard trays; label both ends of every cable.",Operational Procedures,Infrastructure Management,CORE 2,,OPERATIONAL PROCEDURES
W309,Cabling: Plenum-rated cabling,,other,29,-0.29964141227475977,-0.021831460773473844,-0.9538020818652493,Potential building code violation; failure to meet safety requirements if non-plenum cable is used in hazardous airflow areas.,"Identify the cable jacket markings; if it does not say ""Plenum"" or ""CMP"" (Communications Multipurpose cable, Plenum), it must be removed and replaced with properly rated cabling to comply with safety regulations.",Physical Infrastructure,Copper Cabling,CORE 1,HARDWARE,
W318,Cabling: STP cabling,,other,29,-0.258555315115221,-0.012469511797640324,-0.9659159695859661,Signal degradation or connectivity issues caused by an improperly grounded shield.,Ensure the RJ45 connector is a shielded version and that the shield drain wire is properly connected to the ground of the network device or patch panel.,Physical Infrastructure,Copper Cabling,CORE 1,HARDWARE,
W323,Cabling: Twisted pair cabling,,other,29,-0.2849636199748414,-0.05163456415429328,-0.9571465964393492,"Data corruption, slow speeds, or intermittent drops.","Verify the cable category (Cat5e, Cat6, etc.) meets the network speed requirements; ensure the twists are maintained as close to the termination point as possible.",Physical Infrastructure,Copper Cabling,CORE 1,HARDWARE,
W324,Cabling: UTP cabling,,other,29,-0.2913881421720649,-0.00013608239888391916,-0.9566048986300943,"Excessive packet errors in environments with high EMI (e.g., near heavy electrical equipment).","If EMI is present, replace with shielded cable (STP) or reroute the cable away from the source of the interference.",Physical Infrastructure,Copper Cabling,CORE 1,HARDWARE,
W389,Coaxial cabling,,other,29,-0.2506593373522277,-0.036241677797034494,-0.9673967321572872,"Intermittent connectivity, signal degradation, or 'No Signal' errors on broadband modems or cable boxes.","Inspect the F-connector for physical damage, ensure the connector is fully tightened, and test the cable with a continuity tester to check for breaks in the center conductor.",Network & Hardware,Cabling & Connectors,CORE 1,HARDWARE,
W7,"30-second trick (hard reset), motherboards",,other,30,-0.9054816920067156,-0.07378763712274927,-0.41792139218816854,"System completely non-responsive, power status LEDs illuminate on the motherboard but the computer fails to POST, or the cooling fans spin up continuously while the display remains completely black.",Completely shut down the device; disconnect the main physical AC power cord; remove the internal laptop/desktop battery pack; press and firmly hold down the physical system power button continuously for 30 full seconds; reconnect power and attempt to boot.,"Motherboards, RAM, and CPU Diagnostics",Motherboards,CORE 1,HARDWARE & NETWORK TROUBLESHOOTING,
W118,Antistatic wrist straps,,other,30,-0.8974991972740818,-0.09875177770291445,-0.4298177256615797,"Random-access memory (RAM) sticks, logic units, or central processing unit (CPU) dies permanently failing to initialize immediately after being handled or seated during hardware replacement.","Wrap the fabric bracelet firmly around your bare wrist; attach the heavy alligator clip end onto a clean, unpainted metallic surface of the grounded computer case structure; keep the strap attached for the entire duration of internal component adjustments.",Network Infrastructure and Operational Procedures,Physical Environmental Safety,CORE 2,,OPERATIONAL PROCEDURES
W330,Case connectors,,other,30,-0.9148257980952178,-0.08375153115582863,-0.3950689055955963,"The power button does nothing when pressed, or the HDD (Hard Disk Drive) activity light never turns on.",Consult the motherboard manual for the exact pinout diagram; ensure each small connector is seated on the correct corresponding pin header; check for loose connections.,Hardware,Motherboard Components,CORE 1,HARDWARE,
W269,Browsers,,other,31,0.2576469345396797,0.595304780059085,0.7610717942225362,"Pages fail to render correctly, scripting operations stall, or application interfaces freeze up completely when loading specific websites.","Clear web browser caches, disable active extensions, or update the main application version to ensure compatibility with modern web standards.",Software Applications & Browsers,Browser Configurations & Security,CORE 2,,OPERATING SYSTEMS
W273,Browsers: Extensions,,other,31,0.2424795212611891,0.6098890867013704,0.7544792798291499,"Pages load slowly, web elements break unexpectedly, or unauthorized advertisements appear due to malicious or buggy add-ons.","Open the extensions management window via the menu, toggle off suspicious add-ons one by one to isolate the issue, and remove problematic items.",Software Applications & Browsers,Browser Configurations & Security,CORE 2,,OPERATING SYSTEMS
W276,Browsers: Installing,,other,31,0.24559350836413188,0.5844086233043925,0.7734018293596555,"Installer displays ""Installation Failed"" errors or stops halfway through setup due to missing OS system dependencies.","Run the installation application with elevated privileges by choosing “Run as administrator”, apply pending system updates, and clear out temporary directory locations.",Software Applications & Browsers,Browser Configurations & Security,CORE 2,,OPERATING SYSTEMS
W279,Browsers: Plug-ins,,other,31,0.2677337094718783,0.6058516647320171,0.7491744931281838,"Content blocks appear as missing puzzle pieces, or the browser crashes entirely when loading interactive pages.","Update the specific plug-in to its latest version, verify it is enabled in the application settings, or migrate content to modern web standards like HTML5 if the plug-in is deprecated.",Software Applications & Browsers,Browser Configurations & Security,CORE 2,,OPERATING SYSTEMS
W352,Chrome OS: Downloading,,other,31,0.2248283015728541,0.6050751302958148,0.7637645720438784,"Download failures, corrupted file errors, or 'insufficient storage' warnings.","Clear the browser cache, ensure adequate local storage space, or check for restricted network settings or firewall rules preventing external downloads.",Operating Systems,Application Management,CORE 2,,OPERATING SYSTEMS
W354,Chromium: Downloading,,other,31,0.26735166527304016,0.5783566266470674,0.7707312757953689,"Software incompatibility, installation errors, or incomplete file downloads.","Verify the source URL is legitimate, ensure the local system meets all dependencies, and use the 'sudo apt install' command on Linux-based distributions to resolve package requirements.",Operating Systems,Software Installation,CORE 2,,OPERATING SYSTEMS
W76,Active partitions,,other,32,-0.6506692412289509,0.7041202886139087,0.28433107055122775,"Workstation fails to boot up past the POST (Power-On Self-Test) screen, throwing a black screen error message like ""Error loading operating system,"" ""Missing operating system,"" or ""No bootable device found.""","Boot the machine using a Windows installation USB drive; open the Command Prompt interface and use the ""diskpart"" utility; select the hard drive and the primary OS partition, type the command ""active ""to flag it as bootable, and exit to reboot.",Operating Systems Management,Disk Management Utilities,CORE 2,,OPERATING SYSTEMS
W216,"Basic disks, converting to dynamic disks",,other,32,-0.6652816925522795,0.6938594015622748,0.2756073301246108,The options to create a software RAID (Redundant Array of Independent Disks) mirror array are unavailable or grayed out within the operating system management utility workspace because the storage drives are still locked in legacy partition styles.,"Open the Windows Disk Management interface by running the command “diskmgmt.msc”, right-click the target drive index block header item, select the specific menu option labeled “Convert to Dynamic Disk”, and verify that the partition labels transform to a dynamic state layout.",Operating Systems Management,Windows Administrative Utilities,CORE 2,,OPERATING SYSTEMS
W217,Basic drives,,other,32,-0.6517768985264765,0.6961772993145102,0.300872136407415,A system administrator cannot create a single continuous drive letter space that spans across multiple physically separate storage hard drive units using native OS tools.,"Use basic drive configurations for standard workstation deployments to store operating system files; if advanced fault tolerance or multi-drive volume spanning is required later, execute an administrative upgrade step to convert the storage disks to a dynamic drive architecture.",Operating Systems Management,Storage Management Utilities,CORE 2,,OPERATING SYSTEMS
W236,BIOS firmware: Boot order,,other,32,-0.6502741690263286,0.7106104140161617,0.26865655508268743,"The system displays a ""No boot device found"" error or accidentally boots into an unintended recovery drive or external USB (Universal Serial Bus) storage device.","Enter the firmware setup utility, navigate to the “Boot” tab, use the designated arrow or navigation keys to move the primary storage drive containing the OS (Operating System) to the top position, then save and exit.",Hardware & System Components,System Firmware & Interfaces,CORE 1,HARDWARE,
W253,Boot order: BIOS firmware,,other,32,-0.6720909956603907,0.6821019006325498,0.2881504653921067,"Computer boots into an obsolete secondary internal hard drive instead of the main Solid-State Drive (SSD), causing slow execution speeds or older profiles to load.","Access the main setup screens on boot, open the priority section, position the correct operating system drive at position index one, and hit the save changes confirmation sequence.",Hardware & System Components,System Firmware & Interfaces,CORE 1,HARDWARE,
W256,"Bootmgr, troubleshooting",,other,32,-0.6376114849109698,0.7105995316585207,0.2974893273990164,"Monitor shows a black text page declaring ""BOOTMGR is missing. Press Ctrl+Alt+Del to restart"".","Boot to an OS installation disc, select the option “Repair your computer”, launch the command utility interface, and execute the string “bcdboot C:\Windows /s C:” to re-generate the structural boot configuration data store.",Operating Systems & Environments,System Maintenance & Recovery,CORE 2,,OPERATING SYSTEMS TROUBLESHOOTING
W257,"Bootups, OS: Dual-booting",,other,32,-0.6666440262325867,0.6991809838070672,0.2583247842755086,"The initialization menu vanishes after a software patch, causing the system to lock exclusively into one platform without displaying options.","Launch the default OS tool suite, utilize the terminal utility string “bcdedit” to verify active entry configurations, or use a tool like Grub Customizer to refresh multi-system selection layouts.",Operating Systems & Environments,Installation & Configurations,CORE 2,,OPERATING SYSTEMS
W262,"Bootups, OS: Multiboots",,other,32,-0.6609554841668464,0.6835016646003181,0.3097794738816053,"Overwritten system loaders lock out access to legacy software installations, or file systems conflict across mounting actions.","Configure a unified manager application such as GRUB (Grand Unified Bootloader) to supervise all disk sectors, assigning distinct identifier values to each partition path.",Operating Systems & Environments,Installation & Configurations,CORE 2,,OPERATING SYSTEMS
W28,Access: Access control vestibules (mantraps),,other,33,0.4482605777934849,-0.757825547548821,0.47409165134874603,"Unauthorized physical intruders successfully slip inside a restricted data center behind a legitimate employee, or an internal mechanical override failure causes both doors to lock simultaneously, trapping staff inside.",Test the electronic door sensors and locking magnetic strikes for proper synchronization logic; re-calibrate the integrated biometric or proximity badge readers; verify the functionality of the emergency break-glass manual release switches located inside the enclosure.,Physical Security & Access Control,Physical Security Controls,CORE 2,,SECURITY
W31,Access: Controlling,,other,33,0.464892251219888,-0.752563902354514,0.4663933614757504,"Users are over-privileged and able to modify directories outside their job description, or structural data breaches occur due to weak permission constraints.","Implement the security model of ""Least Privilege"" across the infrastructure; perform regular group policy audits; move users out of local Administrator groups into standard unprivileged containers.",Network Security & Access Control,Access Control Management,CORE 2,,SECURITY
W52,lusrmgr.msc (Local Users and Groups Manager),,other,33,0.4492804476115304,-0.7479126593607702,0.48864479262740884,"- ""This snapin may not be used with this edition of Windows"": The utility completely refuses to launch on Windows Home editions.
- ""Access is Denied"": The console opens, but changes cannot be saved, or properties are grayed out.
- Red ""X"" on Accounts: Specific local accounts are visible but completely locked out or disabled.
- ""The password does not meet the policy requirements"": Attempts to set or reset a password fail with a restriction pop-up.
","- Upgrade Windows Edition: If running Windows Home, upgrade to Pro or Enterprise, or use alternative command-line tools like ""net user"" and ""net localgroup"" in Command Prompt.
- Elevate Permissions: Close the tool and explicitly open a Command Prompt as an Administrator, then type ""lusrmgr.msc"" to bypass local permission limits.
- Enable Account Manually: Right-click the disabled user account, select Properties, and uncheck the Account is disabled checkbox.
- Review Password Complexity: Adjust the local security policy constraints using ""secpol.msc"" if you need to set a simple password that violates default rules.",Operating Systems,Windows Management Tools / System Administration Utilities,CORE 2,,SECURITY
W53,secpol.msc (Local Security Policy),,other,33,0.44812523860716663,-0.7663924363880585,0.4602460254803354,"- ""Windows cannot find 'secpol.msc'"": The utility fails to launch entirely, which typically happens on Windows Home editions where it is not included.
- Settings Grayed Out: Specific security options or policies are visible but locked, preventing modification.
- ""Access is Denied"": Changes to a policy fail to save or apply when clicking the ""Apply"" button.
- Group Policy Conflicts: Locally configured security changes revert automatically or fail to take effect on a network-joined machine. ","- Verify Windows Edition: Ensure the system is running Windows Pro, Enterprise, or Education; if on Home edition, use Registry Editor (regedit) equivalents or upgrade the OS.
- Run as Administrator: Close the console, open an elevated Command Prompt (Run as Administrator), and type ""secpol.msc"" to bypass local permission restrictions.
- Check Domain GPO Conflicts: Run ""gpresult /h gpreport.html"" from the command line to verify if an Active Directory Domain Group Policy is overriding your local configuration.
- Force Policy Refresh: Run ""gpupdate /force"" in the Command Prompt after making changes to instantly push the new security parameters to the operating system.",Operating Systems,Windows Management Tools / Security Utilities,CORE 2,,SECURITY
W83,Administrative Tools: Certificate Manager,,other,33,0.47242317338048057,-0.7408736129027091,0.47741243695321056,"Users receive severe browser warnings stating ""Your connection is not private"" or ""The security certificate presented by this website was not issued by a trusted certificate authority"" when visiting corporate intranet sites.","Open the Certificate Manager snap-in; navigate to the Trusted Root Certification Authorities folder; select Action > All Tasks > Import to manually load the correct, up-to-date corporate root certificate file provided by the network security team.",Operating Systems Management,Windows Administrative Utilities,CORE 2,,OPERATING SYSTEMS
W87,Administrative Tools: Group Policy Editor,,other,33,0.43342388795488046,-0.7591486816905196,0.48563053079231033,"Local configuration settings (such as disabling the Control Panel or forcing a specific password complexity length) fail to roll out to target workstations, leaving computers vulnerable to non-compliant configurations.","Open the Local Group Policy Editor on the machine; navigate to the specific Administrative Template path; configure the target policy setting to ""Enabled"" or ""Disabled""; run the command ""gpupdate /force"" in an elevated command prompt to instantly apply the new settings.",Operating Systems Management,Windows Administrative Utilities,CORE 2,,OPERATING SYSTEMS
W88,Administrative Tools: Local Security Editor,,other,33,0.4668023944222019,-0.7606557063859045,0.45110799250762523,"Workstations permit weak user passwords (like ""12345"") or fail to log failed login attempts, making it impossible for security teams to track active brute-force password attacks on local profiles.","Open the Local Security Policy tool (""secpol.msc""); navigate to ""Account Policies > Password Policy"" to configure password length requirements; navigate to ""Local Policies > Audit Policy"" to activate tracking for successful and failed login attempts.",Operating Systems Management,Windows Administrative Utilities,CORE 2,,OPERATING SYSTEMS
W89,Administrative Tools: Local Users and Groups,,other,33,0.45957882395178984,-0.7364348951725361,0.4964382637824219,"A standard user profile cannot run basic administrative tools because they are missing from the local privileged groups, or stale local accounts are left active on an enterprise machine after an employee departs.","Run ""lusrmgr.msc"" as an administrator; select the Users folder to right-click and change passwords or disable accounts; select the Groups folder, double-click Administrators, and add or remove specific user accounts to update their local privilege tokens.",Operating Systems Management,Windows Administrative Utilities,CORE 2,,OPERATING SYSTEMS
W103,Alarm systems,,other,33,0.43232372758793397,-0.7728087653675114,0.46461038164855567,Facility perimeters suffer physical breaches by unauthorized individuals outside of standard business hours without alerting security teams or generating active incidents.,Audit and test all building security zones and contact sensors regularly; integrate physical alarm triggers directly with closed-circuit television (CCTV) cameras to automatically record video when a sensor is tripped; route alarm notifications to a 24/7 centralized monitoring station.,Network Security & Access Control,Physical Security Controls,CORE 2,,SECURITY
W40,Accessories: Audio accessories/ports,,other,34,-0.13503129590005117,0.6405674093254005,-0.7559364677257591,"Sound continues playing from internal laptop speakers after a headset is plugged in, static distortion echoes through a microphone, or audio output is completely silent.",Verify physical connection seating; open the OS (Operating Sytem) Sound Control Panel and set the correct hardware peripheral as the Default Playback Device and Default Recording Device; adjust software volume mixers and update local sound drivers.,Peripherals and Hardware,Laptop and PC Audio,CORE 1,HARDWARE,
W174,Audio accessories,,other,34,-0.15370356621205108,0.6279403918327702,-0.7629325514346629,"External speakers or headsets emit loud buzzing noises, microphonic audio inputs sound distorted, or the operating system completely fails to detect a newly connected sound accessory.",Unplug the accessory and connect it to an alternative port; check the physical cable layout for wire tears; open “Device Manager” to ensure the audio hardware drivers are installed correctly; select the proper audio device as the default endpoint within Windows Sound properties.,Peripherals and Hardware,Audio Configurations,CORE 1,HARDWARE,
W176,Audio ports,,other,34,-0.14565768487459044,0.6539685592286519,-0.7423671344943658,"Audio streams cut out intermittently when the cable connector is touched, or the system fails to detect that an audio plug has been inserted into the physical jack.",Clean the inside of the physical jack port container using low-pressure compressed air to remove accumulated lint; verify that the audio cable plug matches the specific jack standard; check the motherboard manual to ensure the front panel audio cable harness is firmly connected to the internal “HD Audio” pins.,Peripherals and Hardware,Motherboard Components and Interfaces,CORE 1,HARDWARE,
W321,Cabling: Thunderbolt cabling,,other,34,-0.1262952931717635,0.6273692566062423,-0.7684122036953794,"External drives or monitors not recognized; ""Device not supported"" messages.","Ensure the cable is ""Thunderbolt"" certified (look for the lightning bolt icon); update the motherboard's Thunderbolt firmware/drivers.",Peripherals,High-Speed Data Interfaces,CORE 1,HARDWARE,
W328,Capture cards,,other,34,-0.17133565603417691,0.6358829385889153,-0.7525270635551018,"No video input in streaming software, or significant audio-video desync.",Check the physical PCIe (Peripheral Component Interconnect Express) slot connection; verify that the capture software has the correct input resolution settings; update capture card drivers.,Peripherals,Multimedia Hardware,CORE 1,HARDWARE,
W16,802.11 wireless protocol: Licensing,,other,35,-0.39706170021117115,0.3121006145741371,-0.8630962939370439,"Sudden, unpredictable drops in wireless performance caused by non-Wi-Fi physical electronics operating nearby (such as microwave ovens, baby monitors, or Bluetooth devices).",Identify and move non-Wi-Fi interferers away from the access point and client hardware; migrate high-priority corporate traffic over to the cleaner 5 GHz or 6 GHz bands where consumer appliance overlap is non-existent.,Wireless Networks,802.11 wireless protocol,CORE 1,NETWORKING,
W364,Clock rates,,other,35,-0.4032998789067658,0.2847718201344781,-0.8696287817977763,"System instability, random reboots, or 'CPU overheat' warnings if the clock rate exceeds Thermal Design Power (TDP).",Enter the BIOS (Basic Input/Output System) or UEFI (Unified Extensible Firmware Interface) and reset the frequency to factory defaults; ensure adequate cooling.,Hardware,Motherboard & CPU,CORE 1,HARDWARE,
W365,Clock rates: Internal clock speeds,,other,35,-0.41967469302967725,0.31776342155427156,-0.850235002780154,System hanging or BSOD (Blue Screen of Death) when under high load.,Adjust the CPU multiplier in the BIOS/UEFI to lower the internal clock speed to stable levels.,Hardware,Motherboard & CPU,CORE 1,HARDWARE,
W46,Accessories: Warranties,,other,36,-0.9994656368151403,-0.0161502379749789,0.028418491146742983,"Technicians void corporate coverage by breaking factory tamper seals during unapproved repair operations, or organizations pay out-of-pocket for expensive motherboard replacements that were actually covered under active OEM (Original Equipment Manufacturer) service contracts.",Look up the device serial number or IMEI (International Mobile Equipment Identity) string on the manufacturer's support portal to check coverage status before opening a laptop chassis; document all repair steps meticulously and use official OEM (Original Equipment Manufacturer) authorized parts to ensure corporate service agreements remain intact.,Network Infrastructure and Operational Procedures,Operational Documentation and Policies,CORE 2,,OPERATIONAL PROCEDURES
W69,"Action plans, CompTIA troubleshooting process",,other,36,-0.999329380540539,-0.02965223197952562,0.021483349997033392,"Technicians rushing into a repair and accidentally wiping user data, causing a prolonged system blackout by executing random commands, or replacing expensive hardware components without checking logical configurations first.",Always document your plan before executing any changes; identify potential risks or side effects of your plan; schedule necessary downtime if the fix impacts production environments; make sure you have a working backup of critical data before proceeding with the fix.,"Motherboards, RAM, and CPU Diagnostics",Troubleshooting Methodologies,CORE 1,HARDWARE & NETWORK TROUBLESHOOTING,
W116,Antistatic bags,,other,36,-0.9989147873034947,-0.020909498796038702,0.04161779146605908,"Always place delicate bare circuit boards directly inside a conductive or dissipative antistatic bag immediately upon extraction from a computer chassis; never rest bare components on the exterior surface of an antistatic bag, as the outer layer can accumulate static charge.","Always place delicate bare circuit boards directly inside a conductive or dissipative antistatic bag immediately upon extraction from a computer chassis; never rest bare components on the exterior surface of an antistatic bag, as the outer layer can accumulate static charge.",Network Infrastructure and Operational Procedures,Physical Environmental Safety,CORE 2,,OPERATIONAL PROCEDURES
W173,"Audible beeps, motherboards",,other,36,-0.9997937707652287,-0.01254205331835101,0.015972252114366436,"The computer power lights turn on and internal cooling fans spin up, but the monitor remains completely black while the system case emits a pattern of audio beeps (e.g., three long beeps followed by two short beeps).","Listen carefully to identify the exact pattern of audio tones; locate the motherboard manufacturer's technical reference manual to cross-reference the beep sequence code; perform targeted hardware adjustments (such as re-seating loose Random-Access Memory (RAM) modules, fixing video cards, or checking Central Processing Unit (CPU) connections) based on the manual's error description.","Motherboards, RAM, and CPU Diagnostics",Troubleshooting Core Hardware,CORE 1,HARDWARE & NETWORK TROUBLESHOOTING,
W219,"Batteries, troubleshooting",,other,36,-0.9987193243452481,-0.03958230811185057,0.031511141901076546,"A laptop computer case begins to warp or the trackpad face track container lifts upward out of its housing, or a mobile device completely shuts off the moment its AC (Alternating Current) power adapter cord is unplugged.","Immediately turn off and isolate the mobile device if you notice a physically swollen casing, as compromised battery packets pose an inflation and thermal fire risk; use a safe plastic spudger tool to unscrew the casing and lift out the old cell block, then install a certified OEM (Original Equipment Manufacturer) replacement battery unit.","Motherboards, RAM, and CPU Diagnostics",Troubleshooting Power Issues,CORE 1,HARDWARE & NETWORK TROUBLESHOOTING,
W220,"Beep codes, motherboards",,other,36,-0.9992256448854533,-0.005481873351834998,0.03896228519740706,"The desktop computer power indicators turn on and internal case cooling fans spin up, but the monitor display remains completely dark while the machine case emits a pattern of audio beeps (such as three long beeps followed by one short beep).","Listen carefully to identify the exact audio pattern sequence; pull up the specific motherboard manufacturer's reference guide index; perform targeted hardware adjustments (such as re-seating loose RAM (Random-Access Memory) modules, fixing video adapter cards, or inspecting CPU power rails) based on the guide's error descriptions.","Motherboards, RAM, and CPU Diagnostics",Troubleshooting Core Hardware,CORE 1,HARDWARE & NETWORK TROUBLESHOOTING,
W239,BIOS firmware: Memory errors,,other,36,-0.999587839477592,-0.027633799295418444,0.007779736822032182,"The motherboard emits a series of repetitive audible beep codes upon powering on, and the display monitor remains completely blank with no text or video output.","Power down the machine, disconnect the main electrical cord, open the chassis to physically reseat the memory modules firmly into their slots, or test single modules one at a time using diagnostic utilities.",Hardware & System Components,System Firmware & Interfaces,CORE 1,HARDWARE AND NETWORK TROUBLESHOOTING,
W241,BIOS firmware: POST (Power-On Self-Test),,other,36,-0.9982762296797167,-0.03263900259352869,0.04877770767624361,"The system freezes on the initial manufacturer logo screen, or emits distinct numeric error codes or light-emitting diode patterns without loading the storage drives.","Disconnect all non-essential external peripheral devices like printers or scanners, check the diagnostic motherboard codes, and ensure that internal power delivery cables are tightly connected to the board.",Hardware & System Components,System Firmware & Interfaces,CORE 1,HARDWARE AND NETWORK TROUBLESHOOTING,
W243,BIOS firmware: Testing,,other,36,-0.999798998359161,0.0008745176352137131,0.02002993007787054,Unexplained intermittent component dropouts or system clocks failing to keep accurate time across system reboots.,"Launch the built-in vendor diagnostics by pressing “F12” during startup, run the extended hardware test suite, and verify that the onboard real-time clock battery is outputting its proper rated voltage.",Hardware & System Components,System Firmware & Interfaces,CORE 1,HARDWARE AND NETWORK TROUBLESHOOTING,
W244,BIOS firmware: Troubleshooting,,other,36,-0.99877121942158,-0.04595384900452369,0.018555188406468782,"Computer refuses to power on normally, fails to complete its initial diagnostic checks, or displays incorrect CPU (Central Processing Unit) clock parameters.","Perform a hard reset by cycling power, clear the volatile CMOS settings via physical jumpers, or leverage a secondary backup firmware chip if the motherboard features a dual-configuration layout.",Hardware & System Components,System Firmware & Interfaces,CORE 1,HARDWARE AND NETWORK TROUBLESHOOTING,
W247,Blackouts,,other,36,-0.9985388281154993,-0.01054522571423438,0.05300006566374099,"Electronic equipment immediately shuts off completely, leading to potential corruption of unwritten operational data or filesystem damage.",Install an inline UPS (Uninterruptible Power Supply) system between the wall outlet and critical equipment to provide sufficient battery runtime to execute orderly operating system shutdowns.,Operational Procedures & Safety,Environmental Controls,CORE 2,,OPERATIONAL PROCEDURES
W258,"Bootups, OS: Failures/intermittent shutdowns, RAM, troubleshooting",,other,36,-0.9999069263373964,-0.013581532641885422,0.0012963925322436855,"The system randomly reboots right in the middle of OS loading sequences, or locks up with fluctuating error codes.","Boot the system into an isolated utility environment like Windows Memory Diagnostic or MemTest86, execute multi-pass scan cycles, and extract any modules returning failure block tallies.",Hardware & System Components,Memory Modules & Diagnostics,CORE 1,HARDWARE AND NETWORK TROUBLESHOOTING,
W264,"Bootups, OS: Self-repair, Windows networks",,other,36,-0.9979248604251364,-0.04769289171851749,0.04325923051786696,"Machine continually loops inside automated diagnostic loops, declaring that the wizard could not fix your PC (Personal Computer).","Advance into specialized safe boot options menus, choose command options, and execute the utility instruction “sfc /scannow” to let system checkers verify file integrity.",Operating Systems & Environments,System Maintenance & Recovery,CORE 2,,OPERATING SYSTEMS TROUBLESHOOTING
W265,"Bootups, OS: Troubleshooting",,other,36,-0.99935471041354,0.00800601565725485,0.03501523222207267,"Operating systems hang on loading animations, display flashing status carets, or drop directly into recovery shells.","Isolate system faults by clean booting via ""Safe Mode"" settings, check log documents using Event Viewer, and uninstall recently added third-party peripheral device drivers.",Operating Systems & Environments,System Maintenance & Recovery,CORE 2,,OPERATING SYSTEMS TROUBLESHOOTING
W268,Brownouts,,other,36,-0.9991795418573793,-0.040434158079750177,0.002306944745569994,"Workstation systems unexpectedly reboot, monitors flicker, and network routing equipment experiences spontaneous power cycles.",Place specialized line-interactive power regulation equipment or full uninterruptible backup units between facility outlets and sensitive production hardware.,Operational Procedures & Safety,Environmental Controls,CORE 2,,OPERATIONAL PROCEDURES
W289,"BSOD (Blue Screen of Death)/stop errors, troubleshooting",,other,36,-0.9977847360272186,-0.0262851712998665,0.0611122763512371,"The system abruptly crashes, displaying a bright blue background screen with a technical stop error code like ""DRIVER_IRQL_NOT_LESS_OR_EQUAL"" before restarting.","Extract and analyze the crash dump files using the WinDbg (Windows Debugging) utility tool, or boot into Safe Mode to roll back recently updated device drivers or hardware components.",Operating Systems & Environments,System Maintenance & Recovery,CORE 2,,OPERATING SYSTEMS TROUBLESHOOTING
W374,Cloud computing: HA (High Availability),,other,36,-0.999971270065137,0.003944460733991524,0.006473042085068542,Periodic service interruptions or failover failures.,"Verify load balancer configuration, check the health of redundant nodes, and ensure failover protocols are active.",Cloud & Virtualization,Cloud Infrastructure,CORE 1,CLOUD & VIRTUALIZATION,
W422,Compatibility: Power supplies/PSU,,other,36,-0.9980054347818375,-0.05708462790984276,0.026953615755783325,"Sudden system shutdowns, failure to turn on, or components failing to initialize.","Calculate total component wattage, ensure all cables are securely seated, and test voltages with a multimeter.",Hardware,Power,CORE 1,HARDWARE,
W17,802.11 wireless protocol: MIMO technologies,,other,37,0.6054641255848737,0.15199529012083968,-0.7812237991835795,Slow file transfer speeds or erratic network performance on a device despite showing strong physical signal bars.,Ensure all physical external antennas on the access point are securely attached and oriented correctly (perpendicular to one another); update the client network card drivers to ensure the MIMO spatial stream logic functions correctly.,Wireless Networks,802.11 wireless protocol,CORE 1,NETWORKING,
W19,802.11 wireless protocol: MU-MIMO technologies,,other,37,0.5856954237353288,0.1778903667162572,-0.7907691749461719,"Severe network sluggishness, buffering, or latency spikes occurring specifically when a high volume of client devices (e.g., in a classroom or stadium) attempt to connect to a single access point simultaneously.",Upgrade the legacy access point to an enterprise-grade hardware model supporting MU-MIMO; ensure client devices support the technology; segment heavy data clients across separate physical access points or bands.,Wireless Networks,802.11 wireless protocol,CORE 1,NETWORKING,
W49,Microsoft Entra ID (Formerly Azure AD (Active Directory)),,other,38,0.42018408466224466,-0.8689348992000054,0.2615291110924896,"- Authentication Loops: Users are repeatedly prompted to log in or encounter Azure Active Directory Security Token Service (AADSTS) error codes during single sign-on (SSO) attempts.
-  Multifactor Authentication (MFA) Failures: Users do not receive multi-factor authentication push notifications, Short Messaging System (SMS) codes, or phone calls.
- Access Denied: Users receive ""You cannot access this right now"" blocks due to overly restrictive Conditional Access policies.
- Sync Issues: New employee accounts created in on-premises Active Directory fail to appear in the cloud directory.","- Analyze Sign-in Logs: Open the Microsoft Entra admin center, locate the user's account, and review the ""Sign-in logs"" to find the exact failed policy or bad password entry.
- Check Conditional Access: Inspect the ""Report-only"" or active Conditional Access policies to see if a specific rule (e.g., geographic blocking or device compliance) is blocking the login.
- Verify Microsoft Entra Connect: Check the synchronization status tool on the local domain controller to resolve object conflicts or sync halts.
- Reset Multifactor Authentication (MFA) Methods: Have an administrator clear and require the re-registration of the user's MFA methods in the Entra portal if their authenticator app becomes desynchronized.",Security & Identity, Identity and Access Management (IAM) / Directory Services,CORE 2,,SECURITY
W131,Applications: Authenticator applications,,other,38,0.4389008249547101,-0.8625375242757276,0.2517838062115464,"The application generates token codes that are continuously rejected by authentication portals, or authorization codes fail to sync with your account after changing mobile devices.","Navigate to the application settings option to manually synchronize the local internal time clock with network time servers, as a mismatch of even 30 seconds will invalidate TOTP strings; use pre-generated secondary fallback emergency recovery keys to regain account access and re-bind the token profile.",Network Security & Access Control,Identity and Access Management,CORE 2,,SECURITY
W187,Authentication: MFA,,other,38,0.4241076678580022,-0.8612371296010113,0.2800058796894408,Phishing attacks easily compromise corporate accounts because stealing a single password gives attackers full administrative access to sensitive internal systems.,"Enforce mandatory MFA policies across all corporate user accounts via your identity management portal, requiring users to confirm logins using a secondary authenticator application push notification or a physical hardware security key.",Network Security & Access Control,Identity and Access Management,CORE 2,,SECURITY
W191,Authentication: SSO authentication,,other,38,0.4174804244784231,-0.87530834460213,0.24401925548446823,"Employees are overwhelmed by managing dozens of separate application passwords, leading them to write down credentials on notes or reuse weak passwords across multiple platforms.",Deploy an enterprise cloud identity platform (such as “Microsoft Entra ID” or “Okta”) and integrate company business applications using standard Secure Assertion Markup Language (SAML) or OpenID Connect (OIDC) federation strings to establish single sign-on access.,Operating Systems Management,Active Directory and Domain Services,CORE 2,,OPERATING SYSTEMS
W192,Authentication: Two-step authentication,,other,38,0.4500565527122327,-0.8525270827056787,0.2657944179514054,Accounts remain vulnerable to advanced interception attacks because users rely on insecure SMS text message verification codes that can be stolen via Subscriber Identity Module (SIM) swapping exploits.,"Upgrade your account verification configurations to move away from SMS codes, forcing the two-step verification flow to use more secure Time-based One-Time Password (TOTP) authenticator applications or physical security keys.",Network Security & Access Control,Identity and Access Management,CORE 2,,SECURITY
W194,"Authenticator applications, security",,other,38,0.40437154996880353,-0.8718847497280373,0.2762256917223764,"Workstations fail to prompt users for secondary validation checks during login sequences, or users are locked out of accounts because their authenticator app codes are out of sync with the login server.","Ensure the mobile device's internal time settings are configured to match network time servers automatically, as an incorrect device clock will cause token code generation mismatches; use administrative override backup keys to reset and re-bind the token profile.",Network Security & Access Control,Mobile Device Protection,CORE 2,,SOFTWARE TROUBLESHOOTING
W429,CompTIA A+ certification exams: Cheat sheets,,other,39,-0.7995452812720769,-0.5805498876425192,-0.15391286870763546,Inability to recall complex protocols or configuration steps during practice.,Create your own personalized study summaries; note that using actual cheat sheets during the official exam is a violation of testing policy.,Professionalism,Certification,CORE 1 & 2,PROFESSIONALISM,PROFESSIONALISM
W430,CompTIA A+ certification exams: Exam preparation,,other,39,-0.7825435776068436,-0.5998111156561209,-0.16688970813576803,Low scores on practice tests or difficulty applying concepts to scenario-based questions.,"Identify your weakest domain, allocate more study time to it, and utilize hands-on practice (e.g., virtual machines or spare hardware).",Professionalism,Certification,CORE 1 & 2,PROFESSIONALISM,PROFESSIONALISM
W432,CompTIA A+ certification exams: Taking exams,,other,39,-0.7970395782243765,-0.5899596501588139,-0.1291337366004635,Technical issues with the online testing platform or inability to manage time during the exam.,"Test your testing environment (if remote), arrive early, read every question carefully, and flag difficult questions to review later.",Professionalism,Certification,CORE 1 & 2,PROFESSIONALISM,PROFESSIONALISM
W370,Cloud computing: Characteristics of,,other,40,0.7653141021691988,0.40883862554034256,0.4971371071316611,Incompatibility with traditional localized workflows.,Audit the organizational requirements against the NIST (National Institute of Standards and Technology) cloud characteristics to ensure the chosen cloud model is appropriate.,Cloud & Virtualization,Cloud Services,CORE 1,CLOUD & VIRTUALIZATION,
W378,Cloud computing: Measured services,,other,40,0.7593508709263019,0.43164681870332006,0.48689555217394415,Unexpected billing spikes or usage reporting discrepancies.,Review usage logs in the cloud provider's portal to identify high-consumption resources or rogue processes.,Cloud & Virtualization,Cloud Characteristics,CORE 1,CLOUD & VIRTUALIZATION,
W380,Cloud computing: Metered utilization,,other,40,0.7515282247995724,0.41048372665312594,0.5164382223292203,Discrepancies between expected usage and actual usage reporting.,Audit the resource tagging and monitoring tools to ensure all instances are being tracked correctly.,Cloud & Virtualization,Cloud Characteristics,CORE 1,CLOUD & VIRTUALIZATION,
W384,Cloud computing: Rapid elasticity,,other,40,0.7772129688332158,0.40839387504752567,0.47870078744569106,Performance degradation during traffic spikes or wasted costs during low-demand periods.,"Configure auto-scaling rules and thresholds (e.g., CPU utilization targets) to ensure resources are deployed or decommissioned appropriately.",Cloud & Virtualization,Cloud Characteristics,CORE 1,CLOUD & VIRTUALIZATION,
W39,Accessories: Add-on storage,,other,41,-0.620755507383928,0.7018836296888751,-0.3493164330908182,"""Drive not recognized"" errors when plugging in an external unit, file copying failures for large files, or sluggish read/write transfer rates.",Check the device inside Windows Disk Management to see if it requires initialization or a new drive letter; reformat legacy FAT32 (File Allocation Table 32) flash drives to exFAT (Extended File Allocation Table) or NTFS (New File Technology System) to support files larger than 4GB (Gigabyte); ensure the device is plugged into a high-speed USB (Universal Serial Bus) 3.0+ port (blue/SS (SuperSpeed) rather than a legacy USB (Universal Serial Bus) 2.0 port.,Peripherals and Hardware,Storage Components,CORE 1,HARDWARE,
W251,Blu-ray drives,,other,41,-0.6337660630926191,0.6849652335901321,-0.35939282970713027,"Operating systems fail to recognize the optical drive unit entirely, or the hardware returns persistent read errors when a disc medium is inserted.","Carefully clean the external face of the media disk using a microfiber cloth, verify that internal SATA (Serial Advanced Technology Attachment) data and power cables are properly seated, or update the device driver software via the device manager interface.",Hardware & System Components,Storage Media & Devices,CORE 1,HARDWARE,
W304,Cabling: IDE cabling,,other,41,-0.6309608513915952,0.7021228933373957,-0.33001794900083437,System fails to boot from the hard drive or the BIOS (Basic Input/Output System) does not detect the drive during startup.,"Verify the ""Master/Slave"" jumper settings on the back of the drive are correct; ensure the ribbon cable is firmly seated; replace the wide ribbon cable with a spare.",Hardware,Storage Interfaces,CORE 1,HARDWARE,
W311,Cabling: SATA cabling,,other,41,-0.611895726100073,0.7004495914498073,-0.36736084469940794,"Drive not detected, read/write errors, or system hanging during large file transfers.","Replace the data cable; check the power cable connection; ensure the SATA controller mode is set correctly (e.g., AHCI or IDE) in the BIOS.",Hardware,Storage Interfaces,CORE 1,HARDWARE,
W333,CD drives,,other,41,-0.6487304404680803,0.6784842700515311,-0.3446852345296088,"Drive fails to open, discs not recognized, or read errors during data access.",Clean the optical lens with a specialized disc cleaning kit; verify that the SATA or IDE power and data cables are securely connected; ensure the device driver is installed in the OS.,Hardware,Storage Devices,CORE 1,HARDWARE,
W10,"568A wiring standard, UTP cabling",,other,42,-0.40651579668696447,0.11299923893265347,-0.9066289643755066,"Total loss of physical link light connectivity at the network port, intermittent dropouts, excessive packet collisions, or a ""Cable Disconnected"" error reported by the operating system interface.",Inspect the clear plastic modular plug termination; check for broken pins or crossed wire strands; use a network cable tester/wire mapper tool to identify continuity breaks; trim off the faulty cable end and crimp on a new RJ-45 connector matching the standard sequence perfectly.,Network Infrastructure and Media,Cabling,CORE 1,NETWORKING,
W11,"568B wiring standard, UTP cabling",,other,42,-0.40250081625251893,0.09172505787777395,-0.9108126078801143,"Network interface card exhibits no link light, data drops, or falls back to standard 10 Mbps speeds instead of Gigabit performance due to improper pin out or split pairs.",Use a professional wire mapper tool to verify continuity across all 8 pins; ensure both ends of the cable use the exact same 568B pin configuration (creating a straight-through cable); re-strip and re-crimp the connector if any pin connections are faulty.,Network Infrastructure and Media,Cabling,CORE 1,NETWORKING,
W317,Cabling: ST connectors,,other,42,-0.4250233835768703,0.1105856442277589,-0.898401880398522,"Fiber connection not locking, or loose alignment leading to high insertion loss.",Twist the bayonet locking ring firmly until it clicks into the locked position; inspect the spring-loaded ferrule to ensure it moves freely.,Networking,Fiber Optic Cabling,CORE 1,NETWORKING,
W319,Cabling: Straight-through cabling,,other,42,-0.38924175135475186,0.11399388697904315,-0.9140548412068582,Devices fail to communicate when connecting a computer to a switch.,Confirm the wiring standard used (T568A or T568B) is consistent on both ends; test the cable with a continuity tester for breaks or short circuits.,Physical Infrastructure,Copper Cabling,CORE 1,NETWORKING,
W322,Cabling: Tools,,other,42,-0.41879422745024575,0.0809942777833342,-0.90446189638962,"Poor terminations, intermittent network connectivity, or damage to cable wires.",Calibrate tools regularly; ensure the crimper is correct for the specific RJ45 or RJ11 connector; use a cable tester to verify every wire pair in the cable has a solid connection.,Operational Procedures,Maintenance Tools,CORE 1,HARDWARE,
W343,"Cheat sheets, exam preparation",,other,42,-0.4159854908610498,0.13140537971736263,-0.8998270375880173,Overwhelmed during study sessions; difficulty memorizing broad tables of specifications.,Create custom cheat sheets by summarizing the most difficult topics; use these as the final review tool to consolidate memory before the exam.,Professional Best Practices,Certification Preparation,CORE 1 & 2,ALL,ALL
W47,"Accounts: Accounts section, Settings",,other,43,0.9054935615212134,-0.3757552873115686,0.19720388967013144,"User is unable to configure biometric sign-in options, encounters a warning that local settings are not syncing across devices, or experiences profile connection errors after a corporate password change.","Open Windows Settings (Win + I), navigate to Accounts, and select Access work or school to re-authenticate or fix credential synchronization; verify the local machine has a stable internet connection to validate external Microsoft or Azure/Entra ID profiles.",Operating Systems Management,Windows Settings and Utilities,CORE 2,,OPERATING SYSTEMS
W71,Active Directory: Home folder,,other,43,0.9134164625216123,-0.36066790956826156,0.18865053671316254,"A user logs into a corporate computer and receives an error that their personal drive mapping (often the H: drive) is missing, or they are completely unable to open their personal work files.","Open Active Directory Users and Computers (dsa.msc), find the user's properties, and check the Profile tab to verify the network path string (\\server\share\user) is spelled correctly; ensure the network storage server is online and that share/NTFS (New File Transfer Systems) permissions grant the user full access.",Operating Systems Management,Active Directory and Domain Services,CORE 2,,OPERATING SYSTEMS
W72,Active Directory: Logon scripts,,other,43,0.9046163439810962,-0.36893166694533003,0.21344482970363837,"Shared department network folders or network printers fail to automatically appear in File Explorer when an employee boots their system, or login phases take a long time due to a script getting stuck in a loop.",Check the Active Directory user account properties profile tab to verify the exact file name and path of the login script are entered correctly; open the script file directly inside the network SYSVOL (System Volume) folder to check for syntax bugs or dead server references.,Operating Systems Management,Active Directory and Domain Services,CORE 2,,OPERATING SYSTEMS
W75,Active Directory: User profiles,,other,43,0.9064913140165698,-0.38106013594796745,0.18184243290230562,"A user receives a ""You have been logged in with a temporary profile"" notification upon boot, and any files saved to the desktop vanish completely after restarting the computer.","Check network path connectivity to the profile storage server; if a local profile registry key is corrupted, open ""regedit"" and navigate to ""HKLM\SOFTWARE\Microsoft\Windows NT\CurrentVersion\ProfileList"", find the profile entry ending in "".bak"", and repair or rebuild the profile mapping.",Operating Systems Management,Active Directory and Domain Services,CORE 2,,OPERATING SYSTEMS
W125,Apple: Apple ID,,other,43,0.9156601075098624,-0.3481030083692493,0.2009747821974333,"Users are blocked from installing new software applications from the official App Store, cloud file synchronization loops fail to complete, or device backup services report synchronization credential lockouts.","Open System Settings, navigate to the user account profile banner, and verify account authentication properties; clear stale tokens by logging out and signing back in; complete Multi-Factor Authentication (MFA) or Apple confirmation prompts on a trusted device.",Operating Systems Management,Operating System Features,CORE 2,,OPERATING SYSTEMS
W223,Best practices: Administrator accounts,,other,43,0.8977822774208702,-0.38707448399401395,0.21014358469809005,"A helpdesk technician downloads a malicious email attachment while logged directly into a workstation using full administrator credentials, allowing malware to instantly execute and compromise the entire operating system kernel.",Enforce a strict administrative policy requiring technicians to use standard unprivileged user accounts for standard business activities; mandate that they elevate their privileges using the explicit instruction “Run as administrator” or the command “sudo” only when performing authorized system modifications.,Network Security & Access Control,Operational Security Best Practices,CORE 2,,SECURITY
W270,Browsers: Clearing data,,other,43,0.9153528078688664,-0.3641985344059859,0.1717226387612134,"Portal sites display stale information layouts, authentication sessions fail to update, or internal storage spaces become unnecessarily filled.","Enter application preference spaces via commands like “Ctrl+Shift+Del”, select the appropriate data categories and time ranges, then click the clear button.",Software Applications & Browsers,Browser Configurations & Security,CORE 2,,OPERATING SYSTEMS
W285,Browsers: Settings,,other,43,0.9082682404233228,-0.3544991871788697,0.2222141528522469,"The default search engine keeps reverting to an unknown provider, or the homepage changes without user input.","Navigate to the bottom of the advanced preferences screen, locate the reset option, and click “Restore settings to their original defaults” to clear rogue modifications.",Software Applications & Browsers,Browser Configurations & Security,CORE 2,,OPERATING SYSTEMS
W286,Browsers: Sign-in/data synchronization,,other,43,0.8989686290276653,-0.396186273603102,0.18679357760000279,"Bookmarks saved on a work laptop fail to appear on a home workstation, or synchronization status indicators display account error states.","Log completely out of the sync account profile inside the browser settings, sign back in using current multi-factor credentials, and ensure sync permissions are toggled on.",Software Applications & Browsers,Browser Configurations & Security,CORE 2,,OPERATING SYSTEMS
W42,Accessories: IP (Ingress Protection) ratings,,other,44,-0.3465431069710394,-0.9215098971525358,0.17529228294703036,"Internal corrosion on circuit boards, touch digitizers failing, or fog visible behind camera lenses following short contact with water or dusty work sites.","If a device suffers fluid exposure beyond its rated IP (Ingress Protection) threshold, power it down immediately; do not connect a charging cable; dry the chassis exterior with a lint-free towel and allow it to dry completely in a low-humidity area before powering it back on.",Mobile Devices and Mobile Hardware,Mobile Device Protection,CORE 1,MOBILE DEVICES,
W110,"Analyzing: Risk, change management",,other,44,-0.33467662285666533,-0.9271142048106676,0.16867367711513548,"Implementing a routine software update or network patch unexpectedly causes a widespread system outage across secondary company servers, disrupting business operations because dependencies weren't analyzed beforehand.","Complete a formal Change Request form detailing the scope of the change; perform a thorough risk assessment to identify potential side effects; create a detailed, step-by-step fallback or rollback procedure; schedule the change execution during a designated off-peak maintenance window.",Network Infrastructure and Operational Procedures,Change Management Processes,CORE 2,,OPERATIONAL PROCEDURES
W158,Asset management,,other,44,-0.34141113845956744,-0.9209468889439467,0.1878703336884451,"Network security audits discover untracked rogue computers connected to physical switches, software configurations fall out of compliance due to expired licensing models, or hardware assets go missing during office moves.","Deploy automated asset discovery scans across all network zones; paste physical barcode asset tags onto all company computers; catalog every serial number, physical location, and assigned user into a centralized Configuration Management Database (CMDB).",Network Infrastructure and Operational Procedures,Operational Documentation,CORE 2,,OPERATIONAL PROCEDURES
W179,AUP (Acceptable Use Policies),,other,44,-0.3505246125403978,-0.9221877461836636,0.16340825190944025,"Employees install unapproved Peer-to-Peer (P2P) file-sharing software programs on corporate laptops, browse non-work web content during business shifts, or expose the corporate network to security threats due to unsafe browsing behaviors.",Require every employee to review and physically or digitally sign the formal AUP document during onboarding; deploy content-filtering firewalls to block web traffic categories that violate company compliance rules.,Network Infrastructure and Operational Procedures,Corporate Security Standards,CORE 2,,OPERATIONAL PROCEDURES
W182,Authentication: Email,,other,44,-0.3250232896938485,-0.9287608169612097,0.1782223499848855,"Attackers spoof corporate domain names to send phishing emails to clients, or legitimate company emails are blocked or flagged as spam by external mail servers.","Access your public Domain Name System (DNS) management zone file layout and add explicit “SPF text strings”, configure “DKIM public key entries”, and deploy a restrictive “DMARC rule line” to validate outbound email traffic.",Network Infrastructure Services,Network Services (DNS),CORE 1,NETWORKING,
W199,Backout plans,,other,44,-0.3555489621903234,-0.9161005116297549,0.18532346877037778,"A newly installed software patch causes an enterprise database to crash, and helpdesk technicians have no written documentation or configuration steps available to undo the damage quickly, extending corporate downtime.","Before deploying any production modification, document a step-by-step reversal sequence, preserve recent system configuration snapshots, and maintain verified system backups to allow the engineering team to run the reversal procedures immediately if an update fails.",Network Infrastructure and Operational Procedures,Change Management Procedures,CORE 2,,OPERATIONAL PROCEDURES
W222,Best practices: Account management,,other,44,-0.33726444856121623,-0.9284650390259274,0.15558072838009762,"Former employees continue to access internal company networks long after their employment has ended, or network audits find untracked user profiles with unmonitored system modifications.","Implement an automated offboarding checklist procedure to disable user profiles immediately upon separation; run quarterly profile access audits across Active Directory (AD) containers, and configure strict profile tracking parameters to maintain regulatory compliance.",Network Security & Access Control,Operational Security Best Practices,CORE 2,,SECURITY
W226,Best practices: Change management,,other,44,-0.33026937882982044,-0.9235929526452029,0.19467458804754229,"A network engineer modifies a core router configuration on a whim during peak business hours, causing a sudden corporate network outage that leaves helpdesk teams with no record of why the system went offline.","Mandate that all infrastructure modifications be submitted as a formal Change Request (CR) to a Change Advisory Board (CAB); ensure each request includes a defined scope of work, risk analysis, testing log, and an actionable backout plan before execution.",Network Infrastructure and Operational Procedures,Change Management Procedures,CORE 2,,OPERATIONAL PROCEDURES
W291,"Business practices, documenting",,other,44,-0.3624127205917434,-0.9168877860115605,0.1672537228766811,"Technical support teams handle identical hardware failures inconsistently, asset inventories are inaccurate, and onboarding new staff takes too long due to a lack of training materials.","Create a central knowledge base using enterprise wiki software, draft clear Standard Operating Procedures (SOPs), and enforce structured ticketing workflows to document all network change actions.",Operational Procedures & Safety,Documentation & Best Practices,CORE 2,,OPERATIONAL PROCEDURES
W292,"BYOD (Bring Your Own Device), policies",,other,44,-0.31994422854597343,-0.9328086464578728,0.1658424544968903,"Company data leaks through personal file sharing apps, or unpatched employee smartphones introduce malware onto internal corporate Wi-Fi networks.","Deploy an MDM (Mobile Device Management) agent onto all participating personal endpoints to enforce data isolation containers, mandate storage encryption, and manage selective corporate data wipes.",Security Threats & Vulnerabilities,Security Policies & Compliance,CORE 2,,OPERATIONAL PROCEDURES
W337,"Certificates, troubleshooting",,other,44,-0.35005496490242227,-0.9154151973860857,0.19868703516273456,"Web browsers displaying certificate warnings, or VPN (Virtual Private Network) connections failing to authenticate.",Verify the system date and time are accurate (crucial for certificate validity); check if the certificate has expired; ensure the certificate chain of trust is correctly installed.,Security,Cryptography,CORE 2,,SECURITY
W338,Chains of custody,,other,44,-0.35035632142441414,-0.9246286008838053,0.14937335259546589,Evidence being ruled inadmissible in a court of law due to gaps in documentation or unknown handlers of the data.,"Maintain rigorous logs from the moment evidence is collected; document every person who touches the evidence, the time of transfer, and the physical location where it is stored.",Operational Procedures,Forensics & Documentation,CORE 2,,OPERATIONAL PROCEDURES
W339,Change management,,other,44,-0.3168604028903477,-0.9293716924889136,0.18938780921817117,"System outages following an update, or confusion among users when business processes change without warning.","Follow the formal change process: document the requested change, perform risk analysis, create a ""Rollback plan"", obtain approval from the change board, and communicate with stakeholders.",Operational Procedures,Professional Best Practices,CORE 2,,OPERATIONAL PROCEDURES
W344,"Checklists, user",,other,44,-0.3679417572149632,-0.9119589097804641,0.18152082571868386,"High help-desk ticket volume for simple, repetitive problems that could be resolved by the user.","Develop clear, visual checklists for common tasks; distribute them via email, internal intranet pages, or physical laminated cards near the hardware.",Operational Procedures,Documentation,CORE 2,,OPERATIONAL PROCEDURES
W355,CIA triad,,other,44,-0.32586414475052083,-0.9333893676957298,0.15032247815472358,"Data breaches (Confidentiality loss), unauthorized data modification (Integrity loss), or system downtime (Availability loss).","Conduct a risk assessment: use encryption for confidentiality, implement hashing/checksums for integrity, and establish redundant hardware/failover systems for availability.",Network Security & Access Control,Security Principles,CORE 2,,SECURITY
W371,Cloud computing: Community clouds,,other,44,-0.3352129904951033,-0.9192558933511943,0.20639974210843315,Difficulty in managing access permissions across the member organizations.,Review the inter-organizational Service-Level Agreement (SLA) and ensure identity management is correctly synchronized.,Cloud & Virtualization,Cloud Models,CORE 1,CLOUD & VIRTUALIZATION,
W415,Communications: Proper techniques/professionalism,,other,44,-0.3659117225218413,-0.917771468482856,0.15428591303136163,"Misunderstanding requirements, user frustration, or escalations due to poor interaction.","Use clear language, avoid technical jargon, document all communications, and follow professional technician behavior.",Professionalism,Soft Skills,CORE 2,,PROFESSIONALISM
W418,Community clouds,,other,44,-0.3092362955528954,-0.9349662328646606,0.17381328175829294,Difficulty in managing access permissions or cross-organization communication errors.,Review the SLA (Service Level Agreement) shared between organizations and ensure identity management is correctly synchronized across tenants.,Cloud & Virtualization,Cloud Models,CORE 1,CLOUD & VIRTUALIZATION,
W426,Compliance policies,,other,44,-0.3626662537552809,-0.9103309829190607,0.19942590083719577,"Audit failures, system access being blocked, or security alerts triggered by non-compliant configuration changes.","Review the organization's security policy documentation, use automated configuration management tools to audit settings, and remediate discrepancies.",Network Security & Access Control,Security Configuration,CORE 2,,SECURITY
W431,CompTIA A+ certification exams: Post exam/furthering education,,other,44,-0.3415659203939216,-0.9293806504464649,0.13994401952623498,Stagnation in professional growth or lack of direction for the next career step.,"Assess your interests, look at CompTIA’s certification roadmap, and set a goal for your next credential.",Professionalism,Certification,CORE 1 & 2,PROFESSIONALISM,PROFESSIONALISM
W133,"Applications: Developer programs, OS/system requirements",,other,45,-0.16694453171170306,0.9847936550085753,-0.0480726573678979,"Compilation errors occur due to missing system software framework configurations, or development environments experience severe lag during code rendering processes.",Audit the current machine specifications against the developer software documentation; install required software dependency packages (such as Microsoft .NET Framework or Java Runtime Environments); upgrade physical RAM blocks to expand code execution headroom.,Operating Systems Management,System Requirements and Planning,CORE 2,,OPERATING SYSTEMS
W139,Applications: OS requirements,,other,45,-0.18356133728959703,0.9813674187616723,-0.056773451942851466,"Attempting to launch a program throws an error popup stating ""This application requires Windows 10 Version 22H2 or higher"" or ""OS architecture mismatch,"" causing the installer to fail.","Check the system version using the ""winver"" command tool; install outstanding operating system feature updates via Windows Update; if needed, run the application using compatibility mode options by altering the shortcut properties.",Operating Systems Management,System Requirements and Planning,CORE 2,,OPERATING SYSTEMS
W144,Applications: System requirements,,other,45,-0.17296456813651823,0.9844242680924279,-0.031497913582257966,"Severe system performance sluggishness during software installation attempts, or applications failing to open while throwing ""Insufficient memory available"" error alerts.",Check system specifications inside the Settings About panel; upgrade the physical hardware components (such as installing larger RAM sticks or replacing an old hard drive with a fast solid-state drive (SSD)) to meet or exceed the software manufacturer's recommended hardware levels.,Operating Systems Management,System Requirements and Planning,CORE 2,,OPERATING SYSTEMS
W245,BIOS firmware: Virtualization,,other,45,-0.1623143975009323,0.9846819802477614,-0.06368229062507447,"Hypervisor software programs like VirtualBox or VMware throw errors stating that ""Intel VT-x"" or ""AMD-V"" features are not available or are disabled.","Access the motherboard configuration screen, browse to the “Advanced” or “CPU Configuration” menu, locate settings named “Intel Virtualization Technology” or “SVM Mode”, flip the option to “Enabled”, and save settings.",Hardware & System Components,System Firmware & Interfaces,CORE 1,HARDWARE,
W419,Compatibility,,other,45,-0.19593231165421027,0.9796218961933199,-0.04417544282111845,"Application crashes, blue screens, or hardware devices not appearing in Device Manager.","Consult the manufacturer’s hardware compatibility list, check for updated drivers, or use compatibility modes.",Operating Systems,Troubleshooting,CORE 1,HARDWARE,
W420,Compatibility: CPU,,other,45,-0.15382395867298929,0.9874845611666148,-0.0348199827074741,"System failing to POST (Power-On Self-Test), or software failing to launch due to unsupported instruction sets.","Check the motherboard’s support list for the specific CPU model, and ensure the BIOS/UEFI firmware is updated.",Hardware,Motherboard & CPU,CORE 1,HARDWARE,
W421,Compatibility: OS,,other,45,-0.18086503561910197,0.9807237225663178,-0.0739514630427612,This application is not compatible with your version of Windows' or missing system components.,"Check the vendor's system requirements, run the application in 'Compatibility Mode,' or upgrade the OS to a supported version.",Operating Systems,System Configuration,CORE 2,,OPERATING SYSTEMS
W423,"Compatibility: Program Compatibility, Control Panel",,other,45,-0.18751153237007792,0.9820048032840787,-0.02249425604955723,Legacy software failing to start or displaying error messages during launch.,"Right-click the application icon, select 'Properties > Compatibility,' check 'Run this program in compatibility mode for,' and select the target OS version.",Operating Systems,System Configuration,CORE 2,,OPERATING SYSTEMS
W428,CompTIA A+ certification exams,,other,45,-0.145722283025488,0.9875903559909325,-0.05856880554990773,Feeling unprepared or lacking specific knowledge in a tested area.,"Use official exam objectives, practice exams, and hands-on labs to bridge knowledge gaps before sitting for the exam.",Professionalism,Certification,CORE 1 & 2,PROFESSIONALISM,PROFESSIONALISM
W58,"ACK packets, three-way handshakes",,other,46,0.20722882531935838,-0.7726677649432793,-0.6000339481848642,"Applications hanging indefinitely during network connection phases, network capture analysis showing one-sided traffic flows, or connection time-out errors occurring despite a host answering initial network pings.",Inspect firewall filtering rules to ensure stateful packet inspection is not dropping legitimate incoming TCP ACK frames; check for asymmetric routing loops where outbound and inbound traffic are traversing different physical or logical paths.,Network Infrastructure and Media,Protocols and Network ,CORE 1,NETWORKING,
W60,SYN packet (Synchronize Packet),,other,46,0.2273017044784508,-0.7596068517998378,-0.6093696463066814,"- Connection Timeout / ""Server Unreachable"": Outbound SYN packets are sent but receive no response, causing applications to hang during the initial connection phase.
- Connection Refused (RST): The client immediately receives a Reset (RST) packet back instead of an acknowledgement.
- High Network Latency: Severe delays during the initial setup of web pages or network services, though active streams perform normally.
- Server Performance Degradation: The target server runs out of memory, drops legitimate connections, or experiences high CPU usage due to a flood of orphaned connection requests.
","- Analyze Traffic with Wireshark: Capture packets on the network interface to verify if outbound SYN packets are actually being generated and transmitted.
- Inspect Firewall and ACL (Allow Client List) Rules: Check local, network, and cloud firewalls to ensure that the required inbound/outbound (Transmission Control Protocol) TCP port is open and not dropping traffic.
- Verify Service Status: Check the target server to confirm that the listening application or service is active and bound to the correct port.
- Mitigate SYN Flood Attacks: Enable TCP SYN cookies on the server operating system or implement rate-limiting on network firewalls to protect against Denial of Service (DoS) attacks.",Networking,Network Protocols / Transport Layer Security,CORE 1,NETWORKING,
W61,SYN-ACK (Synchronize-Acknowledgment Packet),,other,46,0.2185986794870193,-0.7832373740574566,-0.5820256293378422,"-""Connection Reset by Peer"": The client receives a SYN-ACK but the connection is instantly broken before data transfer begins.
- Stuck in SYN_RECV (Synchronize Received) State: The server logs show numerous connections stuck waiting for the final response from the client, depleting system resources.
- Intermittent Connectivity: Only certain client machines can successfully connect to a server, while others drop during the handshake.","- Trace the Handshake Sequence: Use network sniffing tools (e.g., ""tcpdump"" or Wireshark) to verify if the server is generating the SYN-ACK packet and if it reaches the client.
- Fix Asymmetric Routing: Check router and gateway configurations to ensure that the return path from the server back to the client is not taking a different, blocked route.
- Adjust MTU Settings: Reduce the Maximum Transmission Unit (MTU) size on the network interfaces if large packets containing handshake headers are being silently dropped by intermediate routers.
- Clear TCP/IP (Transmission Control Protocol/ Internet Protocol) Stack: Run ""netsh int ip reset"" and ""netsh winsock reset"" in an elevated Windows Command Prompt to clear local network corruption preventing proper handshake negotiation.",Networking,Network Protocols / Connection Management,CORE 1,NETWORKING,
W62,ACK packet (Acknowledgment Packet),,other,46,0.19784585886697537,-0.7619210645839385,-0.616711689099912,"- Stuck Connections: A socket connection appears to open successfully but immediately freezes or hangs indefinitely when attempting to transmit application data.
- High Packet Retransmission: Network monitors reveal a surge in duplicated data frames being sent over the wire, severely throttling network throughput.
- Connection Dropouts: Connections are abruptly terminated with errors like ECONNRESET (Connection Reset by peer) or ""Connection timed out"" shortly after the initial handshake completes.","- Verify Three-Way Handshake Completion: Run a packet capture in Wireshark and filter for ""tcp.flags.ack == 1"" to verify if the client's final ACK packet is reaching the server interface.
- Check Stateful Firewall Tables: Inspect intermediate firewalls to ensure they aren't prematurely dropping the ACK packet due to exhausted state table limits or overly aggressive timeout rules.
- Disable TCP Offloading: Open Device Manager, navigate to your Network Adapter properties, click the Advanced tab, and temporarily disable Large Send Offload (LSO) and TCP Checksum Offload to resolve hardware-level packet formatting bugs.
- Isolate Bad Network Hardware: Run a continuous ping test (""ping -t"") alongside your data transfer to pinpoint faulty switches, damaged cables, or failing access points that are causing packet corruption and dropping small ACK frames. ",Networking,Network Protocols / Connection Management,CORE 1,NETWORKING,
W56,"Accounts: Managing, best practices",,other,47,0.5283954244431798,-0.7461841083375738,0.40497845855300973,"Regular corporate users possessing full local admin rights accidentally downloading ransomware, widespread privilege escalation across internal segments, or credential-harvesting attacks succeeding due to a complete lack of MFA.",Conduct a thorough user access review across the local system or directory environment; strip standard users out of elevated privilege groups; configure explicit password expiration and complexity constraints using administrative templates or Group Policy.,Network Security & Access Control,Account Security Best Practices,CORE 2,,SECURITY
W93,Administrator accounts: Best practices,,other,47,0.5448521904829868,-0.7387857064175962,0.3966506908086058,Widespread malware or ransomware infections successfully compromise an entire system root folder because an employee was browsing the web or checking emails while logged directly into a local administrator account.,Create standard unprivileged accounts for all employees' daily workloads; remove standard users from the local Administrators group; implement strict User Account Control (UAC) alert settings across all corporate endpoints.,Network Security & Access Control,Account Security Best Practices,CORE 2,,SECURITY
W94,Administrator accounts: Passwords,,other,47,0.5293021053123734,-0.7367627820258471,0.42073731036529566,Attackers successfully execute brute-force or dictionary attacks to gain full administrative control over a machine due to the local administrator password being weak or left at factory default settings.,"Use Group Policy Objects (""secpol.msc"") to enforce a high minimum password length (minimum 14+ characters) and complexity requirements; implement a Local Administrator Password Solution (LAPS) to automatically rotate unique passwords across every device on the network.",Network Security & Access Control,User Account Management,CORE 2,,SECURITY
W99,Aging passwords,,other,47,0.5283206050747615,-0.7541703252418624,0.3900057163401854,"Users continue using the exact same weak password for years without rotating it, increasing the risk that leaked corporate credentials from old third-party breaches remain active and usable on the corporate network."," Open Local Security Policy (""secpol.msc"") or use Active Directory Group Policy; navigate to ""Account Policies > Password Policy""; configure the Maximum password age counter to a secure value (such as 60 or 90 days) to force automatic password updates.",Network Security & Access Control,Logical Security Controls,CORE 2,,SECURITY
W229,Best practices: Logons,,other,47,0.552199638295412,-0.7267260958623294,0.408588718712488,"Workstation consoles remain unlocked and accessible to passing strangers long after an employee walks away from their desk, exposing sensitive corporate data to unauthorized physical viewing.","Use a domain Group Policy Object (GPO) configuration line to enforce a mandatory screen saver lock rule that triggers after exactly 10 minutes of user inactivity, requiring users to re-enter their full login credentials to unlock the desktop workspace.",Network Security & Access Control,Operational Security Best Practices,CORE 2,,SECURITY
W231,Best practices: Passwords,,other,47,0.513643830615846,-0.7495829642772728,0.41748699972044256,"Corporate user accounts are easily compromised through basic dictionary attacks because employees choose simple, predictable words (like “Summer2026!”) for their passwords.","Enforce domain policies requiring passwords to be at least 14 characters long, mandate password complexity settings that block dictionary terms, and maintain a historical password reuse block rule to prevent users from toggling back to old passwords.",Network Security & Access Control,Operational Security Best Practices,CORE 2,,SECURITY
W233,Best practices: User usernames,,other,47,0.5467898336866693,-0.7460049358110354,0.38012828561220924,"An organization formats high-privilege usernames with obvious prefixes like “admin_jjackson”, allowing external cyberattackers to easily identify high-value targets for brute-force credential attacks.","Implement a standardized naming format across the entire enterprise directory layout (such as first initial followed by last name, like “jjackson”); use alternative security tracking identifiers behind the scenes, and hide privilege levels from public profile names.",Network Security & Access Control,Operational Security Best Practices,CORE 2,,SECURITY
W340,Changing: Default passwords,,other,47,0.5393856967611756,-0.7244704596250744,0.42919182571444026,Unauthorized access to network devices or the device being compromised by automated botnets scanning for known default credentials.,"Immediately access the device configuration interface after installation; navigate to the security or account settings; assign a complex, unique password; document it in a secure password manager.",Security,Access Control,CORE 2,,SECURITY
W134,Applications: Distribution methods,,other,48,0.08176779444845468,0.9021074945006179,0.4236933987647825,"Network bandwidth issues during large-scale enterprise software deployments, or users accidentally installing unapproved, insecure software versions from unauthorized third-party websites.",Use Group Policy Objects (GPOs) or Mobile Device Management (MDM) configurations to restrict software installations exclusively to safe corporate app stores; use local software distribution points to reduce wide area network (WAN) bandwidth usage.,Operating Systems Management,Application Installation and Management,CORE 2,,OPERATING SYSTEMS
W260,"Bootups, OS: Internet installations",,other,48,0.06516420018429347,0.9071289696988488,0.41577717511600665,"Deployment screens timeout or display network communication error codes like ""-2003F"" on devices like Apple computers.","Power cycle local routing appliances, switch from a wireless connection to a hardwired Ethernet patch cable, ensure firewall ports are open, and restart the download sequence.",Operating Systems & Environments,Installation & Configurations,CORE 2,,OPERATING SYSTEMS
W261,"Bootups, OS: Local installations",,other,48,0.07521072035711983,0.895494231070243,0.438672348870176,"Installation media fails to register as bootable infrastructure, or drops files mid-way through copying with read corruption alerts.","Recreate the installation medium utilizing official creation applications, swap the target USB interface port over to an onboard motherboard slot, and ensure source data files are fully intact.",Operating Systems & Environments,Installation & Configurations,CORE 2,,OPERATING SYSTEMS
W263,"Bootups, OS: Network boot (PXE) installations",,other,48,0.08682349607174956,0.9081872743118834,0.40946007779493077,"Client machines time out waiting for DHCP (Dynamic Host Configuration Protocol) leases or return ""TFTP (Trivial File Transfer Protocol) Open Timeout"" alert messages.",Confirm DHCP option codes 66 and 67 are explicitly set up in network mapping systems to accurately route clients toward the deployment server's IP (Internet Protocol) address.,Operating Systems & Environments,Installation & Configurations,CORE 2,,OPERATING SYSTEMS
W272,Browsers: Downloading,,other,48,0.05226984040370685,0.902681013216594,0.427123930683396,"Transfers fail to complete, or downloaded executable installers display file corruption errors upon execution.","Verify underlying internet connectivity, use alternative integrated tools like curl via terminal prompts, and ensure sufficient target disk space is available.",Software Applications & Browsers,Browser Configurations & Security,CORE 2,,OPERATING SYSTEMS
W373,"Cloud computing: Files, synchronization",,other,48,0.09462986994899682,0.8951611562853915,0.43558201522932144,"File version conflicts or sync errors (e.g., 'cannot sync').","Pause and resume the synchronization agent, check for file permission locks, or clear the local sync cache.",Cloud & Virtualization,Cloud Services,CORE 1,CLOUD & VIRTUALIZATION,
W385,Cloud computing: SaaS (Software as a Service),,other,48,0.06827619619543238,0.913937923344187,0.4000697855454696,Service login failures or inability to access specific features.,"Clear browser cache, check for service maintenance announcements, or verify the user's subscription permissions.",Cloud & Virtualization,Cloud Service Models,CORE 1,CLOUD & VIRTUALIZATION,
W386,Cloud computing: Synchronization,,other,48,0.06018087805475831,0.8926535776904753,0.44670779280526657,Sync conflict' errors or outdated files on one device.,"Check the internet connection on the local device, verify there is enough storage on the destination, and restart the sync client service.",Cloud & Virtualization,Cloud Services,CORE 1,CLOUD & VIRTUALIZATION,
W387,Cloud computing: VDI (Virtual Desktop Infrastructure),,other,48,0.10341353843004793,0.9043983335816331,0.4139677454635106,"Slow application performance, pixelated screen, or failed authentication to the virtual desktop.","Ensure the client device has enough processing power to handle the display stream, verify server-side resource availability, and check network latency.",Cloud & Virtualization,Virtualization,CORE 1,CLOUD & VIRTUALIZATION,
W0,2.4 GHz channels,,other,49,0.36944455372007273,-0.022280126195233008,-0.9289856391265157,"Intermittent wireless drops, extremely slow data throughput, high latency during peak times, or inability to discover the network due to heavy RF interference.","Log into the wireless access point/router; change the channel configuration from ""Auto"" to a fixed, non-overlapping channel (1, 6, or 11); use a Wi-Fi analyzer app to determine which of those three is the least congested.",Wireless Networks,802.11 wireless protocol,CORE 1,NETWORKING,
W5,5 GHz channels,,other,49,0.3630845451656749,-0.007374214498753564,-0.9317270169005304,"Rapid signal degradation when walking away from the wireless router, sudden drops in connection when moving behind a concrete or brick wall, or device failing to see the 5 GHz SSID while connecting fine to 2.4 GHz.","Relocate the wireless router away from physical obstructions and place it higher in the room; ensure the client device's network card settings support 5 GHz bands; configure a separate, clear SSID name specifically for the 5 GHz network to prevent client steering confusion.",Wireless Networks,802.11 wireless protocol,CORE 1,NETWORKING,
W12,802.11 wireless protocol: Channel bonding,,other,49,0.3829079887258862,-0.017687895332087696,-0.9236171341679504,"Unstable wireless connections, high packet drop rates, or wireless degradation in areas with a high density of neighboring Wi-Fi routers.","Access the wireless access point configuration; reduce the channel width (e.g., lower it from 80 MHz back to 40 MHz or 20 MHz) if the local RF environment is highly congested to increase connection stability.",Wireless Networks,802.11 wireless protocol,CORE 1,NETWORKING,
W13,802.11 wireless protocol: Channels,,other,49,0.356720812093546,-0.02565134300157573,-0.9338588066841457,"Low data speeds, high latency, or intermittent dropouts caused by multiple neighboring routers broadcasting on the exact same or an overlapping channel (co-channel interference).","Run a wireless site survey; log into the wireless access point and change the channel configuration from ""Auto"" to a fixed, clean channel that has the least amount of detected traffic.",Wireless Networks,802.11 wireless protocol,CORE 1,NETWORKING,
W14,802.11 wireless protocol: Coverage/distance,,other,49,0.3735851856976817,0.002948867561567736,-0.9275911886210072,"Low signal strength bars on client devices, sudden disconnection when moving a short distance from the access point, or a complete lack of connectivity in specific ""dead zones"" of a building.","Move the wireless access point to a central, elevated location away from thick concrete walls and metal surfaces; install a wireless range extender or transition to a mesh network to fill dead zones.",Wireless Networks,802.11 wireless protocol,CORE 1,NETWORKING,
W15,802.11 wireless protocol: Frequencies,,other,49,0.37947896613606624,-0.03426390274360058,-0.9245656814034791,"Inability of older legacy devices to discover a 5 GHz/6 GHz network, or modern high-bandwidth devices slowing down due to being forced onto a crowded 2.4 GHz band.","Verify client hardware specifications; implement a ""Band Steering"" configuration on the router to automatically push dual-band client devices onto the faster, less congested 5 GHz or 6 GHz frequencies.",Wireless Networks,802.11 wireless protocol,CORE 1,NETWORKING,
W18,802.11 wireless protocol: Multipath propagation,,other,49,0.3491425135311998,-0.008969300974863127,-0.9370267108706871,"Intermittent signal degradation, packet corruption, or a ""ghosting"" effect on wireless data packet delivery in highly reflective environments like industrial warehouses.","Ensure the wireless system utilizes modern standards (802.11n or newer) that leverage MIMO to recombine multipath reflections into a stronger combined signal, rather than treating reflections as destructive interference.",Wireless Networks,802.11 wireless protocol,CORE 1,NETWORKING,
W20,802.11 wireless protocol: Standards,,other,49,0.3905797667437034,-0.00529309900307822,-0.9205538707285835,"A legacy laptop completely failing to connect to a brand new enterprise network, or a modern device underperforming due to backward-compatibility performance limitations.","Review the router's allowed standard modes (e.g., ensure it is set to ""Mixed Mode"" or ""Compatibility Mode"" if legacy clients must connect); upgrade the network interface card or install a modern USB Wi-Fi dongle on older client devices.",Wireless Networks,802.11 wireless protocol,CORE 1,NETWORKING,
W249,Bluetooth networks: Connectivity,,other,49,0.3601068148732329,-0.04033296810497939,-0.9320388047531594,"Devices fail to detect each other during scans, throw generic pairing authorization rejections, or experience rapid signal drops.","Verify that the radio switch is explicitly enabled on both devices, clear existing old pairing profiles out of the system cache, ensure the peripheral is explicitly placed into discovery mode, and keep them within close range.",Network Infrastructure & Protocols,Wireless Networking Technologies,CORE 1,NETWORKING,
W335,Cellular networks/connectivity,,other,49,0.3607843570402922,0.010399732245590309,-0.9325912787948657,"Dropped calls, slow data speeds, or inability to connect to the cellular provider's network.","Check for ""Airplane Mode"" status; update the PRL (Preferred Roaming List); toggle cellular radio off and on; ensure the SIM (Subscriber Identity Module) card is seated correctly.",Mobile Devices,Wireless Networking,CORE 1,NETWORKING,
W342,Channel bonding,,other,49,0.39375601494837636,-0.02937364460799017,-0.918745552203883,"Intermittent performance degradation in congested environments, as bonded channels are more susceptible to radio frequency interference.","Check the router/AP (Access Point) settings; if interference is high, switch from bonded channels to a single channel to increase stability.",Networking,Wireless Networking,CORE 1,NETWORKING,
W413,Communications: Bluetooth networks,,other,49,0.3419016196555445,-0.023891384797015847,-0.9394320008438058,"Device pairing failure, intermittent connection, or high latency.","Turn Bluetooth off and on, clear pairing history on both devices, and ensure both are within the effective range.",Network & Hardware,Wireless Networking,CORE 1,NETWORKING,
W414,Communications: NFC,,other,49,0.3856591434850591,0.011236230097704256,-0.9225729088693002,Payment failures at terminals or file transfer initiation errors.,"Ensure the NFC antenna is positioned correctly over the reader, verify NFC is enabled in device settings, and check for protective cases that might block the signal.",Network & Hardware,Wireless Networking,CORE 1,NETWORKING,
W417,Communications: Wireless networks,,other,49,0.374770589099716,-0.04867740888889051,-0.9258388171867258,"Intermittent connectivity, weak signal strength, or inability to associate with an AP (Access Point).","Check for signal interference, update wireless drivers, and verify the correct SSID (Service Set Identifier) and security credentials.",Network & Hardware,Networking,CORE 1,NETWORKING,
W274,Browsers: File signatures,,other,50,-0.5661577689202717,-0.5948672487017298,0.570612247601867,"Software installation routines block execution with warnings indicating an ""Unknown Publisher"" or ""Corrupted Signature"".","Download the file from the developer's official repository, check file properties to view certificate validity details, and update root validation authority listings.",Software Applications & Browsers,Browser Configurations & Security,CORE 2,,SECURITY
W6,"10-tape rotations, backup rotation schemes",,other,51,-0.8519999847524302,0.30549044075084497,0.42517245511875934,"Inability to restore a clean backup file from a specific day last week because the tape media was accidentally overwritten too early, or a backup failure due to physically worn out or degraded tape media blocks.",Implement strict label management on physical tapes; audit the scheduling configuration within the backup software utility; replace degraded tape media cartridge units immediately upon any write-error logged by the system.,Data Retention and Operational Procedures,Backups / Recovery,CORE 2,,OPERATIONAL PROCEDURES
W200,Backups: Differential backups,,other,51,-0.8610428442388366,0.29068451027948805,0.41726219079694843,"Daily backup storage consumption increases progressively as the business week continues, because data changes are repeatedly copied and stacked onto each successive daily backup file volume.","To perform a complete server state recovery using this method, locate and restore the very first full backup baseline volume target, then locate and apply only the most recent differential backup image container to pull down all cumulative file changes.",Network Infrastructure and Operational Procedures,Redundancy and Backup Procedures,CORE 2,,OPERATIONAL PROCEDURES
W201,Backups: Full backups,,other,51,-0.8472224795505461,0.29747450247739243,0.44013973976460286,"Corporate data replication operations take hours to complete, saturating local network bandwidth and causing performance degradation on production servers during the operational replication window.","Schedule full backup tasks to run automatically during low-impact weekend hours using a backup management terminal utility, and combine this baseline with faster mid-week incremental or differential backup sequences to minimize system overhead.",Network Infrastructure and Operational Procedures,Redundancy and Backup Procedures,CORE 2,,OPERATIONAL PROCEDURES
W206,Backups: Rotation schemes,,other,51,-0.8566370405792277,0.3119187411982052,0.4109497287953718,"An organization runs out of physical backup storage disks or tape media because it keeps every single daily backup file permanently, or it mistakenly overwrites a monthly accounting archive due to disorganized media rotation rules.","Configure your automated backup management software platform to execute daily incremental runs (the ""sons""), weekly full baseline sweeps (the ""fathers""), and monthly long-term retention snapshots (the ""grandfathers"") to organize media lifespan cycles.",Network Infrastructure and Operational Procedures,Redundancy and Backup Procedures,CORE 2,,OPERATIONAL PROCEDURES
W207,Backups: Synthetic backups,,other,51,-0.8599585037811895,0.2770802141279631,0.4285999611680103,Network infrastructure adapters experience massive bottleneck spikes during nightly replication hours because full backup payload configurations saturate WAN (Wide Area Network) links.,"Deploy an advanced backup application agent that supports data block processing, and set the platform instruction to execute a local synthetic build process directly inside the target storage repository array to compile the file volume without re-transmitting data across the network.",Network Infrastructure and Operational Procedures,Redundancy and Backup Procedures,CORE 2,,OPERATIONAL PROCEDURES
W208,Backups: Testing,,other,51,-0.8420275542179292,0.3161891982341042,0.4370514716344594,"System administrators attempt to restore files from a backup tape after a server failure, only to find the backup files are empty, unreadable, or throwing a fatal ""CRC (Cyclic Redundancy Check) error"" indicating data corruption.","Set a mandatory monthly calendar schedule rule to pull down random sample files from production backup storage arrays, restore them to a non-production validation machine, and verify that the file metadata hashes match original system logs.",Network Infrastructure and Operational Procedures,Redundancy and Backup Procedures,CORE 2,,OPERATIONAL PROCEDURES
W361,Cleaning up disks,,other,51,-0.866876152296619,0.29541534109410056,0.40156632431724837,"Disk full' errors, slow system response, or inability to install updates.","Run the 'cleanmgr' (Disk Cleanup) tool in Windows, empty the Recycle Bin, uninstall unused applications, and clear temporary system/browser files.",Operating Systems,Disk Management,CORE 2,,OPERATING SYSTEMS
W396,Command line: Dd command,,other,51,-0.8482353716783362,0.282208646251857,0.4481685332711447,"Data loss, corruption of the target drive, or the operation hanging indefinitely.","Double-check the 'if' (input file) and 'of' (output file) paths before executing, ensure the drive is unmounted, and monitor progress using the 'status=progress' flag.",Operating Systems,Command Line Interface (CLI),CORE 2,,OPERATING SYSTEMS
W398,Command line: Format command,,other,51,-0.8487958664852276,0.32702295165518547,0.41545344640322995,"Drive is not formatted' errors, file system corruption, or inability to access a partition.","Use the 'format' command with caution, ensuring the correct drive letter is specified, and use the '/fs' switch to define the file system (e.g., NTFS or FAT32).",Operating Systems,Disk Management,CORE 2,,OPERATING SYSTEMS
W2,3D printers: Installing,,other,52,-0.8948140409297916,0.42878610978188997,-0.12429925266472895,"System unrecognized by the host workstation via USB, firmware mismatch errors, initial test prints failing to adhere to the build plate, or axis motor grinding sounds during the initial calibration phase.",Ensure all physical shipping restraints are removed; download and install the vendor-specific driver/slicing utility; calibrate and manually or automatically level the print bed using a standard piece of paper as a gap gauge; update firmware to the latest revision.,Peripherals and Hardware,3D printers,CORE 1,HARDWARE,
W3,3D printers: Maintenance,,other,52,-0.9024188323686295,0.40916718256676493,-0.13499062077349966,"Extruder nozzle jams, plastic filament snapping mid-print, uneven layer lines (Z-banding), rough textures on completed prints, or loud squeaking noises during print-head movement.","Pre-heat the extruder nozzle to printing temperature and perform a ""cold pull"" or use a specialized acupuncture needle to clear internal filament clogs; apply a thin layer of lithium grease to the guide rails; tighten loose axis drive belts until they are taut.",Peripherals and Hardware,3D printers,CORE 1,HARDWARE,
W4,3D printers: Printing process,,other,52,-0.9001161787496151,0.4230776304332603,-0.1039046841108171,"Print job fails mid-way due to thermal runaway errors, print model warps or detaches from the bed before completion, or the extruder skips clicks without depositing plastic.","Verify that the heated print bed temperature matches the filament specification (e.g., 60°C for PLA); apply a print bed adhesive (like glue stick or blue painter's tape) if the model detaches; check the ambient room temperature to prevent cooling drafts.",Peripherals and Hardware,3D printers,CORE 1,HARDWARE,
W79,Additive manufacturing,,other,52,-0.8900254249544254,0.432748260839732,-0.14347015604257846,"Physical structural flaws in printed 3D models, rough layers, or objects failing to match the precise scale measurements of the digital design file.",Open your slicing software utility tool to check the G-code (geometric code) path configurations; optimize layer height and infill density settings; ensure the 3D printer's structural frame components are rigid and calibrated correctly before printing.,Peripherals and Hardware,3D printers,CORE 1,HARDWARE,
W390,Collating,,other,52,-0.9104942410427038,0.3958852531595825,-0.11947846399600129,"Pages coming out of the printer in incorrect groupings or incorrect order, particularly when printing large reports.","Access the 'Printer Properties' or 'Printing Preferences' in the OS, ensure the 'Collate' box is checked, and verify that the printer firmware supports the requested job format.",Hardware,Printers,CORE 1,HARDWARE,
W111,Android,,other,53,0.5265913587145628,0.8364695014863698,0.15172446740817622,"Extreme OS (Operating System) sluggishness, UI (User Interface) freezing, apps crashing back to the home screen unexpectedly, or severe battery drain caused by rogue background processes.",Clear the system cache partition by booting into recovery mode; force close malfunctioning background applications via settings; uninstall recently added third-party apps to see if the stability issue clears; perform a factory data reset as a final recovery step.,Mobile Devices and Mobile Hardware,Mobile Operating Systems,CORE 1,,MOBILE DEVICES
W115,Antimalware: Mobile devices,,other,53,0.51154581228848,0.8473912069968471,0.1422990661759449,"Unauthorized pop-up advertisements overlaying the primary user interface (UI), settings changes occurring automatically, unauthorized premium short-message service (SMS) texts being sent, or rapid cellular data depletion.",Install a trusted antimalware utility from the official platform marketplace; perform a complete system data repository scan; identify and remove the malicious application package file manually via settings; revoke over-privileged device administrator permissions.,Network Security & Access Control,Mobile Device Protection,CORE 2,,SOFTWARE TROUBLESHOOTING
W119,"Antivirus software, mobile devices",,other,53,0.519503589145641,0.8374616884469508,0.16962883377651167,"Extreme operating delay, mobile browser redirection to fraudulent sites, unauthorized configuration profile creation, or data exfiltration events over cellular connections.",Download an authenticated security suite from a verified software store; execute an engine scan; enable automated real-time protection constraints; activate systemic signature database sync procedures over wireless local area network (LAN) connections.,Network Security & Access Control,Mobile Device Protection,CORE 2,,SOFTWARE TROUBLESHOOTING
W126,Apple: iOS,,other,53,0.5320726906828374,0.8358993444157435,0.13479962104863635,"Core software applications crashing instantly upon opening, touch interface lag, or cellular/Wi-Fi connection options dropping due to baseband system software mismatches.",Force-restart the device; navigate to Settings > General > Software Update to download system image adjustments; backup all user configurations and perform an installation restore using iCloud or Finder on a computer workstation.,Operating Systems Management,Mobile Operating Systems,CORE 2,,OPERATING SYSTEMS
W128,Apple: macOS (OS X),,other,53,0.49873336674383256,0.8526217138378355,0.15588855631057044,"The system displays a spinning color wheel icon (""beachball of death"") indefinitely, system file structures fail to locate user documents, or kernel panic screens prompt for a cold system restart.","Restart the machine while holding down ""Cmd + R"" to boot into macOS Recovery Mode; run Disk Utility and execute the First Aid routine to check and fix storage file allocation tree corruption; reinstall the base system image over the current data block layer.",Operating Systems Management,Desktop Operating Systems,CORE 2,,OPERATING SYSTEMS
W351,Chrome OS,,other,53,0.5377127152453555,0.8266259287832147,0.16599581237716488,"Browser freezing, inability to connect to Google services, or failure to update the firmware/OS version.","Perform a Powerwash (factory reset) via settings, check network connectivity, or verify updates by navigating to 'Settings > About ChromeOS > Check for updates.'",Operating Systems,Specialized Operating Systems,CORE 2,,OPERATING SYSTEMS
W377,Cloud computing: iCloud,,other,53,0.5152392885679334,0.8480792694351605,0.12365285387055944,"Failed backups, inability to sync data across devices, or 'iCloud storage full' alerts.","Sign out and back into the Apple ID, check internet connectivity, or clear old backups/data to free up space.",Cloud & Virtualization,Cloud Services,CORE 1,CLOUD & VIRTUALIZATION,
W50,Accounts: Administrator accounts,,other,54,0.8591525978159951,-0.22857349604460195,0.45783290682515987,"User is blocked from installing essential software utilities, receives an explicit ""Access Denied"" or ""7-Zip Error: Extraction Failed"" message, or cannot modify the Windows Registry or Group Policy settings.","Log in using a profile that already possesses administrative rights; open ""lusrmgr.msc"" (Local Users and Groups Manager) or User Accounts in the Control Panel, select the target user account, and add them to the local Administrators group.",Network Security & Access Control,User Account Management,CORE 2,,OPERATING SYSTEMS
W70,Active Directory: Group policies,,other,54,0.8684171639350357,-0.2106984195117806,0.4488405122070279,"New security restrictions or corporate desktop wallpapers fail to deploy to client machines on the network, or a machine retains old settings even after a domain policy is updated.","Run the command ""gpupdate /force"" from the Command Prompt on the client computer to manually pull the latest policies; use the ""gpresult /r"" command to generate a diagnostic report to see which GPOs are being successfully applied or blocked.",Operating Systems Management,Active Directory and Domain Services,CORE 2,,OPERATING SYSTEMS
W74,Active Directory: Security groups,,other,54,0.852232219411475,-0.2196513061432572,0.4748194898132895,"A new hire is unable to access their department's shared network folders, or an unapproved employee can view sensitive files because user accounts are assigned permissions directly rather than using groups.","Access the Active Directory management console; locate the appropriate department security group (e.g., ""Accounting-ReadOnly""); open its properties, go to the Members tab, and add the user's account to the group; have the user log out and log back in to update their security token.",Operating Systems Management,Active Directory and Domain Services,CORE 2,,OPERATING SYSTEMS
W95,"Administrators, Run as",,other,54,0.8656809749372244,-0.23566076474220898,0.4416564882268275,"A technician opens the command prompt to run system utilities like ""sfc /scannow"" or ""chkdsk"", but the utility fails to execute, returning an explicit error message stating: ""You must be an administrator running an elevated console session.""","Right-click the program shortcut icon or the Command Prompt executable, select Run as administrator from the context menu, and click ""Yes"" on the User Account Control (UAC) safety pop-up window to launch the elevated program version.",Operating Systems Management,Windows Command-Line Utilities,CORE 2,,OPERATING SYSTEMS
W149,"Apps section, Settings",,other,54,0.8653364919038546,-0.1950086400000394,0.46169728838803614,"Installed applications fail to appear in standard desktop menus, default file types open in the wrong software programs, or runaway background utilities cause high resource consumption upon user login.

","Open Windows Settings by pressing the keyboard shortcut “Win + I”, click on the “Apps” category, select “Installed apps” to modify or uninstall problematic software packages, and navigate to “Startup” to toggle off unneeded background programs.",Operating Systems Management,Windows Settings and Utilities,CORE 2,,OPERATING SYSTEMS
W232,Best practices: User permissions,,other,54,0.8481993939881923,-0.24175221987479378,0.47128935084900087,A standard data entry employee accidentally navigates into a sensitive corporate folder share and deletes structural accounting spreadsheets because their account had write and delete privileges.,"Remove standard user accounts from local and domain administrator security groups; assign folder access permissions using targeted Active Directory (AD) security groups rather than individual profiles, and set access constraints to read-only whenever possible.",Network Security & Access Control,Operational Security Best Practices,CORE 2,,SECURITY
W230,Best practices: Malware removal,,other,55,-0.4089349517927283,-0.07214474937150174,0.9097072827785881,"A helpdesk technician deletes an infected file icon from an infected workstation but skips system restoration checks, leading to a recurring malware infection from hidden registry keys upon reboot.","Follow the official 7-step remediation framework sequence: (1) Identify malware symptoms, (2) Quarantine infected systems, (3) Disable System Restore, (4) Remediate infected systems via antivirus tools, (5) Schedule scans and apply updates, (6) Enable System Restore, and (7) Educate the end user.",Network Security & Access Control,Malware Detection and Removal,CORE 2,,SOFTWARE TROUBLESHOOTING
W433,CompTIA A+ malware removal procedure,,other,55,-0.4144176638672097,-0.09464433417665746,0.9051521694627382,"Pop-up windows, hijacked browser, system slowdowns, or unexplained network traffic.",Follow the official CompTIA malware removal sequence to ensure the threat is completely eradicated and the system is secured.,Network Security & Access Control,Malware Removal,CORE 2,,SECURITY
W436,CompTIA A+ malware removal procedure: Enabling System Restore,,other,55,-0.3890963545787496,-0.07575215048377017,0.9180771419388527,Inability to recover the system to a clean state if a future problem occurs.,"Once the system is clean and scanned, return to 'System Protection' and toggle it back to 'On'.",Network Security & Access Control,Malware Removal,CORE 2,,SECURITY
W437,CompTIA A+ malware removal procedure: Investigating/verifying malware symptoms,,other,55,-0.4271959116476121,-0.07005757484669359,0.901440840697916,"System crashes, redirected searches, or unusual files appearing.","Check task manager for suspicious processes, review browser extensions, and confirm symptoms with the end-user.",Network Security & Access Control,Malware Removal,CORE 2,,SECURITY
W438,CompTIA A+ malware removal procedure: Overview,,other,55,-0.39737270583377654,-0.10700206576565126,0.9113975480437866,Ineffective or incomplete cleanups.,Always follow the structured CompTIA methodology to ensure every step is completed accurately.,Network Security & Access Control,Malware Removal,CORE 2,,SECURITY
