node_id,word,definition,pos_group,cluster,x,y,z,ERROR SYMPTOMS,TROUBLESHOOTING,PRIMARY CATEGORY,SUB CATEGORY,CORE,CORE 1: DOMAIN,CORE 2: DOMAIN
W41,Accessories: Drawing pads,,other,0,0.9235536720109812,-0.1453294473812546,-0.3548633069773375,"Cursor skips across the screen erratically, pen pressure levels fail to register inside design apps, or touch functions are completely unresponsive.",Disconnect and reconnect the interface cable; completely remove generic operating system HID (Human Interface Device) pointer drivers and install the vendor's proprietary device driver pack; run the integrated calibration utility to map the pad area to your monitor coordinates.,Peripherals and Hardware,Input Devices,CORE 1,HARDWARE,
W43,Acessories: Styluses,,other,0,0.9227469603039976,-0.1239912545685094,-0.3649167248020564,"Digitizer screen ignores pen strokes completely, line rendering lags behind the physical pen movement, or pressure sensitivity features are missing.",Change the internal battery or charge the active stylus; inspect and replace the plastic pen tip nib if it is worn down or flat; re-pair the device via Bluetooth and verify app configuration support.,Peripherals and Hardware,Input Devices,CORE 1,HARDWARE,
W44,Accessories: Touchpads,,other,0,0.93168603259732,-0.1390297121733811,-0.335606727876621,"The cursor jumps erratically while typing on the keyboard, mouse clicks fail to register, or multi-finger gestures like scrolling fail to work.","Clean the touchpad surface with a lightly damp microfiber cloth to remove skin oils; use the ""Fn"" key shortcut (e.g., Fn+F7) to verify the touchpad wasn't accidentally disabled; check Windows Settings to lower palm-rejection sensitivity settings so your palm doesn't trigger accidental inputs while typing.",Mobile Devices and Mobile Hardware,Laptop Hardware Components,CORE 1,MOBILE DEVICES,
W45,Accessories: Trackpads,,other,0,0.9157048347282504,-0.1498521328997386,-0.3728659194948057,"The physical trackpad surface lifts or pops out of the laptop chassis enclosure, or clicking mechanisms become rigid and physically impossible to press down.","Safety Warning: If the surface is lifting, check for a internal swollen battery immediately; remove power, safely replace the expanding battery module, and inspect the trackpad structure for permanent structural damage before reassembling.",Mobile Devices and Mobile Hardware,Laptop Hardware Components,CORE 1,MOBILE DEVICES,
W127,Apple: iPadOS,,other,0,0.930240198606188,-0.1094756768451038,-0.3502402733502053,"Slide Over or Split View multi-tasking interfaces failing to display properly, external dock displays failing to scale resolution windows correctly, or file mapping tools dropping cloud share access paths.",Close running processes via the application switcher; update the system software layer; navigate to accessibility configurations to verify touch gesture parameters are matching operational intents; execute an all-settings reset routine.,Operating Systems Management,Mobile Operating Systems,CORE 2,,OPERATING SYSTEMS
W52,lusrmgr.msc (Local Users and Groups Manager),,other,1,-0.3486402635658188,-0.910913769691054,0.2206492030531503,"- ""This snapin may not be used with this edition of Windows"": The utility completely refuses to launch on Windows Home editions.
- ""Access is Denied"": The console opens, but changes cannot be saved, or properties are grayed out.
- Red ""X"" on Accounts: Specific local accounts are visible but completely locked out or disabled.
- ""The password does not meet the policy requirements"": Attempts to set or reset a password fail with a restriction pop-up.
","- Upgrade Windows Edition: If running Windows Home, upgrade to Pro or Enterprise, or use alternative command-line tools like ""net user"" and ""net localgroup"" in Command Prompt.
- Elevate Permissions: Close the tool and explicitly open a Command Prompt as an Administrator, then type ""lusrmgr.msc"" to bypass local permission limits.
- Enable Account Manually: Right-click the disabled user account, select Properties, and uncheck the Account is disabled checkbox.
- Review Password Complexity: Adjust the local security policy constraints using ""secpol.msc"" if you need to set a simple password that violates default rules.",Operating Systems,Windows Management Tools / System Administration Utilities,CORE 2,,SECURITY
W83,Administrative Tools: Certificate Manager,,other,1,-0.3255897794621528,-0.9223955625764,0.2077924966141783,"Users receive severe browser warnings stating ""Your connection is not private"" or ""The security certificate presented by this website was not issued by a trusted certificate authority"" when visiting corporate intranet sites.","Open the Certificate Manager snap-in; navigate to the Trusted Root Certification Authorities folder; select Action > All Tasks > Import to manually load the correct, up-to-date corporate root certificate file provided by the network security team.",Operating Systems Management,Windows Administrative Utilities,CORE 2,,OPERATING SYSTEMS
W89,Administrative Tools: Local Users and Groups,,other,1,-0.3381543605716722,-0.908635981861176,0.2450148585158456,"A standard user profile cannot run basic administrative tools because they are missing from the local privileged groups, or stale local accounts are left active on an enterprise machine after an employee departs.","Run ""lusrmgr.msc"" as an administrator; select the Users folder to right-click and change passwords or disable accounts; select the Groups folder, double-click Administrators, and add or remove specific user accounts to update their local privilege tokens.",Operating Systems Management,Windows Administrative Utilities,CORE 2,,OPERATING SYSTEMS
W35,Access: UAC (User Account Control),,other,2,-0.7431826745606622,-0.5974150286114908,-0.3012885590625574,Legitimate system installation tools crash out during automated deployments because the hidden background script cannot interactively click through a protective UAC confirmation prompt.,"Type ""User Account Control Settings"" in the Windows search bar; adjust the slider mechanism to alter notifications; for enterprise automated software packaging, use administrative bypass methods or adjust settings globally via Group Policy Objects (GPOs).",Operating Systems Management,Windows Security Features,CORE 2,,OPERATING SYSTEMS
W104,"Alerts, ransomware hoaxes",,other,2,-0.7258628217781373,-0.6127748326018847,-0.3124582667973638,"A user's web browser window locks up, displaying a flashing full-screen message stating ""WARNING: Ransomware Detected! Call 1-800-XXX-XXXX immediately to save your files,"" blocking standard access to the browser interface.","Do not call the listed phone number or click any links; open Task Manager (""Ctrl + Shift + Esc""); select the web browser process from the list and click End Task to force close the window; relaunch the browser and choose not to restore the previous session tabs; clear the browser cache and run a standard scan with your legitimate local antivirus software.",Network Security & Access Control,Social Engineering and Security Threats,CORE 2,,SOFTWARE TROUBLESHOOTING
W196,"AutoPlay, disabling",,other,2,-0.7431133773012985,-0.6078115793804804,-0.2799063994389267,"Inserting an external flash drive triggers automatic system modifications or opens unauthorized windows, risking user exposure to malicious drive items.","Open Windows Control Panel, click on the “AutoPlay” applet, clear the check box for “Use AutoPlay for all media and devices”, select an instruction to set all individual drive dropdown listings to “Take no action”, and click “Save” to lock down the system configuration.",Network Security & Access Control,Operational Security Best Practices,CORE 2,,SECURITY
W197,"AutoRun, disabling",,other,2,-0.7419357010397049,-0.5884743475084006,-0.3212932583284063,Plugging a found or untrusted Universal Serial Bus (USB) flash drive into a workstation instantly installs malware or launches background terminal scripts without the user clicking a single file icon.,"Open the “Local Group Policy Editor” by executing the command “gpedit.msc”, navigate to “Computer Configuration > Administrative Templates > Windows Components > AutoRun Policies”, double-click “Turn off AutoPlay”, change the setting toggle to “Enabled”, and click “Apply” to block automated script execution across all drives.",Network Security & Access Control,Logical Security Controls,CORE 2,,SECURITY
W0,2.4 GHz channels,,other,3,0.506240063275794,0.7694271457758123,0.3894905206520525,"Intermittent wireless drops, extremely slow data throughput, high latency during peak times, or inability to discover the network due to heavy RF interference.","Log into the wireless access point/router; change the channel configuration from ""Auto"" to a fixed, non-overlapping channel (1, 6, or 11); use a Wi-Fi analyzer app to determine which of those three is the least congested.",Wireless Networks,802.11 wireless protocol,CORE 1,NETWORKING,
W5,5 GHz channels,,other,3,0.4894277864391673,0.7855555316069676,0.3786329999127802,"Rapid signal degradation when walking away from the wireless router, sudden drops in connection when moving behind a concrete or brick wall, or device failing to see the 5 GHz SSID while connecting fine to 2.4 GHz.","Relocate the wireless router away from physical obstructions and place it higher in the room; ensure the client device's network card settings support 5 GHz bands; configure a separate, clear SSID name specifically for the 5 GHz network to prevent client steering confusion.",Wireless Networks,802.11 wireless protocol,CORE 1,NETWORKING,
W12,802.11 wireless protocol: Channel bonding,,other,3,0.4946357498975496,0.7663093812522305,0.4100065940056481,"Unstable wireless connections, high packet drop rates, or wireless degradation in areas with a high density of neighboring Wi-Fi routers.","Access the wireless access point configuration; reduce the channel width (e.g., lower it from 80 MHz back to 40 MHz or 20 MHz) if the local RF environment is highly congested to increase connection stability.",Wireless Networks,802.11 wireless protocol,CORE 1,NETWORKING,
W96,ADSL (Asymmetrical DSL (Digital Subscriber Line)) connectivity,,other,3,0.5156735219794774,0.7727929100773985,0.3699620748987484,"Slow internet performance, frequent dropouts when a landline phone rings, or the DSL modem fails to establish a stable digital link with the telephone company's central switch.",Install physical inline DSL filters on all standard analog telephone lines sharing the premises to isolate high-frequency data signals from low-frequency voice lines; move the DSL modem closer to the primary phone line entry wall jack; contact the telecom provider to test the copper wire line for signal degradation.,Network Infrastructure and Media,Internet Connection Types,CORE 1,NETWORKING,
W77,Adapters: USB-to-Ethernet adapters,,other,4,0.7873865304748661,0.5688105014450116,-0.2376490376008857,"Laptop fails to establish a wired network link when an Ethernet cable is plugged into the adapter, showing a ""Network cable unplugged"" status or an unrecognized device error in Device Manager.",Unplug the adapter and try a different physical USB (Univer port on the machine; check Device Manager to see if the device shows up with a yellow warning triangle; download and install the official hardware drivers from the adapter manufacturer's website.,Mobile Devices and Mobile Hardware,Laptop Accessories and Ports,CORE 1,MOBILE DEVICES,
W110,"Analyzing: Risk, change management",,other,5,-0.5690254618418206,0.4275213360875499,-0.7024496643643722,"Implementing a routine software update or network patch unexpectedly causes a widespread system outage across secondary company servers, disrupting business operations because dependencies weren't analyzed beforehand.","Complete a formal Change Request form detailing the scope of the change; perform a thorough risk assessment to identify potential side effects; create a detailed, step-by-step fallback or rollback procedure; schedule the change execution during a designated off-peak maintenance window.",Network Infrastructure and Operational Procedures,Change Management Processes,CORE 2,,OPERATIONAL PROCEDURES
W199,Backout plans,,other,5,-0.5777755195807677,0.3965902520967792,-0.713366400186459,"A newly installed software patch causes an enterprise database to crash, and helpdesk technicians have no written documentation or configuration steps available to undo the damage quickly, extending corporate downtime.","Before deploying any production modification, document a step-by-step reversal sequence, preserve recent system configuration snapshots, and maintain verified system backups to allow the engineering team to run the reversal procedures immediately if an update fails.",Network Infrastructure and Operational Procedures,Change Management Procedures,CORE 2,,OPERATIONAL PROCEDURES
W29,Access: ACL (Access Control List),,other,6,-0.5359971654677044,0.4202312887188642,0.7321971746683191,"Authorized network traffic is blocked entirely when trying to reach a server segment, or insecure external traffic passes through a perimeter firewall unfiltered.","Review the sequential rule ordering on the router/firewall via CLI or management console; ensure that a broad ""deny all"" statement isn't placed ahead of specific ""permit"" lines, as ACL rules process sequentially from top to bottom.",Network Security & Access Control,Logical Security Controls,CORE 2,,SECURITY
W68,ACL (Access Control Lists),,other,6,-0.563140386695952,0.4028714213490702,0.7215036539977558,"Users are blocked from opening folders essential to their daily tasks, or network workstations are unable to connect to an external server resource due to an overly restrictive rule line."," To fix a network ACL issue, trace rule order from top-to-bottom and fix any conflicting ""deny"" strings; for file permissions issues, right-click the folder, go to ""Properties > Security"", and edit the user lists to ensure the necessary permissions (Read/Write) are selected.",Network Security & Access Control,Logical Security Controls,CORE 2,,SECURITY
W181,Authentication: Behavioral factors,,other,7,-0.1684607273961187,-0.3379127924789942,0.9259783626004544,"Automated scripts use valid stolen passwords to log into user accounts, bypassing basic security checks because the system cannot differentiate between human and machine inputs.","Integrate user behavioral analytics software into the enterprise identity validation framework to continuously monitor active user sessions, flagging abnormal input patterns and prompting for secondary verification if anomalies are detected.",Network Security & Access Control,Identity and Access Management,CORE 2,,SECURITY
W182,Authentication: Email,,other,7,-0.1546726853788006,-0.3546790389601337,0.9221058180708038,"Attackers spoof corporate domain names to send phishing emails to clients, or legitimate company emails are blocked or flagged as spam by external mail servers.","Access your public Domain Name System (DNS) management zone file layout and add explicit “SPF text strings”, configure “DKIM public key entries”, and deploy a restrictive “DMARC rule line” to validate outbound email traffic.",Network Infrastructure Services,Network Services (DNS),CORE 1,NETWORKING,
W183,Authentication: Inherence factors,,other,7,-0.154605317979547,-0.324737078875862,0.933082539358451,"Users bypass computer locking mechanisms by stealing physical key tokens or shoulder-surfing numeric password strings, leaving endpoints vulnerable to unauthorized physical access.",Deploy peripheral biometric fingerprint readers or integrate infrared facial recognition cameras; activate biometric login platforms (such as “Windows Hello”) via group policy to require inherence factors for system access.,Network Security & Access Control,Identity and Access Management,CORE 2,,SECURITY
W185,Authentication: Knowledge factors,,other,7,-0.1803013250283398,-0.3507535225648031,0.9189468965078488,Workstations are compromised because users choose weak passwords (like “password123”) or share their personal login credentials with coworkers.,"Use Group Policy Objects (GPOs) to enforce strict password complexity parameters, requiring a minimum character length, uppercase letters, lowercase letters, numbers, and special symbols.",Network Security & Access Control,Identity and Access Management,CORE 2,,SECURITY
W186,Authentication: Location-based factors,,other,7,-0.1358274070346598,-0.3485341210356974,0.9274022223243348,Security teams fail to notice suspicious account logins where a user profile authenticates from New York and then connects from a different continent just ten minutes later.,"Access your organization's cloud identity provider management portal, configure conditional access rules, and set up impossible travel block constraints to automatically drop and flag out-of-region connection requests.",Network Security & Access Control,Identity and Access Management,CORE 2,,SECURITY
W188,Authentication: Possession factors,,other,7,-0.176369187736934,-0.3183535916402624,0.9314209039455572,Remote attackers easily log into internal company networks from thousands of miles away using only stolen password strings.,Distribute physical hardware security keys or smart cards to all enterprise employees; configure endpoint smart card readers to require users to physically insert their card before unlocking workstation interfaces.,Network Security & Access Control,Identity and Access Management,CORE 2,,SECURITY
W111,Android,,other,8,0.4850515028186692,-0.647287495171987,-0.5879999474552062,"Extreme OS (Operating System) sluggishness, UI (User Interface) freezing, apps crashing back to the home screen unexpectedly, or severe battery drain caused by rogue background processes.",Clear the system cache partition by booting into recovery mode; force close malfunctioning background applications via settings; uninstall recently added third-party apps to see if the stability issue clears; perform a factory data reset as a final recovery step.,Mobile Devices and Mobile Hardware,Mobile Operating Systems,CORE 1,,MOBILE DEVICES
W126,Apple: iOS,,other,8,0.4978037696985919,-0.629421768223427,-0.5966738175589453,"Core software applications crashing instantly upon opening, touch interface lag, or cellular/Wi-Fi connection options dropping due to baseband system software mismatches.",Force-restart the device; navigate to Settings > General > Software Update to download system image adjustments; backup all user configurations and perform an installation restore using iCloud or Finder on a computer workstation.,Operating Systems Management,Mobile Operating Systems,CORE 2,,OPERATING SYSTEMS
W128,Apple: macOS (OS X),,other,8,0.4982024055656058,-0.6522418846223046,-0.5712922956184405,"The system displays a spinning color wheel icon (""beachball of death"") indefinitely, system file structures fail to locate user documents, or kernel panic screens prompt for a cold system restart.","Restart the machine while holding down ""Cmd + R"" to boot into macOS Recovery Mode; run Disk Utility and execute the First Aid routine to check and fix storage file allocation tree corruption; reinstall the base system image over the current data block layer.",Operating Systems Management,Desktop Operating Systems,CORE 2,,OPERATING SYSTEMS
W137,Applications: macOS (OS X),,other,8,0.4735413881602636,-0.6415155964851276,-0.6035033497550628,"Finder windows freezing up completely, native file indexing tools failing to search local directories, or Safari web extensions causing system resource issues.",Relaunch the Finder utility by choosing it from the Force Quit window layout; clear system cache files from the user library path folder; run built-in system diagnosis tools.,Operating Systems Management,Operating System Features,CORE 2,,OPERATING SYSTEMS
W139,Applications: OS requirements,,other,8,0.5155223730616635,-0.6271298371132764,-0.5839048298097445,"Attempting to launch a program throws an error popup stating ""This application requires Windows 10 Version 22H2 or higher"" or ""OS architecture mismatch,"" causing the installer to fail.","Check the system version using the ""winver"" command tool; install outstanding operating system feature updates via Windows Update; if needed, run the application using compatibility mode options by altering the shortcut properties.",Operating Systems Management,System Requirements and Planning,CORE 2,,OPERATING SYSTEMS
W78,Adapters: video adapters,,other,9,0.6103073596732953,0.4995794828324645,-0.6147725327805873,"Workstation screen flickers constantly, artifacts or weird lines appear across the display, games and applications crash due to driver errors, or the monitor remains completely black while the PC power lights turn on.","Ensure the video cable is firmly connected to the correct graphics card port rather than the motherboard's integrated port; boot into Safe Mode, open Device Manager, right-click the video adapter, and choose Update driver or perform a clean install of the latest vendor software.",Peripherals and Hardware,Internal Expansion Cards,CORE 1,HARDWARE,
W106,AMD CPU,,other,9,0.5916880435530315,0.5113645810206022,-0.6232267038518243,"A computer completely fails to post after a hardware upgrade, the motherboard status lights show a CPU error, or the processor cannot be physically seated into the motherboard socket.","Verify that the motherboard socket matches the explicit AMD socket generation (Intel motherboards are completely incompatible); lift the socket retention lever, align the gold triangle on the corner of the AMD CPU with the matching triangle on the socket, and gently drop the chip into place without applying force; inspect the underside of the processor to ensure no pins are bent.","Motherboards, RAM, and CPU Diagnostics",CPU Architecture and Hardware,CORE 1,HARDWARE,
W155,ARM (Advanced RISC  (Reduced Instruction Set Computer) Machine) CPU,,other,9,0.6151136098903073,0.5132872743825013,-0.5984742441280974,"Desktop Operating System (OS) setup files throw compilation execution errors stating “Incompatible processor architecture,” or desktop software binaries fail to execute natively without emulation.","Verify that the software packages being deployed are compiled explicitly for ARM architectures; if running legacy applications, configure an OS-level translation environment (such as “Rosetta” or “Windows on ARM” emulation layers) to bridge the instruction sets.","Motherboards, RAM, and CPU Diagnostics",CPU Architecture and Hardware,CORE 1,HARDWARE,
W172,ATX: Motherboards,,other,9,0.6046443385567517,0.4875014745926508,-0.6298789852989692,"A replacement motherboard cannot be physically mounted into a compact computer case because the mounting screw holes do not align, or the Power Supply Unit (PSU) cabling layout lacks the necessary 24-pin power connector block.","Check case specifications before assembly to ensure compatibility with full-size ATX components; place the motherboard gently over the matching computer case standoffs, screw down all mounting points uniformly, and insert the standard 24-pin primary power cable block firmly into the motherboard port slot.","Motherboards, RAM, and CPU Diagnostics",Motherboard Form Factors,CORE 1,HARDWARE,
W198,Backlights,,other,9,0.5889577646712555,0.5292394331730869,-0.6107653999761841,"The laptop screen remains completely black or dark even though the power light indicator is on, but a faint, ghostly image of the desktop can be seen if a bright flashlight is shined directly onto the monitor surface.","Connect an external monitor to the video port to verify whether the graphics processing hardware is functional; if external video works, inspect the internal display panel assembly to replace a faulty high-voltage inverter board or a blown Light-Emitting Diode (LED) backlight harness strip.",Peripherals and Hardware,Laptop Display Components,CORE 1,MOBILE DEVICES,
W59,"Acknowledgement phase, DORA process",,other,10,-0.427594005671188,0.8987472029098675,0.09704036055043,"Client machines get stuck forever in a ""Configuring network interface"" loop, fail to receive a valid IP address configuration, or fall back to an APIPA auto-assigned address (169.254.x.x) despite a DHCP server being online on the broadcast domain.",Verify that the DHCP server's address pool has not run out of assignable IPv4 scopes; check for severe local network latency or packet drops that might cause the client to drop the packet before completing the handshake; review the server logs for lease conflicts.,Network Infrastructure Services,IP (Internet Protocol) Addressing Services (DHCP),CORE 1,NETWORKING,
W63,DHCPACK (DHCP (Dynamic Host Configuration Protocol) Acknowledgment),,other,10,-0.4438544031137177,0.8917678998346602,0.0879959184340085,"- Stuck on ""Obtaining IP (Internet Protocol) Address"": The client device broadcasts requests but never receives the final confirmation, remaining offline.
- Frequent Disconnections: The network connection drops and reconnects constantly as the client fails to renew its lease when it reaches the T1 (renewal) timer.
- APIPA  (Automatic Private Internet Protocol Addressing) Failback: The device times out waiting for the server's final confirmation and falls back to a self-assigned ""169.254.x.x"" address.
- Log Errors: Event Viewer logs show DHCP (Dynamic Host Configuration Protocol) Client event warnings such as ID 1001: ""Your computer was not assigned an address from the network..."" ","- Check Server Lease Pool: Open the router or DHCP server management console to ensure the scope has available addresses and that the server is not crashing or locked up.
- Run a Network Trace: Open Wireshark on the client machine and use the filter ""bootp"" (Bootstrap Protocol) or ""dhcp"" to see if the server's DHCP-ACK unicast or broadcast packet is actually reaching the client network card.
- Verify UDP (User Datagram Protocol) Port Availability: Ensure network firewalls and endpoint security software are allowing inbound traffic on UDP port 68 (DHCP client port).
- Reset the TCP/IP (Transmission Control Protocol/ Internet Protocol) Stack: Run ""netsh int ip reset"" followed by ""ipconfig /flushdns"" in an elevated Command Prompt to clear any corrupt local network configuration caching that may be blocking the packet. ",Networking,Network Services / IP Addressing,CORE 1,NETWORKING,
W64,DHCP (Dynamic Host Configuration Protocol) Lease Cycle Works,,other,10,-0.4324274123886198,0.8944029659829971,0.1142360164558455,"- Intermittent Drops at Midpoints: Active remote desktop, VoIP (Voice Over IP), or streaming sessions drop predictably at exact intervals (e.g., exactly every 4 or 12 hours).
- System Event Log Warning 1003: Windows logs an error stating that the computer failed to renew its IP address lease with the network card.
- Sudden APIPA Failback (Automatic Private IP Adressing): A working computer suddenly loses internet connectivity mid-day and shows an IP address of ""169.254.x.x"".","- Query Current Lease Details: Open Command Prompt and type ""ipconfig /all"" to inspect the exact Lease Obtained and Lease Expires timestamps.
- Isolate Network Outages: Verify if network switches or routers were offline or rebooting during the renewal windows, preventing client check-ins.
- Adjust Lease Duration: Modify the lease time settings on the DHCP server—increase short leases (e.g., 2 hours) to 8 days for stable office environments to reduce network traffic.
- Flush Cache & Re-request: Run ""ipconfig /release"" and ""ipconfig /renew"" to wipe out a problematic lease state and start a fresh initialization cycle.
",Networking,Network Services / IP Addressing,CORE 1,NETWORKING,
W65,DHCP T1 Timer (Renewal),,other,10,-0.4239497008641899,0.9020739262840536,0.0808039767315671,"- Quiet Failures: No immediate connectivity drop is visible to the user, but background network logs show repeated, unanswered unicast requests.
- Unicast Timed Out Logs: Event logs showing that the network card is failing to reach the local DHCP server address, despite the client still having internet access.","- Check Unicast Routing: Ensure that internal firewalls or routing tables have not blocked direct unicast communication between the client's subnet and the DHCP server over UDP port 67.
- Verify Server State: Check if the original DHCP server daemon has frozen, crashed, or had its network interface changed since the initial lease was granted.
- Monitor with Wireshark: Apply the filter ""dhcp.option.dhcp == 3"" to verify if the client is actively originating the unicast renewal request when the T1 timer hits.
",Networking,Network Services / Connection Timers,CORE 1,NETWORKING,
W66,DHCP T2 Timer (Rebinding),,other,10,-0.4549257962841885,0.8847772517268504,0.1010531281152557,"- Network Warning Pop-ups: Brief desktop alerts indicating the local area network connection is searching or re-identifying.
- IP (Internet Protocol) Address Shifting: The client suddenly binds to a completely different IP pool or subnet if a secondary, unauthorized (rogue) DHCP server answers the broadcast first.
","- Audit Broadcast Domains: Check that routers and switches are properly configured to forward network broadcasts or that IP Helper/DHCP Relay agents are running correctly to pass the broadcast to other subnets.
- Identify Rogue Servers: Run tools like ""dhcploc.exe"" or look at Wireshark captures to see if an unexpected server IP address is responding to the client's broadcast rebind request.
- Fix Server High Availability (HA): If utilizing a split-scope or failover cluster, verify that the secondary DHCP partner server is online and has available leases to fulfill the rebind request.
",Networking,Network Services / Connection Timers,CORE 1,NETWORKING,
W67,DHCP Expiration,,other,10,-0.4143245932014768,0.9033644618346524,0.1107600133740482,"- Instant Disconnection: The system completely drops all active local and internet data paths the exact second the lease timer counts down to zero.
- Symptom Shift to APIPA: ""ipconfig"" immediately drops the corporate IP settings and flips to a ""169.254.x.x"" configuration.
- Application Crashes: Enterprise software solutions lose their sockets, resulting in errors like ""Network connection lost"" or ""Session expired.""","- Perform Physical Loop Diagnostics: Unplug the physical RJ-45 Ethernet cable or disconnect from the Wi-Fi SSID for 10 seconds, then reconnect to force a hard hardware renegotiation.
- Clear Stale Server Bindings: On the DHCP Server console, locate the client's MAC address under active leases, delete the expired or corrupted entry manually, and clear any bad reservations.
- Reinitialize Network Stack: Execute ""netsh int ip reset"" and restart the workstation to fix deep OS-level registry corruption within the DHCP client service files.
",Networking,Network Services / IP Addressing,CORE 1,NETWORKING,
W156,Arp command,,other,10,-0.4420994685246426,0.8942214946374578,0.0701140389549703,"Workstations map local communication packets to incorrect network hardware paths, or technicians suspect localized address interception attacks but cannot confirm local hardware configurations.","Open a command window or terminal session and input the command “arp -a” to view the complete local map of IP-to-MAC associations, allowing you to check for duplicate hardware addresses on the Local Area Network (LAN).",Network Infrastructure and Media,Protocols and Network Communication,CORE 1,NETWORKING,
W159,"Assigning, static IP addresses",,other,10,-0.4457248247616018,0.886603968453504,0.1235426392535691,"Critical network infrastructure resources (like Network Attached Storage (NAS) units, network printers, or servers) lose network connections because their dynamically leased IP addresses expired and changed automatically.","Access the host device's Network Interface Controller (NIC) configuration properties, select “Internet Protocol Version 4 (TCP/IPv4)”, change the configuration toggle to “Use the following IP address”, and manually type in the designated static IP address, subnet mask, default gateway, and Domain Name System (DNS) servers.",Network Infrastructure Services,IP Addressing Services (DHCP),CORE 1,NETWORKING,
W85,Administrative Tools: Device Manager,,other,11,0.0321508077881884,0.0087269400328036,-0.9994449289862004,"An external peripheral device (like a webcam or network card) completely fails to function, displaying a generic yellow exclamation point triangle, a red ""X"", or an ""Unknown Device"" listing in the operating system interface.","Open Device Manager; locate the malfunctioning hardware listing; right-click the item and select Update Driver to point the system to the vendor's software files; if it still fails, select Uninstall Device, unplug the peripheral, restart the computer, and plug it back in to force a hardware rescan.",Operating Systems Management,Windows Administrative Utilities,CORE 2,,OPERATING SYSTEMS
W21,802.11 wireless protocol: Wi-Fi analyzers,,other,12,0.5705402140539481,-0.2178852661428873,0.7918395512634603,"Inability to pinpoint the physical root cause of mysterious Wi-Fi slow-downs, blind spots, or frequent network disconnects within an office space.",Deploy a Wi-Fi analyzer application on a mobile device or laptop; walk through the physical space to map out signal drops; identify overlapping channels from rogue access points and reconfigure your own channels based on the collected visual data graph.,Wireless Networks,802.11 wireless protocol,CORE 1,HARDWARE & NETWORK TROUBLESHOOTING,
W24,"AAA (Authentication, Authorization, Accounting) Servers",,other,12,0.5839671458582247,-0.2030611694645048,0.785969804772363,"ERROR SYMPTOMS: Users are entirely blocked from logging into switches, routers, or corporate VPNs, or network administrators lack historical visibility into who made specific configuration changes during a security incident.",Check physical network path and port connectivity (UDP 1812/1813 for RADIUS; TCP 49 for TACACS+) between the access device and the server; verify that the shared secret key matches identically on both sides; audit the server's authentication logs.,Network Security & Access Control,Security Servers,CORE 1,NETWORKING,
W34,Access: Remote access,,other,12,0.5592372716130539,-0.2067633223800671,0.8028091943651018,"The remote session connection drops out or times out with a ""Remote Desktop can’t connect to the remote computer"" notice, or SSH terminals fail to open.",Confirm the remote host machine is powered on and has active remote connections enabled within its system properties; verify that local and network firewalls aren't blocking the appropriate port traffic (TCP 3389 for RDP; TCP 22 for SSH).,Network Infrastructure Services,Remote Access Protocols,CORE 2,,OPERATING SYSTEMS
W134,Applications: Distribution methods,,other,12,0.5814254110381021,-0.2271622344311246,0.7812437587894272,"Network bandwidth issues during large-scale enterprise software deployments, or users accidentally installing unapproved, insecure software versions from unauthorized third-party websites.",Use Group Policy Objects (GPOs) or Mobile Device Management (MDM) configurations to restrict software installations exclusively to safe corporate app stores; use local software distribution points to reduce wide area network (WAN) bandwidth usage.,Operating Systems Management,Application Installation and Management,CORE 2,,OPERATING SYSTEMS
W184,Authentication: Kerberos,,other,12,0.5783078343858472,-0.1864485988694655,0.7942272777156199,"Users can log into their local computers but are completely blocked from accessing network file shares or printers, throwing errors about missing security tickets or system clock mismatches.","Check the system clock time on the client workstation; ensure it is synchronized within exactly 5 minutes of the domain controller's clock time, as Kerberos security tokens will be rejected automatically if the time drifts too far apart.",Operating Systems Management,Active Directory and Domain Services,CORE 2,,OPERATING SYSTEMS
W189,Authentication: RADIUS servers,,other,12,0.5545393421050621,-0.2276063933825605,0.8004257915316497,"Users are unable to connect to the corporate wireless network, or wireless access points fail to authenticate connecting clients, throwing continuous credential verification errors.",Verify that the wireless access point is configured with the correct IP address and shared secret string matching the RADIUS server profile; ensure the background RADIUS service port numbers (typically ports 1812 and 1813) are open on all network firewalls.,Network Infrastructure Services,Specialized Network Servers,CORE 1,NETWORKING,
W190,Authentication: Servers,,other,12,0.5968073867990713,-0.2107306101915635,0.7742180267795081,"Employees cannot log into any corporate computers across the entire office building, with machines showing errors stating “No authentication servers are currently available.”",Check that the centralized authentication server hardware is powered on and connected to the network; ensure the Domain Name System (DNS) configurations on all client workstations point to the authentication server's IP address so they can resolve its path.,Network Infrastructure Services,Specialized Network Servers,CORE 1,NETWORKING,
W58,"ACK packets, three-way handshakes",,other,13,-0.0699535187122002,0.8055263858283936,0.5884163041198195,"Applications hanging indefinitely during network connection phases, network capture analysis showing one-sided traffic flows, or connection time-out errors occurring despite a host answering initial network pings.",Inspect firewall filtering rules to ensure stateful packet inspection is not dropping legitimate incoming TCP ACK frames; check for asymmetric routing loops where outbound and inbound traffic are traversing different physical or logical paths.,Network Infrastructure and Media,Protocols and Network ,CORE 1,NETWORKING,
W60,SYN packet (Synchronize Packet),,other,13,-0.093379199504899,0.8100626195083571,0.5788599809756092,"- Connection Timeout / ""Server Unreachable"": Outbound SYN packets are sent but receive no response, causing applications to hang during the initial connection phase.
- Connection Refused (RST): The client immediately receives a Reset (RST) packet back instead of an acknowledgement.
- High Network Latency: Severe delays during the initial setup of web pages or network services, though active streams perform normally.
- Server Performance Degradation: The target server runs out of memory, drops legitimate connections, or experiences high CPU usage due to a flood of orphaned connection requests.
","- Analyze Traffic with Wireshark: Capture packets on the network interface to verify if outbound SYN packets are actually being generated and transmitted.
- Inspect Firewall and ACL (Allow Client List) Rules: Check local, network, and cloud firewalls to ensure that the required inbound/outbound (Transmission Control Protocol) TCP port is open and not dropping traffic.
- Verify Service Status: Check the target server to confirm that the listening application or service is active and bound to the correct port.
- Mitigate SYN Flood Attacks: Enable TCP SYN cookies on the server operating system or implement rate-limiting on network firewalls to protect against Denial of Service (DoS) attacks.",Networking,Network Protocols / Transport Layer Security,CORE 1,NETWORKING,
W61,SYN-ACK (Synchronize-Acknowledgment Packet),,other,13,-0.0766747521729029,0.7914719627397011,0.6063770399480748,"-""Connection Reset by Peer"": The client receives a SYN-ACK but the connection is instantly broken before data transfer begins.
- Stuck in SYN_RECV (Synchronize Received) State: The server logs show numerous connections stuck waiting for the final response from the client, depleting system resources.
- Intermittent Connectivity: Only certain client machines can successfully connect to a server, while others drop during the handshake.","- Trace the Handshake Sequence: Use network sniffing tools (e.g., ""tcpdump"" or Wireshark) to verify if the server is generating the SYN-ACK packet and if it reaches the client.
- Fix Asymmetric Routing: Check router and gateway configurations to ensure that the return path from the server back to the client is not taking a different, blocked route.
- Adjust MTU Settings: Reduce the Maximum Transmission Unit (MTU) size on the network interfaces if large packets containing handshake headers are being silently dropped by intermediate routers.
- Clear TCP/IP (Transmission Control Protocol/ Internet Protocol) Stack: Run ""netsh int ip reset"" and ""netsh winsock reset"" in an elevated Windows Command Prompt to clear local network corruption preventing proper handshake negotiation.",Networking,Network Protocols / Connection Management,CORE 1,NETWORKING,
W62,ACK packet (Acknowledgment Packet),,other,13,-0.065068078476849,0.8182289147815794,0.5711983790056565,"- Stuck Connections: A socket connection appears to open successfully but immediately freezes or hangs indefinitely when attempting to transmit application data.
- High Packet Retransmission: Network monitors reveal a surge in duplicated data frames being sent over the wire, severely throttling network throughput.
- Connection Dropouts: Connections are abruptly terminated with errors like ECONNRESET (Connection Reset by peer) or ""Connection timed out"" shortly after the initial handshake completes.","- Verify Three-Way Handshake Completion: Run a packet capture in Wireshark and filter for ""tcp.flags.ack == 1"" to verify if the client's final ACK packet is reaching the server interface.
- Check Stateful Firewall Tables: Inspect intermediate firewalls to ensure they aren't prematurely dropping the ACK packet due to exhausted state table limits or overly aggressive timeout rules.
- Disable TCP Offloading: Open Device Manager, navigate to your Network Adapter properties, click the Advanced tab, and temporarily disable Large Send Offload (LSO) and TCP Checksum Offload to resolve hardware-level packet formatting bugs.
- Isolate Bad Network Hardware: Run a continuous ping test (""ping -t"") alongside your data transfer to pinpoint faulty switches, damaged cables, or failing access points that are causing packet corruption and dropping small ACK frames. ",Networking,Network Protocols / Connection Management,CORE 1,NETWORKING,
W150,Apt command,,other,14,-0.3484659351181398,-0.4257269511387305,-0.8350617073823715,"Attempts to manage software packages return syntax errors, or terminal outputs flag missing package dependencies or broken repository listings.","Open the terminal application and run the core command using administrative privileges by prefixing it with “sudo”, formatting the instruction as “sudo apt ” to safely modify software repositories.",Operating Systems Management,Linux Command-Line Utilities,CORE 2,,OPERATING SYSTEMS
W151,Apt install <program> command,,other,14,-0.3263840351008577,-0.4316485039515542,-0.8409239149100631,Running the command returns a terminal error stating “E: Unable to locate package ” or “Permission denied” when an unprivileged account executes the script.,"Elevate your execution privileges and refresh repository trees by executing “sudo apt update”, then run the installation string using the format “sudo apt install ” to safely pull down and deploy the application.",Operating Systems Management,Linux Command-Line Utilities,CORE 2,,OPERATING SYSTEMS
W152,Apt update command,,other,14,-0.3532270439156091,-0.4437037327794244,-0.8236247039545654,"Software installation commands pull outdated versions of application packages, or the terminal displays “Failed to fetch” mirror errors due to broken repository paths or internet disconnects.","Ensure the Network Interface Controller (NIC) has valid Wide Area Network (WAN) connectivity, open an elevated terminal console shell, and execute “sudo apt update” to download fresh repository listings.",Operating Systems Management,Linux Command-Line Utilities,CORE 2,,OPERATING SYSTEMS
W153,Apt upgrade command,,other,14,-0.342759821760547,-0.4094560077023054,-0.8454948150894646,"Security definitions remain obsolete, applications exhibit legacy software bugs, or running the update string fails because the local repository index has not been refreshed first.",Open the command line and run the combined sequence “sudo apt update && sudo apt upgrade” to download package metadata logs before authorizing the installation of system software upgrades.,Operating Systems Management,Linux Command-Line Utilities,CORE 2,,OPERATING SYSTEMS
W154,Apt-get command,,other,14,-0.3222594330351058,-0.4513431946771071,-0.8321287030493271,"Enterprise system automation deployment scripts fail to execute software deployments on legacy servers, throwing unrecognized command behaviors.",Open the command shell window and format your management strings using the syntax “sudo apt-get install ” or “sudo apt-get update” to safely manipulate software libraries on older distributions.,Operating Systems Management,Linux Command-Line Utilities,CORE 2,,OPERATING SYSTEMS
W49,Microsoft Entra ID (Formerly Azure AD (Active Directory)),,other,15,-0.0418857260866262,-0.7490583439665617,0.6611786319023538,"- Authentication Loops: Users are repeatedly prompted to log in or encounter Azure Active Directory Security Token Service (AADSTS) error codes during single sign-on (SSO) attempts.
-  Multifactor Authentication (MFA) Failures: Users do not receive multi-factor authentication push notifications, Short Messaging System (SMS) codes, or phone calls.
- Access Denied: Users receive ""You cannot access this right now"" blocks due to overly restrictive Conditional Access policies.
- Sync Issues: New employee accounts created in on-premises Active Directory fail to appear in the cloud directory.","- Analyze Sign-in Logs: Open the Microsoft Entra admin center, locate the user's account, and review the ""Sign-in logs"" to find the exact failed policy or bad password entry.
- Check Conditional Access: Inspect the ""Report-only"" or active Conditional Access policies to see if a specific rule (e.g., geographic blocking or device compliance) is blocking the login.
- Verify Microsoft Entra Connect: Check the synchronization status tool on the local domain controller to resolve object conflicts or sync halts.
- Reset Multifactor Authentication (MFA) Methods: Have an administrator clear and require the re-registration of the user's MFA methods in the Entra portal if their authenticator app becomes desynchronized.",Security & Identity, Identity and Access Management (IAM) / Directory Services,CORE 2,,SECURITY
W73,Active Directory: online resources,,other,15,-0.021220535700897,-0.7570337698822527,0.6530310560168109,"Internal corporate employees can access local office workstations but are completely blocked from logging into cloud-hosted platforms like Microsoft 365, throwing credential validation errors.",Open the directory synchronization tool (such as Azure AD Connect) on the local domain controller; check the active synchronization log files for replication conflicts; verify that the on-premise domain controller can communicate over the internet with cloud endpoint ports.,Operating Systems Management,Active Directory and Domain Services,CORE 2,,OPERATING SYSTEMS
W125,Apple: Apple ID,,other,15,-0.0338784937409013,-0.7356905805212608,0.6764699678434647,"Users are blocked from installing new software applications from the official App Store, cloud file synchronization loops fail to complete, or device backup services report synchronization credential lockouts.","Open System Settings, navigate to the user account profile banner, and verify account authentication properties; clear stale tokens by logging out and signing back in; complete Multi-Factor Authentication (MFA) or Apple confirmation prompts on a trusted device.",Operating Systems Management,Operating System Features,CORE 2,,OPERATING SYSTEMS
W129,Apple: Online resources,,other,15,-0.0480474041943569,-0.7614065913447611,0.6464916469738307,"Mobile Device Management (MDM) platforms fail to enroll corporate Apple devices, or technicians are unable to download diagnostic image utilities or look up hardware support articles.",Check local network firewall configurations to ensure required Apple push notification and sync ports are open; verify certificate validation states inside the enterprise deployment dashboard portal; clear web cache configurations.,Operating Systems Management,External Technical Resources,CORE 2,,OPERATING SYSTEMS
W191,Authentication: SSO authentication,,other,15,-0.0053251199361745,-0.7472098291545858,0.6645668621835129,"Employees are overwhelmed by managing dozens of separate application passwords, leading them to write down credentials on notes or reuse weak passwords across multiple platforms.",Deploy an enterprise cloud identity platform (such as “Microsoft Entra ID” or “Okta”) and integrate company business applications using standard Secure Assertion Markup Language (SAML) or OpenID Connect (OIDC) federation strings to establish single sign-on access.,Operating Systems Management,Active Directory and Domain Services,CORE 2,,OPERATING SYSTEMS
W69,"Action plans, CompTIA troubleshooting process",,other,16,-0.5097844912385093,0.0464165969129286,-0.859049050999835,"Technicians rushing into a repair and accidentally wiping user data, causing a prolonged system blackout by executing random commands, or replacing expensive hardware components without checking logical configurations first.",Always document your plan before executing any changes; identify potential risks or side effects of your plan; schedule necessary downtime if the fix impacts production environments; make sure you have a working backup of critical data before proceeding with the fix.,"Motherboards, RAM, and CPU Diagnostics",Troubleshooting Methodologies,CORE 1,HARDWARE & NETWORK TROUBLESHOOTING,
W86,Administrative Tools: Event Viewer,,other,16,-0.5038155381863492,0.0295552662220032,-0.8633055019635549,"The computer experiences mysterious application crashes or sudden Blue Screens of Death (BSOD) with generic stop codes, making it difficult to pinpoint the exact driver or application causing the system crash.","Launch Event Viewer; expand the Windows Logs directory tree; select the System log to look for red ""Error"" or ""Critical"" flags timestamped at the exact moment of the system crash; isolate the specific Event ID and source file listed in the details panel to target the fix.",Operating Systems Management,Windows Administrative Utilities,CORE 2,,OPERATING SYSTEMS
W109,"Analyzing: Detection/analysis phase, incident response",,other,16,-0.5238763067278343,0.0417054332131296,-0.850772749968938,Security teams deploy incorrect containment methods or isolate the wrong systems because they rushed to respond without properly confirming the source or type of a malware infection or intrusion event.,"Isolate and review system logs from firewalls, SIEM (Security Information and Event Management) platforms, and endpoint protection software; capture network traffic samples to verify attack patterns; document all findings carefully before moving to Step 3 (Containment) of the incident response plan.",Network Infrastructure and Operational Procedures,Incident Response Procedures,CORE 2,,OPERATING SYSTEMS
W130,Application logs,,other,16,-0.4964554773026967,0.0497818175847352,-0.8666335613707281,"Database tools, office suites, or custom software suites crashing quietly back to the desktop without throwing an error window, leaving the user with no immediate explanation for the crash.","Open Event Viewer (""eventvwr.msc""); expand the Windows Logs hierarchy tree; click Application; filter the current view by selecting ""Error"" checkboxes; analyze the specific Event ID, faulting module path, and application return code to find the broken file.",Operating Systems Management,Windows Administrative Utilities,CORE 2,,OPERATING SYSTEMS
W132,"Applications: Crashes, troubleshooting",,other,16,-0.5150707319997223,0.0183454571867868,-0.8569513318957371,"Software programs instantly vanishing mid-use, frozen window borders that stop responding to inputs, or blue screen stop errors triggered by application memory access violations.",Check active application or system logs for explicit error dump summaries; end hanging processes using Task Manager; verify that the application has the latest software updates and patches installed; execute an application repair configuration inside the Windows Apps and Features Control Panel menu.,"Motherboards, RAM, and CPU Diagnostics",Operating System and Application Troubleshooting,CORE 2,,SOFTWARE TROUBLESHOOTING
W145,Applications: Troubleshooting,,other,16,-0.5196105144160867,0.060121470744189,-0.8522853524869507,"Applications throwing random runtime errors during execution, crashing back to the desktop under specific workloads, or losing access to network data files.",Isolate recent system configuration changes; check application error logs for explicit error details; reset application data back to default settings via the Windows Settings interface; reinstall the application package files to replace corrupted software binaries.,"Motherboards, RAM, and CPU Diagnostics",Operating System and Application Troubleshooting,CORE 2,,SOFTWARE TROUBLESHOOTING
W157,Articles/KB,,other,16,-0.4892800256305657,0.0308960812453655,-0.8715793071675306,Helpdesk technicians waste time resolving unique hardware issues or specialized application errors from scratch without utilizing existing company solutions.,"Isolate the exact error code or system behavior flag, navigate to the vendor's documentation portal (such as “Microsoft Learn”), and input the explicit code to pull up the step-by-step resolution instruction document.",Network Infrastructure and Operational Procedures,Operational Documentation,CORE 2,,OPERATIONAL PROCEDURES
W158,Asset management,,other,16,-0.5322699016477815,0.028089544311753,-0.8461085800889971,"Network security audits discover untracked rogue computers connected to physical switches, software configurations fall out of compliance due to expired licensing models, or hardware assets go missing during office moves.","Deploy automated asset discovery scans across all network zones; paste physical barcode asset tags onto all company computers; catalog every serial number, physical location, and assigned user into a centralized Configuration Management Database (CMDB).",Network Infrastructure and Operational Procedures,Operational Documentation,CORE 2,,OPERATIONAL PROCEDURES
W177,Audit logs,,other,16,-0.4992953298431958,0.0662922479576476,-0.8638920716487078,"Information security officers are unable to trace who accessed or deleted a sensitive folder on a network share, or they lack the visibility needed to investigate a suspected insider data breach.","Open the Local Security Policy tool by running “secpol.msc”, navigate to “Local Policies > Audit Policy”, and enable tracking for specific system events (such as “Audit account management” or “Audit object access”) to begin capturing logs in Event Viewer.",Operating Systems Management,Windows Administrative Utilities,CORE 2,,OPERATING SYSTEMS
W178,Audit success events,,other,16,-0.5020904716696953,0.0096127958430358,-0.8647616737660053,"Security log tables fill up with millions of routine informational entries, consuming large amounts of storage disk space and making it difficult to spot actual failed system attack logs.","Launch Event Viewer by running the instruction “eventvwr.msc”, open the “Security” log folder, select “Filter Current Log” from the actions menu, and adjust the filters to exclude success codes or limit tracking to critical security event groups.",Operating Systems Management,Windows Administrative Utilities,CORE 2,,OPERATING SYSTEMS
W28,Access: Access control vestibules (mantraps),,other,17,-0.4689289543267802,-0.110452466622068,0.8763023955297015,"Unauthorized physical intruders successfully slip inside a restricted data center behind a legitimate employee, or an internal mechanical override failure causes both doors to lock simultaneously, trapping staff inside.",Test the electronic door sensors and locking magnetic strikes for proper synchronization logic; re-calibrate the integrated biometric or proximity badge readers; verify the functionality of the emergency break-glass manual release switches located inside the enclosure.,Physical Security & Access Control,Physical Security Controls,CORE 2,,SECURITY
W31,Access: Controlling,,other,17,-0.4731456573554792,-0.1351479063008825,0.8705562763820264,"Users are over-privileged and able to modify directories outside their job description, or structural data breaches occur due to weak permission constraints.","Implement the security model of ""Least Privilege"" across the infrastructure; perform regular group policy audits; move users out of local Administrator groups into standard unprivileged containers.",Network Security & Access Control,Access Control Management,CORE 2,,SECURITY
W103,Alarm systems,,other,17,-0.4478435761181657,-0.1133615909737269,0.886896431958996,Facility perimeters suffer physical breaches by unauthorized individuals outside of standard business hours without alerting security teams or generating active incidents.,Audit and test all building security zones and contact sensors regularly; integrate physical alarm triggers directly with closed-circuit television (CCTV) cameras to automatically record video when a sensor is tripped; route alarm notifications to a 24/7 centralized monitoring station.,Network Security & Access Control,Physical Security Controls,CORE 2,,SECURITY
W179,AUP (Acceptable Use Policies),,other,17,-0.4881993565161016,-0.1091002090987501,0.865885981334652,"Employees install unapproved Peer-to-Peer (P2P) file-sharing software programs on corporate laptops, browse non-work web content during business shifts, or expose the corporate network to security threats due to unsafe browsing behaviors.",Require every employee to review and physically or digitally sign the formal AUP document during onboarding; deploy content-filtering firewalls to block web traffic categories that violate company compliance rules.,Network Infrastructure and Operational Procedures,Corporate Security Standards,CORE 2,,OPERATIONAL PROCEDURES
W1,3–2-1 backup rule,,other,18,-0.2764339818014527,0.8065150616584182,-0.5226066484685321,"Complete data loss following a catastrophic event (e.g., local fire, severe ransomware infection, or total hardware failure) where local backup drives are destroyed or encrypted simultaneously with the primary system.","Audit the current backup plan. Configure a local automated backup routine to a separate physical drive or NAS device, and set up a secondary automated synchronization task that replicates that data to an off-site cloud service provider.",Data Retention and Operational Procedures,Backups / Recovery,CORE 2,,OPERATIONAL PROCEDURES
W6,"10-tape rotations, backup rotation schemes",,other,18,-0.2931433511942082,0.7949448145101966,-0.5311588439760542,"Inability to restore a clean backup file from a specific day last week because the tape media was accidentally overwritten too early, or a backup failure due to physically worn out or degraded tape media blocks.",Implement strict label management on physical tapes; audit the scheduling configuration within the backup software utility; replace degraded tape media cartridge units immediately upon any write-error logged by the system.,Data Retention and Operational Procedures,Backups / Recovery,CORE 2,,OPERATIONAL PROCEDURES
W51,7-Zip,,other,18,-0.2862704079242137,0.8135336156549904,-0.5061741891347512,"- ""Cannot open file as archive"": The archive file is corrupted, truncated, or saved in an unsupported format.
- ""Data Error in encrypted file. Wrong password?"": Data corruption within the archive or an invalid decryption key entered by the user.
- ""CRC Failed"": Cyclic Redundancy Check error indicating the extracted file does not match the original file due to a storage or download transmission failure.
- Extremely slow extraction: High compression ratios causing maximum CPU utilization or disk bottlenecks on slower storage media.","- Test Archive Integrity: Right-click the archive file, select ""7-Zip -> Test archive"" to identify exact corrupted blocks or files.
- Re-download the Source: If a download failed a Cyclic Redundancy Check (CRC) check, download the archive file again using a stable connection.
- Verify Password Accuracy: Re-enter the exact casing and symbols for encrypted "".7z"" or "".zip"" files, or use the command line tool to check for headers.
- Update the Software: Ensure the latest version of 7-Zip is installed to support newer compression algorithms or fixes for file handling bugs.
",Software Utilities,File Compression and Archiving,CORE 2,,OPERATING SYSTEMS
W171,Attrib command,,other,18,-0.2682685498101015,0.79918057730835,-0.5379055586586529,"A technician cannot view critical system configuration files inside a directory, or manual attempts to edit a specific text file return a prompt stating “Access Denied: File is Read-Only.”","Open an elevated command prompt interface and execute the clear attribute command line instruction “attrib -r -s -h ” to safely strip away restrictive flags, allowing you to edit or view the file.",Operating Systems Management,Windows Command-Line Utilities,CORE 2,,OPERATING SYSTEMS
W200,Backups: Differential backups,,other,18,-0.3092323142174707,0.797128161280756,-0.5186155322942693,"Daily backup storage consumption increases progressively as the business week continues, because data changes are repeatedly copied and stacked onto each successive daily backup file volume.","To perform a complete server state recovery using this method, locate and restore the very first full backup baseline volume target, then locate and apply only the most recent differential backup image container to pull down all cumulative file changes.",Network Infrastructure and Operational Procedures,Redundancy and Backup Procedures,CORE 2,,OPERATIONAL PROCEDURES
W201,Backups: Full backups,,other,18,-0.2644085907719231,0.8189353440004908,-0.5093456581466103,"Corporate data replication operations take hours to complete, saturating local network bandwidth and causing performance degradation on production servers during the operational replication window.","Schedule full backup tasks to run automatically during low-impact weekend hours using a backup management terminal utility, and combine this baseline with faster mid-week incremental or differential backup sequences to minimize system overhead.",Network Infrastructure and Operational Procedures,Redundancy and Backup Procedures,CORE 2,,OPERATIONAL PROCEDURES
W36,"Access: Windows networks, sharing access",,other,19,0.2266043488249204,-0.8890803953285834,0.3977266897456133,"A user can view a shared folder across the network but receives an explicit ""You do not have permission to access this folder"" error when trying to write or save a new file inside it.","Right-click the folder and select Properties; check both the Share Permissions and NTFS (New Technology File System) Permissions tabs; remember that when these lists conflict, the system enforces the most restrictive cumulative permission match between the two lists.",Operating Systems Management,Windows File and Folder Sharing,CORE 2,,OPERATING SYSTEMS
W71,Active Directory: Home folder,,other,19,0.2479750574409537,-0.8877622089414674,0.3877971522104332,"A user logs into a corporate computer and receives an error that their personal drive mapping (often the H: drive) is missing, or they are completely unable to open their personal work files.","Open Active Directory Users and Computers (dsa.msc), find the user's properties, and check the Profile tab to verify the network path string (\\server\share\user) is spelled correctly; ensure the network storage server is online and that share/NTFS (New File Transfer Systems) permissions grant the user full access.",Operating Systems Management,Active Directory and Domain Services,CORE 2,,OPERATING SYSTEMS
W72,Active Directory: Logon scripts,,other,19,0.2316367093431695,-0.8791325498789485,0.4164977726567165,"Shared department network folders or network printers fail to automatically appear in File Explorer when an employee boots their system, or login phases take a long time due to a script getting stuck in a loop.",Check the Active Directory user account properties profile tab to verify the exact file name and path of the login script are entered correctly; open the script file directly inside the network SYSVOL (System Volume) folder to check for syntax bugs or dead server references.,Operating Systems Management,Active Directory and Domain Services,CORE 2,,OPERATING SYSTEMS
W74,Active Directory: Security groups,,other,19,0.2230905483884903,-0.8977360020098876,0.3798692905658808,"A new hire is unable to access their department's shared network folders, or an unapproved employee can view sensitive files because user accounts are assigned permissions directly rather than using groups.","Access the Active Directory management console; locate the appropriate department security group (e.g., ""Accounting-ReadOnly""); open its properties, go to the Members tab, and add the user's account to the group; have the user log out and log back in to update their security token.",Operating Systems Management,Active Directory and Domain Services,CORE 2,,OPERATING SYSTEMS
W75,Active Directory: User profiles,,other,19,0.2612567169515649,-0.8775721046623364,0.4020101105273437,"A user receives a ""You have been logged in with a temporary profile"" notification upon boot, and any files saved to the desktop vanish completely after restarting the computer.","Check network path connectivity to the profile storage server; if a local profile registry key is corrupted, open ""regedit"" and navigate to ""HKLM\SOFTWARE\Microsoft\Windows NT\CurrentVersion\ProfileList"", find the profile entry ending in "".bak"", and repair or rebuild the profile mapping.",Operating Systems Management,Active Directory and Domain Services,CORE 2,,OPERATING SYSTEMS
W2,3D printers: Installing,,other,20,0.4582144569869511,0.4576347769738194,-0.7619776389844234,"System unrecognized by the host workstation via USB, firmware mismatch errors, initial test prints failing to adhere to the build plate, or axis motor grinding sounds during the initial calibration phase.",Ensure all physical shipping restraints are removed; download and install the vendor-specific driver/slicing utility; calibrate and manually or automatically level the print bed using a standard piece of paper as a gap gauge; update firmware to the latest revision.,Peripherals and Hardware,3D printers,CORE 1,HARDWARE,
W3,3D printers: Maintenance,,other,20,0.4373993333756182,0.4663462679541698,-0.7688972503057754,"Extruder nozzle jams, plastic filament snapping mid-print, uneven layer lines (Z-banding), rough textures on completed prints, or loud squeaking noises during print-head movement.","Pre-heat the extruder nozzle to printing temperature and perform a ""cold pull"" or use a specialized acupuncture needle to clear internal filament clogs; apply a thin layer of lithium grease to the guide rails; tighten loose axis drive belts until they are taut.",Peripherals and Hardware,3D printers,CORE 1,HARDWARE,
W4,3D printers: Printing process,,other,20,0.463733920852084,0.4739419041600731,-0.7485518833937144,"Print job fails mid-way due to thermal runaway errors, print model warps or detaches from the bed before completion, or the extruder skips clicks without depositing plastic.","Verify that the heated print bed temperature matches the filament specification (e.g., 60°C for PLA); apply a print bed adhesive (like glue stick or blue painter's tape) if the model detaches; check the ambient room temperature to prevent cooling drafts.",Peripherals and Hardware,3D printers,CORE 1,HARDWARE,
W33,"Access: Printers/multifunction devices, sharing",,other,20,0.4518406834418944,0.4430298404698971,-0.7743155411329281,"Remote client computers receive ""Printer Offline"" or ""Connect to Printer Access Denied"" errors when attempting to connect to a shared network print queue.","Verify that the host computer remains powered on and connected to the network; open Printer Properties, navigate to the ""Sharing"" tab, and verify that sharing options are active; check the ""Security"" tab permissions to ensure the ""Everyone"" group or specific network users hold ""Print"" rights.",Peripherals and Hardware,Printer Sharing and Management,CORE 1,HARDWARE,
W79,Additive manufacturing,,other,20,0.4345014061868222,0.4855248896244346,-0.7586000985874274,"Physical structural flaws in printed 3D models, rough layers, or objects failing to match the precise scale measurements of the digital design file.",Open your slicing software utility tool to check the G-code (geometric code) path configurations; optimize layer height and infill density settings; ensure the 3D printer's structural frame components are rigid and calibrated correctly before printing.,Peripherals and Hardware,3D printers,CORE 1,HARDWARE,
W22,802.1X wireless protocol,,other,21,0.2501569623787616,-0.0527982007775524,0.9667646270773896,"Client devices receive an ""Authentication Failed"" or ""Network Rejected Connection"" message when trying to join the corporate network, despite entering valid user credentials.",Verify physical network connectivity between the wireless access point and the backend RADIUS server; ensure the client device has the correct security certificates installed; check the server's Active Directory logs to see if the user account is locked or disabled.,Network Security & Access Control,Wireless Security Standards,CORE 2,,SECURITY
W47,"Accounts: Accounts section, Settings",,other,22,0.004163464816651,-0.9933976005374768,-0.1146467304684441,"User is unable to configure biometric sign-in options, encounters a warning that local settings are not syncing across devices, or experiences profile connection errors after a corporate password change.","Open Windows Settings (Win + I), navigate to Accounts, and select Access work or school to re-authenticate or fix credential synchronization; verify the local machine has a stable internet connection to validate external Microsoft or Azure/Entra ID profiles.",Operating Systems Management,Windows Settings and Utilities,CORE 2,,OPERATING SYSTEMS
W50,Accounts: Administrator accounts,,other,22,0.0199841423228379,-0.9922398576833382,-0.1227220390971777,"User is blocked from installing essential software utilities, receives an explicit ""Access Denied"" or ""7-Zip Error: Extraction Failed"" message, or cannot modify the Windows Registry or Group Policy settings.","Log in using a profile that already possesses administrative rights; open ""lusrmgr.msc"" (Local Users and Groups Manager) or User Accounts in the Control Panel, select the target user account, and add them to the local Administrators group.",Network Security & Access Control,User Account Management,CORE 2,,OPERATING SYSTEMS
W54,"Accounts: Guest accounts, disabling",,other,22,0.0097757896405513,-0.9950143650381508,-0.0992514347736554,"Audit logs reveal anonymous network users successfully mapping shared network folders, or untrusted physical walk-ups logging into a workstation without needing a unique password.","Open the Command Prompt as an Administrator and execute the command ""net user guest /active:no"" to strictly disable the account; alternatively, open ""lusrmgr.msc"", double-click the Guest user profile, check the box for Account is disabled, and click Apply.",Network Security & Access Control,Account Security Best Practices,CORE 2,,SECURITY
W57,Accounts: User accounts,,other,22,-9.476482223068476e-05,-0.991627575003862,-0.1291307225705345,"A standard user accounts folder throws permissions errors when they try to save a personal file outside of their own user directory path (e.g., attempting to write files inside ""C:\Windows\System32"").",Educate users to operate within their designated profile directories (such as Documents or Desktop); use explicit permissions mapping or folder redirection configurations if a specific standard user requires routine access to a shared data partition.,Network Security & Access Control,User Account Management,CORE 2,,OPERATING SYSTEMS
W70,Active Directory: Group policies,,other,22,0.0316533802608063,-0.9933144107775622,-0.1110159666880811,"New security restrictions or corporate desktop wallpapers fail to deploy to client machines on the network, or a machine retains old settings even after a domain policy is updated.","Run the command ""gpupdate /force"" from the Command Prompt on the client computer to manually pull the latest policies; use the ""gpresult /r"" command to generate a diagnostic report to see which GPOs are being successfully applied or blocked.",Operating Systems Management,Active Directory and Domain Services,CORE 2,,OPERATING SYSTEMS
W87,Administrative Tools: Group Policy Editor,,other,22,-0.008322254697718,-0.9947160618859312,-0.1023264203560875,"Local configuration settings (such as disabling the Control Panel or forcing a specific password complexity length) fail to roll out to target workstations, leaving computers vulnerable to non-compliant configurations.","Open the Local Group Policy Editor on the machine; navigate to the specific Administrative Template path; configure the target policy setting to ""Enabled"" or ""Disabled""; run the command ""gpupdate /force"" in an elevated command prompt to instantly apply the new settings.",Operating Systems Management,Windows Administrative Utilities,CORE 2,,OPERATING SYSTEMS
W138,Applications: MAM,,other,22,0.0175875643003022,-0.990184319878864,-0.13865673531428,"Users are unable to copy data out of a corporate Outlook email and paste it into a personal text messaging app, or corporate data files remain accessible after an employee leaves the company.",Log into the organization's Mobile Device Management (MDM) portal (such as Microsoft Intune); adjust the MAM security policy definitions to configure application sandboxing rules; issue a selective remote wipe command to delete only the corporate data container while leaving the user's personal photos and apps intact.,Network Security & Access Control,Mobile Device Protection,CORE 2,,SECURITY
W147,Applications: User permissions,,other,22,0.0235496114755789,-0.9955837659134634,-0.0908756339670594,"An application crashes or displays an explicit ""Access Denied: Administrative Privileges Required"" error message when trying to save a configuration file or write data to a system directory.","Right-click the application shortcut icon and select ""Run as administrator"" to grant it elevated privileges for that session; open the folder's properties sheet, navigate to the Security tab, and adjust the NT File System (NTFS) access control list or permissions to grant the user profile explicit Read and Write access.",Network Security & Access Control,Access Control Management,CORE 2,,SECURITY
W149,"Apps section, Settings",,other,22,-0.0158171732291272,-0.9921100841979712,-0.1243679937272224,"Installed applications fail to appear in standard desktop menus, default file types open in the wrong software programs, or runaway background utilities cause high resource consumption upon user login.

","Open Windows Settings by pressing the keyboard shortcut “Win + I”, click on the “Apps” category, select “Installed apps” to modify or uninstall problematic software packages, and navigate to “Startup” to toggle off unneeded background programs.",Operating Systems Management,Windows Settings and Utilities,CORE 2,,OPERATING SYSTEMS
W170,Attended installations,,other,22,0.0390969112405491,-0.991249395590696,-0.1260796068859999,"Deploying operating systems across hundreds of enterprise workstations scales poorly, taking up excessive technician hours and resulting in non-uniform system configurations.","For large-scale enterprise deployments, replace manual setup procedures with automated unattended installations by configuring custom Extensible Markup Language (XML) reply files (such as “unattend.xml”) paired with a Windows Deployment Services (WDS) server network environment.",Operating Systems Management,Operating System Installation Configurations,CORE 2,,OPERATING SYSTEMS
W193,Authentication: User accounts,,other,22,-0.0023498108584179,-0.9962978500835306,-0.0859364434210817,"Users log into workstations but are blocked from opening standard department folders, or standard users accidentally modify critical system directories because their profiles have too many privileges.","Open the Local Users and Groups console panel by running “lusrmgr.msc” on local machines or open “dsa.msc” for Active Directory; audit the user profile's group properties, and apply the principle of least privilege by stripping standard users out of administrative groups.",Operating Systems Management,Active Directory and Domain Services,CORE 2,,OPERATING SYSTEMS
W30,"Access: Command-line tools, Windows 10",,other,23,-0.4958917815426825,-0.5087672792679284,-0.7037380169812726,"Administrative scripts or permission-modifying utilities fail to run, throwing ""Access Denied"" errors, or network configurations fail to apply when typing tools like ""ipconfig"" or ""netstat"".","Right-click the Command Prompt shortcut and select ""Run as Administrator"" to elevate the process token; use the ""runas"" command directly inside the CLI to execute utilities under an explicit user profile holding structural administrative rights.",Operating Systems Management,Command-Line Utilities,CORE 2,,OPERATING SYSTEMS
W84,Administrative Tools: Computer Management,,other,23,-0.4767575617708253,-0.5171094490414905,-0.7108445997588669,"A technician is forced to open multiple individual windows to troubleshoot a system, resulting in slow diagnostic workflows and inefficient local system auditing.","Right-click the Windows Start menu button and select Computer Management, or type ""compmgmt.msc"" into the Run dialog box (""Win + R"") to pull up the consolidated console interface.",Operating Systems Management,Windows Administrative Utilities,CORE 2,,OPERATING SYSTEMS
W91,Administrative Tools: Services,,other,23,-0.5001037079486297,-0.5232486403602977,-0.6900051750944565,"A feature like printing fails completely, or a laptop is unable to discover any local Wi-Fi networks because the background service responsible for that task has stalled or failed to start up during system boot.","Open the Services console; locate the relevant background process (e.g., ""Print Spooler"" or ""WLAN AutoConfig""); right-click the service name and select Restart to clear out the software stall; double-click the service and verify that its Startup type is configured to Automatic.",Operating Systems Management,Windows Administrative Utilities,CORE 2,,OPERATING SYSTEMS
W92,Administrative Tools: Task Scheduler,,other,23,-0.4908153131059099,-0.4958154543180186,-0.7164268027371425,"Daily automated data backup scripts, disk cleanup routines, or antivirus updates fail to run consistently overnight, leaving a corporate computer out of compliance.","Launch Task Scheduler; review the Task Scheduler Library to check the status of active automation routines; examine the ""Last Run Result"" column to find error codes; double-click a task to modify the active system trigger conditions or update the administrative credentials used to run the script.",Operating Systems Management,Windows Administrative Utilities,CORE 2,,OPERATING SYSTEMS
W141,"Applications: Quitting, Force Quit, macOS (OS X)",,other,23,-0.4732588316696604,-0.5343783460921797,-0.7003326791421736,"An active application window locks up completely, showing a spinning color wheel icon, and clicking the window's standard red close button (""X"") fails to shut down the program.","Press the keyboard shortcut combination ""Cmd + Option + Esc"" to open the dedicated Force Quit Applications manager window; select the non-responding application name from the list box; click the ""Force Quit"" button to instantly kill the underlying process.",Operating Systems Management,Operating System Features,CORE 2,,OPERATING SYSTEMS
W143,Applications: Stopping,,other,23,-0.5143615066748723,-0.5057209859342532,-0.6925882794538486,"A program window freezes up, locking system memory resources and blocking users from reopening a fresh instance of the application because the original process is stuck in the background.","Open Task Manager (""Ctrl + Shift + Esc""); click on the Processes tab; locate the broken or hanging application process name; right-click it and select ""End Task"" to clear it from system memory.","Motherboards, RAM, and CPU Diagnostics",Operating System and Application Troubleshooting,CORE 2,,SOFTWARE TROUBLESHOOTING
W10,"568A wiring standard, UTP cabling",,other,24,0.6481936934734386,0.7585345427869528,-0.0668601760411269,"Total loss of physical link light connectivity at the network port, intermittent dropouts, excessive packet collisions, or a ""Cable Disconnected"" error reported by the operating system interface.",Inspect the clear plastic modular plug termination; check for broken pins or crossed wire strands; use a network cable tester/wire mapper tool to identify continuity breaks; trim off the faulty cable end and crimp on a new RJ-45 connector matching the standard sequence perfectly.,Network Infrastructure and Media,Cabling,CORE 1,NETWORKING,
W11,"568B wiring standard, UTP cabling",,other,24,0.6242035867718131,0.7769119516040771,-0.0823267982855369,"Network interface card exhibits no link light, data drops, or falls back to standard 10 Mbps speeds instead of Gigabit performance due to improper pin out or split pairs.",Use a professional wire mapper tool to verify continuity across all 8 pins; ensure both ends of the cable use the exact same 568B pin configuration (creating a straight-through cable); re-strip and re-crimp the connector if any pin connections are faulty.,Network Infrastructure and Media,Cabling,CORE 1,NETWORKING,
W114,Antimalware: Linux,,other,25,-0.9528924693994562,-0.3013721470687895,0.034216527190146,"Linux servers showing high central processing unit (CPU) utilization from unrecognized hidden scripts, modified root system configuration files, or suspicious outbound socket connections on non-standard ports.","Install or update the local antimalware scanning definition library using package managers (""sudo apt update && sudo apt install clamav""); execute a deep root file system scan; isolate or terminate flagged malicious execution process IDs (PIDs).",Network Security & Access Control,Host-Based Security Software,CORE 2,,SECURITY
W115,Antimalware: Mobile devices,,other,25,-0.9460659676308664,-0.3231935999064267,0.0224740265684033,"Unauthorized pop-up advertisements overlaying the primary user interface (UI), settings changes occurring automatically, unauthorized premium short-message service (SMS) texts being sent, or rapid cellular data depletion.",Install a trusted antimalware utility from the official platform marketplace; perform a complete system data repository scan; identify and remove the malicious application package file manually via settings; revoke over-privileged device administrator permissions.,Network Security & Access Control,Mobile Device Protection,CORE 2,,SOFTWARE TROUBLESHOOTING
W119,"Antivirus software, mobile devices",,other,25,-0.9494607008409108,-0.3087485572088282,0.0565571037107948,"Extreme operating delay, mobile browser redirection to fraudulent sites, unauthorized configuration profile creation, or data exfiltration events over cellular connections.",Download an authenticated security suite from a verified software store; execute an engine scan; enable automated real-time protection constraints; activate systemic signature database sync procedures over wireless local area network (LAN) connections.,Network Security & Access Control,Mobile Device Protection,CORE 2,,SOFTWARE TROUBLESHOOTING
W142,Applications: Security,,other,25,-0.9551939679337752,-0.2956885794630913,0.0131433480524935,"Unauthorized database modifications, privilege escalation events where standard users gain system administrative controls, or arbitrary code execution bugs triggered by buffer overflows.",Enforce secure software configuration policies; implement user account control alerts; patch application software libraries regularly; strip unneeded application packages out of local endpoint environments.,Network Security & Access Control,Application Security,CORE 2,,SECURITY
W8,32-bit CPU,,other,26,0.5577068345112937,0.1960122826157821,-0.806562007413654,"System reports ""3.2GB RAM usable"" despite having 8GB or 16GB physically installed in the motherboard slots, or modern 64-bit software applications fail to execute with an architecture incompatibility error.","To use more than 4GB of RAM, the physical 32-bit (x86) processor hardware must be upgraded to a modern 64-bit (x64) processor model, and a complete clean installation of a 64-bit operating system must be performed.","Motherboards, RAM, and CPU Diagnostics",CPU Architecture,CORE 1,HARDWARE,
W9,64-bit CPU,,other,26,0.53525137535464,0.2198184152580519,-0.8155892529296869,"Operating system fails to utilize 64-bit execution features because a legacy 32-bit operating system was installed over the 64-bit hardware, restricting system capabilities.","Verify processor compatibility inside UEFI/BIOS or Device Manager; back up all critical user data; wipe the drive and install a clean, native 64-bit version of the operating system to unlock full architectural performance and extended memory addressing.","Motherboards, RAM, and CPU Diagnostics",CPU Architecture,CORE 1,HARDWARE,
W187,Authentication: MFA,,other,27,-0.4992479004555574,-0.3814756374330947,0.7779639271429826,Phishing attacks easily compromise corporate accounts because stealing a single password gives attackers full administrative access to sensitive internal systems.,"Enforce mandatory MFA policies across all corporate user accounts via your identity management portal, requiring users to confirm logins using a secondary authenticator application push notification or a physical hardware security key.",Network Security & Access Control,Identity and Access Management,CORE 2,,SECURITY
W192,Authentication: Two-step authentication,,other,27,-0.4897596340878664,-0.4125365471935111,0.768081439723533,Accounts remain vulnerable to advanced interception attacks because users rely on insecure SMS text message verification codes that can be stolen via Subscriber Identity Module (SIM) swapping exploits.,"Upgrade your account verification configurations to move away from SMS codes, forcing the two-step verification flow to use more secure Time-based One-Time Password (TOTP) authenticator applications or physical security keys.",Network Security & Access Control,Identity and Access Management,CORE 2,,SECURITY
W37,Access: WPA2 (Wi-Fi Protected Access 2),,other,28,0.2825559030650613,0.2857449177596833,0.91570301059765,"Wireless devices repeatedly drop connections or fail to authenticate due to a pre-shared key mismatch, or networks are vulnerable to offline brute-force key cracks using captured handshake packets.",Access the wireless controller; verify the passphrase strength; upgrade routers to support longer keys; migrate highly sensitive enterprise traffic over to WPA2-Enterprise (Wi-Fi Protected Access) mode to replace shared passwords with unique per-user 802.1X network authentication tokens.,Wireless Networks,Wireless Security Standards,CORE 2,,SECURITY
W38,Access: WPA3 (Wi-Fi Protected Access 3),,other,28,0.2720467198058097,0.3119909132465367,0.9103033847539462,Legacy client devices cannot see the wireless SSID (Service Set Identifier) or fail to connect when the access point security is switched to WPA3-Only (Wi-Fi Protected Access 3) mode.,"If you have older client devices on the network, change the access point security configuration to ""WPA2/WPA3 (Wi-Fi Protected Access 2/3) Mixed Mode"" (Transition Mode); update the client network card drivers and operating system patches so they can recognize the newer WPA3 (Wi-Fi Protected Access 3) frames.",Wireless Networks,Wireless Security Standards,CORE 2,,SECURITY
W98,AES (Advanced Encryption Standard),,other,28,0.2602189976068981,0.2750998817435701,0.9255301877027754,"Network data or hard drive partitions are vulnerable to offline dictionary cracking attacks due to the use of outdated encryption algorithms like TKIP (Temporal Key Integrity Protocol), WEP (Wire Equivalent Privacy), or DES (Data Encryption standard) instead of AES (American Encryption Standard).",Access the wireless access point or router management panel and switch the security configuration dropdown menu from legacy TKIP over to AES (or CCMP (Counter Cipher Mode with Block Chaining Message Authentication Code Protocol (CBA-MAC))/GCMP (Galois/Counter Mode Protocol)); ensure all corporate data encryption policies mandate the use of AES-256 bit lengths for data at rest and data in transit.,Network Security & Access Control,Wireless Security Standards,CORE 2,,SECURITY
W53,secpol.msc (Local Security Policy),,other,29,-0.6170387445780667,-0.5750450648019436,0.5372023465477902,"- ""Windows cannot find 'secpol.msc'"": The utility fails to launch entirely, which typically happens on Windows Home editions where it is not included.
- Settings Grayed Out: Specific security options or policies are visible but locked, preventing modification.
- ""Access is Denied"": Changes to a policy fail to save or apply when clicking the ""Apply"" button.
- Group Policy Conflicts: Locally configured security changes revert automatically or fail to take effect on a network-joined machine. ","- Verify Windows Edition: Ensure the system is running Windows Pro, Enterprise, or Education; if on Home edition, use Registry Editor (regedit) equivalents or upgrade the OS.
- Run as Administrator: Close the console, open an elevated Command Prompt (Run as Administrator), and type ""secpol.msc"" to bypass local permission restrictions.
- Check Domain GPO Conflicts: Run ""gpresult /h gpreport.html"" from the command line to verify if an Active Directory Domain Group Policy is overriding your local configuration.
- Force Policy Refresh: Run ""gpupdate /force"" in the Command Prompt after making changes to instantly push the new security parameters to the operating system.",Operating Systems,Windows Management Tools / Security Utilities,CORE 2,,SECURITY
W56,"Accounts: Managing, best practices",,other,29,-0.6073982901340109,-0.5929437390924339,0.5286634462617628,"Regular corporate users possessing full local admin rights accidentally downloading ransomware, widespread privilege escalation across internal segments, or credential-harvesting attacks succeeding due to a complete lack of MFA.",Conduct a thorough user access review across the local system or directory environment; strip standard users out of elevated privilege groups; configure explicit password expiration and complexity constraints using administrative templates or Group Policy.,Network Security & Access Control,Account Security Best Practices,CORE 2,,SECURITY
W88,Administrative Tools: Local Security Editor,,other,29,-0.6047049565474839,-0.5728770670097147,0.5533026130620136,"Workstations permit weak user passwords (like ""12345"") or fail to log failed login attempts, making it impossible for security teams to track active brute-force password attacks on local profiles.","Open the Local Security Policy tool (""secpol.msc""); navigate to ""Account Policies > Password Policy"" to configure password length requirements; navigate to ""Local Policies > Audit Policy"" to activate tracking for successful and failed login attempts.",Operating Systems Management,Windows Administrative Utilities,CORE 2,,OPERATING SYSTEMS
W93,Administrator accounts: Best practices,,other,29,-0.6275585597813532,-0.5778070895958161,0.5218325605574705,Widespread malware or ransomware infections successfully compromise an entire system root folder because an employee was browsing the web or checking emails while logged directly into a local administrator account.,Create standard unprivileged accounts for all employees' daily workloads; remove standard users from the local Administrators group; implement strict User Account Control (UAC) alert settings across all corporate endpoints.,Network Security & Access Control,Account Security Best Practices,CORE 2,,SECURITY
W94,Administrator accounts: Passwords,,other,29,-0.5916380757761867,-0.5978784002364851,0.5408380587777754,Attackers successfully execute brute-force or dictionary attacks to gain full administrative control over a machine due to the local administrator password being weak or left at factory default settings.,"Use Group Policy Objects (""secpol.msc"") to enforce a high minimum password length (minimum 14+ characters) and complexity requirements; implement a Local Administrator Password Solution (LAPS) to automatically rotate unique passwords across every device on the network.",Network Security & Access Control,User Account Management,CORE 2,,SECURITY
W99,Aging passwords,,other,29,-0.6215160233213691,-0.5579373985606687,0.5499306247538363,"Users continue using the exact same weak password for years without rotating it, increasing the risk that leaked corporate credentials from old third-party breaches remain active and usable on the corporate network."," Open Local Security Policy (""secpol.msc"") or use Active Directory Group Policy; navigate to ""Account Policies > Password Policy""; configure the Maximum password age counter to a secure value (such as 60 or 90 days) to force automatic password updates.",Network Security & Access Control,Logical Security Controls,CORE 2,,SECURITY
W17,802.11 wireless protocol: MIMO technologies,,other,30,0.6549576064774548,0.5571927374928577,0.5104574291775356,Slow file transfer speeds or erratic network performance on a device despite showing strong physical signal bars.,Ensure all physical external antennas on the access point are securely attached and oriented correctly (perpendicular to one another); update the client network card drivers to ensure the MIMO spatial stream logic functions correctly.,Wireless Networks,802.11 wireless protocol,CORE 1,NETWORKING,
W19,802.11 wireless protocol: MU-MIMO technologies,,other,30,0.6408777508312786,0.5850115754390157,0.4970283342947386,"Severe network sluggishness, buffering, or latency spikes occurring specifically when a high volume of client devices (e.g., in a classroom or stadium) attempt to connect to a single access point simultaneously.",Upgrade the legacy access point to an enterprise-grade hardware model supporting MU-MIMO; ensure client devices support the technology; segment heavy data clients across separate physical access points or bands.,Wireless Networks,802.11 wireless protocol,CORE 1,NETWORKING,
W13,802.11 wireless protocol: Channels,,other,31,0.7474714855736572,0.6274927154678788,0.2180350207857849,"Low data speeds, high latency, or intermittent dropouts caused by multiple neighboring routers broadcasting on the exact same or an overlapping channel (co-channel interference).","Run a wireless site survey; log into the wireless access point and change the channel configuration from ""Auto"" to a fixed, clean channel that has the least amount of detected traffic.",Wireless Networks,802.11 wireless protocol,CORE 1,NETWORKING,
W14,802.11 wireless protocol: Coverage/distance,,other,31,0.7369629968570133,0.6428995092806856,0.2087241294871854,"Low signal strength bars on client devices, sudden disconnection when moving a short distance from the access point, or a complete lack of connectivity in specific ""dead zones"" of a building.","Move the wireless access point to a central, elevated location away from thick concrete walls and metal surfaces; install a wireless range extender or transition to a mesh network to fill dead zones.",Wireless Networks,802.11 wireless protocol,CORE 1,NETWORKING,
W15,802.11 wireless protocol: Frequencies,,other,31,0.7401124282355885,0.6298230779984757,0.2357042298978677,"Inability of older legacy devices to discover a 5 GHz/6 GHz network, or modern high-bandwidth devices slowing down due to being forced onto a crowded 2.4 GHz band.","Verify client hardware specifications; implement a ""Band Steering"" configuration on the router to automatically push dual-band client devices onto the faster, less congested 5 GHz or 6 GHz frequencies.",Wireless Networks,802.11 wireless protocol,CORE 1,NETWORKING,
W16,802.11 wireless protocol: Licensing,,other,31,0.7533804487581566,0.6260128127949008,0.201310351560905,"Sudden, unpredictable drops in wireless performance caused by non-Wi-Fi physical electronics operating nearby (such as microwave ovens, baby monitors, or Bluetooth devices).",Identify and move non-Wi-Fi interferers away from the access point and client hardware; migrate high-priority corporate traffic over to the cleaner 5 GHz or 6 GHz bands where consumer appliance overlap is non-existent.,Wireless Networks,802.11 wireless protocol,CORE 1,NETWORKING,
W18,802.11 wireless protocol: Multipath propagation,,other,31,0.7256680870621073,0.6512025684575055,0.2221284363920331,"Intermittent signal degradation, packet corruption, or a ""ghosting"" effect on wireless data packet delivery in highly reflective environments like industrial warehouses.","Ensure the wireless system utilizes modern standards (802.11n or newer) that leverage MIMO to recombine multipath reflections into a stronger combined signal, rather than treating reflections as destructive interference.",Wireless Networks,802.11 wireless protocol,CORE 1,NETWORKING,
W20,802.11 wireless protocol: Standards,,other,31,0.7543262314922009,0.6141008777101745,0.2321035296551256,"A legacy laptop completely failing to connect to a brand new enterprise network, or a modern device underperforming due to backward-compatibility performance limitations.","Review the router's allowed standard modes (e.g., ensure it is set to ""Mixed Mode"" or ""Compatibility Mode"" if legacy clients must connect); upgrade the network interface card or install a modern USB Wi-Fi dongle on older client devices.",Wireless Networks,802.11 wireless protocol,CORE 1,NETWORKING,
W113,Antennas: Wi-Fi,,other,31,0.7416420423766045,0.6432390635707338,0.1902907987163447,"Laptop displays low signal or can no longer discover nearby wireless networks even when sitting next to the router, or experiencing intermittent dropping of local area network (LAN) associations.",Open the laptop chassis or display bezel; check the delicate main and auxiliary micro-coaxial cable connections mating to the internal wireless network interface card (NIC); re-seat the tiny gold connectors if they have vibrated loose.,Mobile Devices and Mobile Hardware,Laptop Hardware Components,CORE 1,MOBILE DEVICES,
W112,Antennas: SOHO networks,,other,32,0.8524874515407572,0.361288083635803,0.3778042688857739,"Unexplained wireless ""dead zones"" inside an office building, rapid drops in signal strength just a few feet away from the wireless router, or extremely low data transmission speeds.","Ensure all external omnidirectional antennas are physically securely screwed into their reverse polarity subminiature version A (RP-SMA) connectors; orient external antennas perpendicularly (one vertical, one horizontal) to maximize wave polarization alignment; swap low-gain factory antennas with aftermarket high-gain antennas to expand the wireless coverage radius.",Wireless Networks,802.11 Wireless Protocol,CORE 1,NETWORKING,
W120,"AP (Access Points), SOHO networks",,other,32,0.8455223325435548,0.3912170893378515,0.3633747021741136,"Users can connect locally to the router using an Ethernet cable but wireless devices are completely unable to find the service set identifier (SSID) name, or the system fails to assign local network configurations to wireless devices.",Power-cycle the integrated network hardware assembly; access the web configuration interface using the default gateway internet protocol (IP) address; navigate to wireless configurations to verify that the wireless radio broadcast flag is enabled; update the system firmware.,Network Infrastructure Services,Network Hardware Components,CORE 1,NETWORKING,
W23,A Records,,other,33,-0.325699590533089,0.8904745361332822,0.3177654437235013,"""Server not found"" or ""Site cannot be reached"" errors in web browsers, even though the target server can be successfully reached using its raw numerical IPv4 address.",Run nslookup or dig followed by the domain name to query the DNS server; log into the authoritative DNS zone management panel and verify that the host record is correctly spelled and pointing to the valid public IPv4 address. ,Network Infrastructure Services,DNS (Domain Name System) Records,CORE 1,NETWORKING,
W25,AAAA Records (Quad-A Records),,other,33,-0.3510769738174751,0.885192022641291,0.3052540605911478,"Client machines configured exclusively for IPv6 networks fail to connect to a website or network resource, while IPv4 clients connect without issue.",Execute “nslookup -type=aaaa [domain_name]” to verify if the record exists; check the authoritative DNS host configuration to ensure the exact 8-part hexadecimal IPv6 address is entered correctly without typos.,Network Infrastructure Services,DNS (Domain Name System) Records,CORE 1,NETWORKING,
W81,Addressing: IPv6 (Internet Protocol version 6),,other,33,-0.331251143971403,0.8796028029256704,0.3414258172765225,"Workstation cannot connect to modern IPv6-only web services, or local area network configurations show a ""Link-local IPv6 Address"" beginning with ""fe80::"" but lack a global routing address.","Check your network adapter properties to ensure the Internet Protocol Version 6 (TCP/IPv6) checkbox is enabled; run ""ipconfig /all"" to review active configurations; verify that your internet service provider (ISP) and local edge router have IPv6 routing protocols turned on.",Network Infrastructure and Media,IP Addressing (IPv6),CORE 1,NETWORKING,
W101,"AirDrop, troubleshooting",,other,34,0.9678909680355872,-0.1071267845161433,0.2274003650708715,"A user trying to send a file receives a ""No Devices Found"" error, or a neighboring Apple laptop or smartphone fails to appear in the active share window despite being held right next to the machine.","Verify that both Bluetooth and Wi-Fi radios are enabled on both devices; turn off Airplane Mode; check the target device's AirDrop receiving settings inside the Control Center to ensure it is configured to ""Everyone"" or ""Contacts Only"" instead of ""Receiving Off""; disable Personal Hotspot connections.",Mobile Devices and Mobile Hardware,Mobile Device Connectivity,CORE 1,HARDWARE & NETWORK TROUBLESHOOTING,
W102,Airplane mode,,other,34,0.9732675317567832,-0.0819325092842908,0.2145632204047062,"A smartphone, tablet, or slim laptop suddenly shows an airplane icon in the status bar and is completely unable to make phone calls, browse the web, or connect to nearby wireless accessories.",Swipe down to open the mobile device notification pane or quick settings menu; look for the illuminated airplane icon and tap it once to turn off Airplane Mode; wait a few seconds for the device radios to reconnect to local cellular towers and Wi-Fi networks.,Mobile Devices and Mobile Hardware,Mobile Device Configuration,CORE 1,MOBILE DEVICES,
W195,Automobile synchronization,,other,34,0.962870888883046,-0.0975394713220291,0.2517254513866087,"The vehicle's dashboard screen displays connection errors, contacts or media files fail to synchronize, or audio streams drop out intermittently while driving.","Access your smartphone settings menu, open the Bluetooth properties pane, locate the vehicle profile entry, and select an instruction to “Forget Device”; clear out old phone links inside the vehicle's media display options, and restart the pairing process from scratch to establish a clean data link.",Mobile Devices and Mobile Hardware,Mobile Device Connectivity,CORE 1,MOBILE DEVICES,
W162,Attacks: DDoS attacks,,other,35,-0.9034943858008676,0.3816670874448236,0.195008023393137,"External corporate web platforms become completely unreachable, local edge routers experience resource exhaustion, and network log analyzers show millions of incomplete connection requests originating from thousands of global IP addresses.",Coordinate with your Internet Service Provider (ISP) to reroute or block malicious connection traffic; configure an external cloud-based DDoS mitigation and scrubbing service (such as “Cloudflare”) to filter out malicious web payloads before they reach local firewalls.,Network Security & Access Control,Social Engineering and Security Threats,CORE 2,,SECURITY
W164,Attacks: DoS attacks,,other,35,-0.9154453456061222,0.3588950292470863,0.1820828854939988,"A local network host suddenly stops responding to legitimate traffic, local switch ports lock down, or web services experience severe response delays from a single source IP address.",Isolate the source IP address by reviewing active firewall connection tables; create a temporary packet filter rule line inside your network security equipment to explicitly set an instruction to “deny” or drop all incoming traffic packets from that specific host.,Network Security & Access Control,Social Engineering and Security Threats,CORE 2,,SECURITY
W169,Attacks: Zombies,,other,35,-0.9021697267570526,0.3713519187785463,0.2195165974194141,"Workstations slow down significantly during idle hours, network usage indicators spike abnormally without user action, and corporate IP addresses are added to global email spam blocklists.",Disconnect the suspicious computer from the Local Area Network (LAN); run an advanced offline malware scanner to locate and delete any Remote Access Trojans (RATs); patch the operating system vulnerabilities to prevent future automated network reinfections.,Network Security & Access Control,Social Engineering and Security Threats,CORE 2,,SECURITY
W107,"Ampersand (&&), double",,other,36,-0.8451520458859134,0.0326523600488851,-0.5335277337853139,"Multi-step command scripts or automated deployment routines halt abruptly midway, and the secondary commands fail to run because the initial command returned an unexpected error code.","Check the syntax of your combined command string (e.g., ""mkdir BackupFolder && copy c:\data\*.* c:\BackupFolder""); verify that the first command runs cleanly on its own before using the ""&&"" operator to link it to additional tasks.",Operating Systems Management,Command-Line Utilities,CORE 2,,OPERATING SYSTEMS
W108,"&& (double ampersand), Linux",,other,36,-0.8374206677751828,0.0022713063227211,-0.5465541751286468,"Scripted automation sequences fail to finish, or a combined command pipeline silently stops midway. For example, a target directory remains completely empty after running a build chain because the compilation stage failed, preventing the deployment stage from firing.","Manually run the first command alone, and immediately check its exit status by executing ""echo $""?. If the returned value is anything other than ""0"" (e.g., ""1"" or ""127""), troubleshoot the root error of that specific command before re-chaining it with the ""&&"" operator.",Operating Systems Management,Linux Command-Line Utilities,CORE 2,,OPERATING SYSTEMS
W55,Accounts: Lockout thresholds,,other,38,-0.8731971799259444,-0.1189714996181049,0.472622965214342,"A legitimate employee is locked out of their workstation after mistyping their password a few times, displaying an error stating: ""The referenced account is currently locked out and may not be logged on to.""","An administrator must log in and open ""secpol.msc"" (Local Security Policy); navigate to ""Account Policies > Account Lockout Policy"" to adjust the Account lockout threshold value (e.g., setting it to 5 or 10 attempts); manually unlock the user's account properties within active management tools.",Network Security & Access Control,Logical Security Controls,CORE 2,,SECURITY
W105,Alphanumeric strings,,other,38,-0.8748518724686549,-0.1370731281764221,0.4645913890398945,Input verification systems reject an authentication entry or software registration setup because the string lacks characters from one of the required letter or number groups.,"Check the password complexity rules defined by your security team; ensure character input strings include a combination of capital letters, lowercase letters, and numbers to satisfy compliance checks.",Network Security & Access Control,User Account Management,CORE 2,,SECURITY
W160,Attacks: Brute-force attacks,,other,38,-0.864107955714186,-0.1239621785250326,0.4878020286620158,"Security event logs fill with thousands of failed login attempts for a single user account occurring within a short timeframe, causing severe local server processor overhead.","Open the Local Security Policy window using the command “secpol.msc”, navigate to “Account Lockout Policy”, and configure the “Account lockout threshold” to lock profiles automatically after 3 or 5 consecutive failed login attempts.",Network Security & Access Control,Social Engineering and Security Threats,CORE 2,,SECURITY
W161,Attacks: Cryptanalysis attacks,,other,38,-0.8813415734869184,-0.1153735373003487,0.4581767974640441,Sensitive company data transmitted across Wide Area Networks (WAN) is captured and read by unauthorized third parties despite being processed through legacy encryption wrappers.,"Deprecate legacy, broken cryptographic protocols across all endpoints; mandate the use of the Advanced Encryption Standard (AES) with 256-bit key structures and ensure data in transit utilizes secure Transport Layer Security (TLS 1.3) protocols.",Network Security & Access Control,Social Engineering and Security Threats,CORE 2,,SECURITY
W163,Attacks: Dictionary attacks,,other,38,-0.8666796228070726,-0.1490354219643697,0.4760828440627666,User accounts are compromised unexpectedly fast by attackers without triggering complex mathematical calculations on authentication servers.,"Use Group Policy Objects (GPOs) to activate password complexity parameters that block standard vocabulary terms; instruct users to create long passphrases instead of individual words, and mandate Multi-Factor Authentication (MFA) across all profiles.",Network Security & Access Control,Social Engineering and Security Threats,CORE 2,,SECURITY
W166,Attacks: Password cracking,,other,38,-0.8684787673543689,-0.1041861450980731,0.4846543900804361,"Security audits discover weak or stale user credentials being used across multiple separate endpoints, allowing attackers to escalate privileges across internal network domains.","Enforce secure password hashing algorithms (like “bcrypt” or “Argon2”) across internal databases; require users to create long, complex passwords; implement Multi-Factor Authentication (MFA) to protect accounts even if the password hash is leaked and cracked.",Network Security & Access Control,Social Engineering and Security Threats,CORE 2,,SECURITY
W167,Attacks: Spoofing attacks,,other,38,-0.8833600141011007,-0.1356308136593085,0.4486416920811275,"Local routers forward traffic to rogue network nodes, or workstations establish unauthenticated connections with external servers masquerading as internal corporate assets.",Turn on security verification protocols like “Dynamic ARP Inspection (DAI)” and “IP Source Guard” on all network switches to block modified packets from moving across local network segments.,Network Security & Access Control,Social Engineering and Security Threats,CORE 2,,SECURITY
W168,Attacks: Zero-day attacks,,other,38,-0.8572492955377455,-0.1384955211475022,0.4959260387619518,Fully updated enterprise computer systems suffer data breaches or system file modifications without generating alerts in standard signature-based antivirus software.,Implement advanced heuristic or behavioral-based Endpoint Detection and Response (EDR) agents to detect abnormal program activity; use strict network segmentation controls to isolate critical data assets from standard user zones.,Network Security & Access Control,Social Engineering and Security Threats,CORE 2,,SECURITY
W42,Accessories: IP (Ingress Protection) ratings,,other,39,-0.4882527276533434,0.3002220183258398,0.8194364000039472,"Internal corrosion on circuit boards, touch digitizers failing, or fog visible behind camera lenses following short contact with water or dusty work sites.","If a device suffers fluid exposure beyond its rated IP (Ingress Protection) threshold, power it down immediately; do not connect a charging cable; dry the chassis exterior with a lint-free towel and allow it to dry completely in a low-humidity area before powering it back on.",Mobile Devices and Mobile Hardware,Mobile Device Protection,CORE 1,MOBILE DEVICES,
W7,"30-second trick (hard reset), motherboards",,other,40,0.2099328320426398,0.5977811281116012,-0.7736833518334088,"System completely non-responsive, power status LEDs illuminate on the motherboard but the computer fails to POST, or the cooling fans spin up continuously while the display remains completely black.",Completely shut down the device; disconnect the main physical AC power cord; remove the internal laptop/desktop battery pack; press and firmly hold down the physical system power button continuously for 30 full seconds; reconnect power and attempt to boot.,"Motherboards, RAM, and CPU Diagnostics",Motherboards,CORE 1,HARDWARE & NETWORK TROUBLESHOOTING,
W116,Antistatic bags,,other,40,0.1824045724118631,0.5960977504691513,-0.7819181823239966,"Always place delicate bare circuit boards directly inside a conductive or dissipative antistatic bag immediately upon extraction from a computer chassis; never rest bare components on the exterior surface of an antistatic bag, as the outer layer can accumulate static charge.","Always place delicate bare circuit boards directly inside a conductive or dissipative antistatic bag immediately upon extraction from a computer chassis; never rest bare components on the exterior surface of an antistatic bag, as the outer layer can accumulate static charge.",Network Infrastructure and Operational Procedures,Physical Environmental Safety,CORE 2,,OPERATIONAL PROCEDURES
W173,"Audible beeps, motherboards",,other,40,0.2073894612239576,0.6188644200361143,-0.7576255282041389,"The computer power lights turn on and internal cooling fans spin up, but the monitor remains completely black while the system case emits a pattern of audio beeps (e.g., three long beeps followed by two short beeps).","Listen carefully to identify the exact pattern of audio tones; locate the motherboard manufacturer's technical reference manual to cross-reference the beep sequence code; perform targeted hardware adjustments (such as re-seating loose Random-Access Memory (RAM) modules, fixing video cards, or checking Central Processing Unit (CPU) connections) based on the manual's error description.","Motherboards, RAM, and CPU Diagnostics",Troubleshooting Core Hardware,CORE 1,HARDWARE & NETWORK TROUBLESHOOTING,
W165,Attacks: Injection attacks,,other,41,-0.9934765725301968,-0.0155631350000614,0.1129694147219595,"Web server database contents are leaked publicly online, or backend database tables are dropped or modified without standard user authentication.","Inform your software application developers to implement strict input validation parameters and parameterized database query engines, ensuring all user inputs are stripped of malicious execution commands before processing.",Network Security & Access Control,Social Engineering and Security Threats,CORE 2,,SECURITY
W27,"AC adapters, troubleshooting",,other,42,0.3370441059933262,0.8969886068430416,-0.2860292114608901,"Laptop charging indicator LED remains unlit when plugged in, the battery percentage continuously drains while connected to power, or the physical adapter brick emits an unusual high-pitched buzzing or humming noise.",Inspect the physical cabling for frayed wires or deep cuts; use a digital multimeter to test the DC barrel connector tip for appropriate voltage output against the printed specs on the brick label; swap with a known-good adapter matching identical voltage and equal/higher amperage specifications.,Mobile Devices and Mobile Hardware,Laptop Power Systems,CORE 1,HARDWARE & NETWORK TROUBLESHOOTING,
W117,Antistatic mats,,other,42,0.3116514252089628,0.902060705092787,-0.2985965061629592,"Mysterious hardware component failures, fried random-access memory (RAM) chips, or system logic boards suffering damage during bench assembly routines without the technician physically feeling any static spark.",Lay out the antistatic workspace surface on the repair bench; attach the ground wire clip firmly to a verified physical grounding point (like a clean metal chassis or outlet ground plug screw); place all components on the mat surface during servicing.,Network Infrastructure and Operational Procedures,Physical Environmental Safety,CORE 2,,OPERATIONAL PROCEDURES
W118,Antistatic wrist straps,,other,42,0.3308972400891231,0.9065768603926496,-0.2619645256556834,"Random-access memory (RAM) sticks, logic units, or central processing unit (CPU) dies permanently failing to initialize immediately after being handled or seated during hardware replacement.","Wrap the fabric bracelet firmly around your bare wrist; attach the heavy alligator clip end onto a clean, unpainted metallic surface of the grounded computer case structure; keep the strap attached for the entire duration of internal component adjustments.",Network Infrastructure and Operational Procedures,Physical Environmental Safety,CORE 2,,OPERATIONAL PROCEDURES
W90,Administrative Tools: Performance Monitor,,other,43,-0.0217066178830175,-0.3505277786771364,-0.9363007524912886,"A computer becomes painfully sluggish or freezes up during heavy workloads, but Task Manager fails to provide enough historical context or granularity to determine if the bottleneck is caused by the storage disk, RAM capacity, or processing power.","Open Performance Monitor; click the green plus sign (""+"") to add performance counters like ""% Processor Time"" or ""Avg. Disk Queue Length""; run a Data Collector Set over a few hours to log system performance data into a report for deep bottleneck analysis.",Operating Systems Management,Windows Administrative Utilities,CORE 2,,OPERATING SYSTEMS
W124,"App History tab, Task Manager",,other,43,0.0088315806234363,-0.3366710461798856,-0.9415809098786112,Difficulty identifying which background application or process consumed excessive network data limits or triggered data overage charges on a corporate network plan.,"Launch Task Manager (""Ctrl + Shift + Esc""), click the App History tab, click on individual column headers to sort by resource usage metrics (such as sorting by Network to find data-heavy applications), and clear history logs to start tracking fresh performance baselines.",Operating Systems Management,Windows Administrative Utilities,CORE 2,,OPERATING SYSTEMS
W40,Accessories: Audio accessories/ports,,other,44,0.8489617554864477,0.2692801865777516,-0.4547000317110395,"Sound continues playing from internal laptop speakers after a headset is plugged in, static distortion echoes through a microphone, or audio output is completely silent.",Verify physical connection seating; open the OS (Operating Sytem) Sound Control Panel and set the correct hardware peripheral as the Default Playback Device and Default Recording Device; adjust software volume mixers and update local sound drivers.,Peripherals and Hardware,Laptop and PC Audio,CORE 1,HARDWARE,
W174,Audio accessories,,other,44,0.8351291743744094,0.2916682389077792,-0.4663570526122149,"External speakers or headsets emit loud buzzing noises, microphonic audio inputs sound distorted, or the operating system completely fails to detect a newly connected sound accessory.",Unplug the accessory and connect it to an alternative port; check the physical cable layout for wire tears; open “Device Manager” to ensure the audio hardware drivers are installed correctly; select the proper audio device as the default endpoint within Windows Sound properties.,Peripherals and Hardware,Audio Configurations,CORE 1,HARDWARE,
W176,Audio ports,,other,44,0.8567130334792039,0.2813760601098118,-0.4322849651143792,"Audio streams cut out intermittently when the cable connector is touched, or the system fails to detect that an audio plug has been inserted into the physical jack.",Clean the inside of the physical jack port container using low-pressure compressed air to remove accumulated lint; verify that the audio cable plug matches the specific jack standard; check the motherboard manual to ensure the front panel audio cable harness is firmly connected to the internal “HD Audio” pins.,Peripherals and Hardware,Motherboard Components and Interfaces,CORE 1,HARDWARE,
W82,Administrative shares,,other,45,-0.4031606405678523,-0.8909355803830845,0.2090341826218271,"An administrator receives an ""Access Denied"" or ""Network path not found"" error when trying to remotely connect to a workstation's root drive via a UNC path (e.g., trying to browse to ""\\ComputerName\C$"").","Verify that the ""File and Printer Sharing"" service is enabled on the remote computer's firewall; ensure you are authenticating with valid domain administrator credentials; check the Windows Registry to confirm that administrative shares haven't been disabled via the ""AutoShareWks"" or ""AutoShareServer"" registry keys.",Operating Systems Management,Windows File and Folder Sharing,CORE 2,,OPERATING SYSTEMS
W140,"Applications: Pinned applications, Windows Desktop",,other,46,-0.2286258096182661,-0.8103456511430812,-0.5395091888465737,"Shortcut icons turning blank or throwing a ""File path not found"" error when clicked, which usually happens if the underlying software program was uninstalled or moved to a different folder.","Right-click the broken shortcut icon and select Unpin from taskbar to clear the old reference; open the Start Menu or search for the application executable file; right-click the program icon and select ""Pin to taskbar"" to rebuild a fresh, working shortcut path.",Operating Systems Management,Operating System Features,CORE 2,,OPERATING SYSTEMS
W32,"Access: Ease of Access, Control Panel",,other,47,0.637748233908011,-0.7347208070364648,-0.2312196485052661,"A user accidentally locks themselves into an unreadable inverted color scheme, or a keyboard continuously types duplicate letters or drops characters because a feature like Sticky Keys or Filter Keys was triggered by mistake.","Open Control Panel and click ""Ease of Access Center"" (or press Windows Key + U); turn off accessibility checkboxes that are conflicting with user input; adjust typing delay and feedback thresholds to standard default limits.",Operating Systems Management,Windows Control Panel Applets,CORE 2,,OPERATING SYSTEMS
W175,"Audio devices, Sound (Control Panel)",,other,47,0.6577776326468164,-0.7118137871543903,-0.2462716354078852,"Sound outputs play through a laptop's built-in internal speakers instead of a newly connected desktop speaker system, or a communication app fails to capture microphone audio inputs.","Press the keyboard shortcut “Win + R” to open the Run window, type the explicit control command “mmsys.cpl” to launch the Sound settings panel, right-click the target audio device hardware listing, and select an instruction to “Set as Default Device” to reroute the audio stream.",Operating Systems Management,Windows Control Panel Applets,CORE 2,,OPERATING SYSTEMS
W131,Applications: Authenticator applications,,other,48,-0.4049697506115384,-0.6132436190325729,0.6781826927941034,"The application generates token codes that are continuously rejected by authentication portals, or authorization codes fail to sync with your account after changing mobile devices.","Navigate to the application settings option to manually synchronize the local internal time clock with network time servers, as a mismatch of even 30 seconds will invalidate TOTP strings; use pre-generated secondary fallback emergency recovery keys to regain account access and re-bind the token profile.",Network Security & Access Control,Identity and Access Management,CORE 2,,SECURITY
W180,Authentication: Applications,,other,48,-0.388144283784158,-0.6344631256991338,0.6684314154000902,"Software applications get stuck in continuous login prompt loops, return database connection errors, or reject valid user passwords due to broken communication links with identity providers.",Check application configurations to ensure the authentication server address is entered correctly; verify that local system security certificates are valid and updated; use application-specific passwords or Open Authorization (OAuth) tokens if required.,Network Security & Access Control,Identity and Access Management,CORE 2,,SECURITY
W194,"Authenticator applications, security",,other,48,-0.3881056867861551,-0.6036436632703767,0.6964110163386035,"Workstations fail to prompt users for secondary validation checks during login sequences, or users are locked out of accounts because their authenticator app codes are out of sync with the login server.","Ensure the mobile device's internal time settings are configured to match network time servers automatically, as an incorrect device clock will cause token code generation mismatches; use administrative override backup keys to reset and re-bind the token profile.",Network Security & Access Control,Mobile Device Protection,CORE 2,,SOFTWARE TROUBLESHOOTING
W26,"About section, Settings",,other,49,0.6223840522400697,-0.1560452206826522,-0.7669993354751571,Inability to readily verify if a machine meets the hardware requirements for an enterprise software deployment or difficulty identifying the exact Windows feature update version during asset management auditing.,"Navigate directly to the window using the shortcut “Windows Key + Pause/Break”, or use the search bar to locate ""About your PC""; if the UI is completely unresponsive, fall back to running the “winver” or “systeminfo” utilities via the Command Prompt.",Operating Systems Management,Windows Settings and Utilities,CORE 2,,OPERATING SYSTEMS
W39,Accessories: Add-on storage,,other,49,0.6195140197762611,-0.1363090132623511,-0.7730603030838555,"""Drive not recognized"" errors when plugging in an external unit, file copying failures for large files, or sluggish read/write transfer rates.",Check the device inside Windows Disk Management to see if it requires initialization or a new drive letter; reformat legacy FAT32 (File Allocation Table 32) flash drives to exFAT (Extended File Allocation Table) or NTFS (New File Technology System) to support files larger than 4GB (Gigabyte); ensure the device is plugged into a high-speed USB (Universal Serial Bus) 3.0+ port (blue/SS (SuperSpeed) rather than a legacy USB (Universal Serial Bus) 2.0 port.,Peripherals and Hardware,Storage Components,CORE 1,HARDWARE,
W76,Active partitions,,other,49,0.6373474382906711,-0.1528630899278952,-0.7552622846680584,"Workstation fails to boot up past the POST (Power-On Self-Test) screen, throwing a black screen error message like ""Error loading operating system,"" ""Missing operating system,"" or ""No bootable device found.""","Boot the machine using a Windows installation USB drive; open the Command Prompt interface and use the ""diskpart"" utility; select the hard drive and the primary OS partition, type the command ""active ""to flag it as bootable, and exit to reboot.",Operating Systems Management,Disk Management Utilities,CORE 2,,OPERATING SYSTEMS
W133,"Applications: Developer programs, OS/system requirements",,other,49,0.6083580370798563,-0.1578172973576031,-0.7778137305133448,"Compilation errors occur due to missing system software framework configurations, or development environments experience severe lag during code rendering processes.",Audit the current machine specifications against the developer software documentation; install required software dependency packages (such as Microsoft .NET Framework or Java Runtime Environments); upgrade physical RAM blocks to expand code execution headroom.,Operating Systems Management,System Requirements and Planning,CORE 2,,OPERATING SYSTEMS
W135,Applications: Impact on devices/computers,,other,49,0.6328243984135369,-0.1254396478378845,-0.764066865871602,"System performance drops sharply, cooling fans spin loudly, hard drive read/write activity runs continuously, or mobile devices overheat and lose battery charge quickly.","Launch Task Manager (""Ctrl + Shift + Esc"") or macOS Activity Monitor; sort the active process list by CPU, Memory, or Disk consumption columns to identify resource-heavy programs; modify startup options to prevent unneeded applications from launching in the background.",Operating Systems Management,Windows Administrative Utilities,CORE 2,,OPERATING SYSTEMS
W144,Applications: System requirements,,other,49,0.629611837236101,-0.1728021311803169,-0.757448584309009,"Severe system performance sluggishness during software installation attempts, or applications failing to open while throwing ""Insufficient memory available"" error alerts.",Check system specifications inside the Settings About panel; upgrade the physical hardware components (such as installing larger RAM sticks or replacing an old hard drive with a fast solid-state drive (SSD)) to meet or exceed the software manufacturer's recommended hardware levels.,Operating Systems Management,System Requirements and Planning,CORE 2,,OPERATING SYSTEMS
W148,"Applications: Video editing applications, OS/system requirements",,other,49,0.6046246261671931,-0.1356333073054754,-0.7848774855871202,"The system completely freezes up during video rendering processes, video preview windows frames stutter or drop during playback, or the application crashes due to running out of video memory.

",Open your graphics configuration tool and configure the operating system to run the video software exclusively on the high-performance dedicated graphics card rather than integrated graphics; install a fast solid-state drive (SSD) to hold working scratch video folders; expand the system's physical random-access memory (RAM) capacity.,Operating Systems Management,System Requirements and Planning,CORE 2,,OPERATING SYSTEMS
W46,Accessories: Warranties,,other,50,-0.2293095909130273,0.5733489823031377,-0.786567260955639,"Technicians void corporate coverage by breaking factory tamper seals during unapproved repair operations, or organizations pay out-of-pocket for expensive motherboard replacements that were actually covered under active OEM (Original Equipment Manufacturer) service contracts.",Look up the device serial number or IMEI (International Mobile Equipment Identity) string on the manufacturer's support portal to check coverage status before opening a laptop chassis; document all repair steps meticulously and use official OEM (Original Equipment Manufacturer) authorized parts to ensure corporate service agreements remain intact.,Network Infrastructure and Operational Procedures,Operational Documentation and Policies,CORE 2,,OPERATIONAL PROCEDURES
W80,"Addressing: IPv4 (Internet Protocol version 4), loopback addresses",,other,51,-0.5684233520781568,0.73826856164979,0.3631176444236522,"Running a ping command to ""127.0.0.1"" returns an error message like ""Ping request could not find host"" or ""General failure,"" indicating the operating system's software network stack is broken.","Open the Command Prompt and type ping ""127.0.0.1""; if the ping fails, reset the network configurations by running the command ""netsh int ip reset"" followed by a complete reboot of the operating system.",Network Infrastructure and Media,IP Addressing (IPv4),CORE 1,NETWORKING,
W97,"Advanced tab, Internet Options",,other,51,-0.5889673440007397,0.727404321037679,0.3521369356321875,"Workstations fail to connect to modern secure enterprise websites because legacy encryption protocols (like SSL 3.0) are active while newer, secure protocols (like TLS 1.3) are disabled inside the operating system.","Open Internet Options via the Control Panel or type ""inetcpl.cpl"" in the Run prompt; navigate to the Advanced tab; scroll down to the Security section to check the boxes for Use TLS 1.2 and Use TLS 1.3; if settings are corrupted, click the Reset button to restore browser configurations to default values.",Operating Systems Management,Windows Control Panel Applets,CORE 2,,OPERATING SYSTEMS
W121,APIPA (Automatic Private IP Addressing): IPv4 configurations,,other,51,-0.5696316188921238,0.7267441331920529,0.3838786053289111,"Running the ""ipconfig"" command reveals a local network adapter IP address starting with ""169.254.x.x"", resulting in the workstation losing local routing access past its immediate local network layer.","Verify physical network cable connectivity or wireless radio associations; check that the local area network (LAN) dynamic host configuration protocol (DHCP) server daemon is running and has available address leases left in its scope allocation; run the command sequences ""ipconfig /release"" followed by ""ipconfig /renew"" in the command prompt.",Network Infrastructure Services,IP Addressing Services (DHCP),CORE 1,NETWORKING,
W122,"APIPA (Automatic Private IP Addressing): Messages, troubleshooting",,other,51,-0.5681763861928254,0.7478447003718952,0.3433713708196005,"Network status icons showing active connectivity warnings, browser windows immediately failing to navigate out to local or wide area network (WAN) resources, or internal network connection diagnostics pointing to missing default gateway values.","Check if other local area network (LAN) client endpoints are also experiencing identical ""169.254.x.x"" configurations to isolate a server failure; check for local network switch connection or virtual local area network (VLAN) assignment mistakes; configure a temporary static IP address profile to bypass automated dynamic allocation bugs.",Network Infrastructure and Media,Troubleshooting Methodologies,CORE 1,HARDWARE & NETWORK TROUBLESHOOTING,
W48,Microsoft Azure,,other,52,0.3423412775211756,-0.8042664157854241,0.4857550639415264,"- HTTP 503 (Service Unavailable) or timeout errors when accessing hosted web apps or APIs (Application Programming Interface).
- VM (Virtual Machine) Unreachable: Inability to connect via RDP (Remote Desktop Protocol) or SSH (Secure Shell) to Azure Virtual Machines.
- Storage Access Denied: Applications fail to read/write data to Azure Blob or File storage containers.
- Resource Deployment Failures: Error codes like ""DeploymentFailed"" or ""QuotaExceeded"" when launching new infrastructure.","- Check Service Health: Review the Azure Status Dashboard and Azure Service Health in the portal for active regional outages.
- Verify Network Security Groups (NSGs): Inspect inbound/outbound security rules to ensure required traffic ports (e.g., 3389, 22, 443) are not blocked.
- Review Activity Logs: Drill into the specific resource's Azure Activity Log to inspect JSON error payloads for failed operations.
- Check Resource Quotas: Navigate to the ""Usage + quotas"" blade to verify if subscription limits have been hit, and request a quota increase if necessary.",Cloud Computing,Infrastructure as a Service (IaaS) / Platform as a Service (PaaS),CORE 2,,OPERATIONAL PROCEDURES
W123,.app files,,other,53,0.117311353512528,-0.768806659026229,-0.6286289584277726,"Double-clicking an application icon throws a ""Package corrupted"" notification prompt, or software programs fail to launch due to missing internal assets within the bundle directory.","Right-click the app file icon and select ""Show Package Contents"" to verify that internal resource assets exist; check file permission parameters inside the Terminal console application; download and replace the bundle directory file from an authenticated source.",Operating Systems Management,Operating System Features,CORE 2,,OPERATING SYSTEMS
W136,"Applications: Installing, macOS (OS X)",,other,53,0.1411797809899117,-0.7563270383981144,-0.6387782717246867,"The system throws an explicit security warning popup stating the application ""cannot be opened because it is from an unidentified developer,"" blocking the installation process.","Open System Settings > Privacy & Security; locate the security section that flags the blocked installation; click the ""Open Anyway"" button to bypass the warning; use an administrative account profile to confirm the execution override.",Operating Systems Management,Operating System Features,CORE 2,,OPERATING SYSTEMS
W146,"Applications: Uninstalling, macOS (OS X)",,other,53,0.1287999308833315,-0.7826440778151177,-0.6089982145009729,"Stale application configuration files and plist properties files remaining behind on the storage drive after deleting an application icon, taking up valuable disk space and causing performance conflicts with newer versions.","Drag the target application package out of the ""/Applications"" directory path and drop it onto the Trash icon; open the hidden user ""~/Library/Preferences"" and ""~/Library/Application Support"" directories to delete any remaining folders labeled with the vendor's name.",Operating Systems Management,Operating System Features,CORE 2,,OPERATING SYSTEMS
W95,"Administrators, Run as",,other,54,-0.4767326191777672,-0.8778982749817091,-0.0449514026037589,"A technician opens the command prompt to run system utilities like ""sfc /scannow"" or ""chkdsk"", but the utility fails to execute, returning an explicit error message stating: ""You must be an administrator running an elevated console session.""","Right-click the program shortcut icon or the Command Prompt executable, select Run as administrator from the context menu, and click ""Yes"" on the User Account Control (UAC) safety pop-up window to launch the elevated program version.",Operating Systems Management,Windows Command-Line Utilities,CORE 2,,OPERATING SYSTEMS
W100,Air filtration,,other,55,0.7693256906487107,0.5106494181207087,0.3838947166618286,"Internal server hardware components overheat, cooling fans experience mechanical failures due to heavy dust accumulation, and server heat sinks become covered in thick lint blankets, leading to thermal hardware shutdowns.","Establish a preventative maintenance schedule to inspect and replace HVAC (Heating, Ventilation, and Air Conditioning) pre-filters and server rack air filtration units quarterly; use low-pressure compressed air and anti-static vacuums to clean dust accumulations out of clogged server chassis enclosures.",Network Infrastructure and Operational Procedures,Physical Environmental Safety,CORE 2,,OPERATIONAL PROCEDURES
